week_start,store_id,product_id,opening_qty,received_qty,sold_qty,closing_qty,shrinkage_qty
2025-12-21,1,1,60,86,45,101,0
2025-12-21,1,2,84,84,72,96,2
2025-12-21,1,3,60,74,55,79,2
2025-12-21,1,4,71,71,56,86,0
2025-12-21,1,5,65,88,47,106,0
2025-12-21,1,6,50,50,42,58,1
2025-12-21,1,7,64,64,55,73,1
2025-12-21,1,8,62,91,44,109,2
2025-12-21,1,9,68,68,50,86,0
2025-12-21,1,10,57,57,41,73,0
2025-12-21,1,11,56,69,39,86,0
2025-12-21,1,12,63,63,45,81,0
2025-12-21,1,13,70,70,59,81,1
2025-12-21,1,14,65,71,51,85,0
2025-12-21,1,15,72,89,55,106,1
2025-12-21,1,16,74,77,55,96,1
2025-12-21,1,17,61,75,49,87,0
2025-12-21,1,18,81,82,61,102,1
2025-12-21,1,19,43,61,31,73,0
2025-12-21,1,20,65,77,46,96,1
2025-12-21,2,1,55,58,35,78,1
2025-12-21,2,2,42,42,23,61,0
2025-12-21,2,3,40,40,22,58,0
2025-12-21,2,4,40,55,35,60,0
2025-12-21,2,5,34,38,16,56,0
2025-12-21,2,6,52,52,35,69,0
2025-12-21,2,7,26,36,17,45,0
2025-12-21,2,8,40,52,27,65,0
2025-12-21,2,9,34,49,29,54,0
2025-12-21,2,10,36,38,25,49,0
2025-12-21,2,11,62,63,45,80,0
2025-12-21,2,12,53,53,47,59,0
2025-12-21,2,13,36,37,28,45,0
2025-12-21,2,14,55,55,42,68,1
2025-12-21,2,15,43,43,26,60,0
2025-12-21,2,16,44,50,31,63,0
2025-12-21,2,17,38,46,18,66,1
2025-12-21,2,18,42,45,26,61,0
2025-12-21,2,19,34,34,21,47,0
2025-12-21,2,20,43,63,29,77,0
2025-12-21,3,1,40,59,34,65,1
2025-12-21,3,2,56,56,37,75,0
2025-12-21,3,3,28,28,19,37,0
2025-12-21,3,4,61,64,44,81,1
2025-12-21,3,5,37,44,26,55,0
2025-12-21,3,6,51,64,37,78,0
2025-12-21,3,7,63,63,45,81,0
2025-12-21,3,8,64,80,45,99,2
2025-12-21,3,9,58,58,51,65,1
2025-12-21,3,10,41,53,35,59,0
2025-12-21,3,11,59,87,39,107,1
2025-12-21,3,12,53,56,47,62,0
2025-12-21,3,13,60,61,41,80,0
2025-12-21,3,14,54,77,45,86,1
2025-12-21,3,15,52,55,44,63,1
2025-12-21,3,16,58,86,38,106,1
2025-12-21,3,17,22,22,15,29,0
2025-12-21,3,18,58,79,44,93,1
2025-12-21,3,19,45,47,28,64,0
2025-12-21,3,20,44,44,38,50,1
2025-12-21,4,1,86,86,67,105,0
2025-12-21,4,2,64,88,57,95,2
2025-12-21,4,3,53,63,47,69,1
2025-12-21,4,4,81,115,67,129,2
2025-12-21,4,5,71,84,54,101,2
2025-12-21,4,6,47,66,42,71,0
2025-12-21,4,7,67,81,53,95,0
2025-12-21,4,8,67,67,55,79,0
2025-12-21,4,9,96,126,82,140,3
2025-12-21,4,10,51,61,42,70,1
2025-12-21,4,11,57,81,50,88,1
2025-12-21,4,12,48,65,35,78,1
2025-12-21,4,13,53,56,45,64,1
2025-12-21,4,14,60,60,44,76,0
2025-12-21,4,15,59,80,42,97,0
2025-12-21,4,16,70,84,63,91,1
2025-12-21,4,17,67,67,58,76,1
2025-12-21,4,18,73,89,55,107,1
2025-12-21,4,19,75,109,56,128,0
2025-12-21,4,20,69,69,52,86,1
2025-12-21,5,1,39,39,34,44,1
2025-12-21,5,2,46,62,35,73,1
2025-12-21,5,3,45,50,36,59,0
2025-12-21,5,4,51,51,36,66,0
2025-12-21,5,5,52,75,40,87,1
2025-12-21,5,6,43,64,37,70,0
2025-12-21,5,7,37,37,28,46,0
2025-12-21,5,8,39,53,31,61,1
2025-12-21,5,9,51,69,36,84,1
2025-12-21,5,10,42,42,22,62,0
2025-12-21,5,11,54,66,39,81,1
2025-12-21,5,12,52,61,38,75,1
2025-12-21,5,13,35,35,19,51,0
2025-12-21,5,14,37,43,32,48,0
2025-12-21,5,15,42,42,26,58,0
2025-12-21,5,16,42,42,31,53,0
2025-12-21,5,17,34,34,28,40,0
2025-12-21,5,18,43,43,25,61,0
2025-12-21,5,19,44,44,30,58,0
2025-12-21,5,20,27,29,22,34,0
2025-12-21,6,1,49,49,33,65,0
2025-12-21,6,2,59,59,41,77,1
2025-12-21,6,3,39,39,31,47,0
2025-12-21,6,4,43,43,33,53,0
2025-12-21,6,5,30,30,21,39,0
2025-12-21,6,6,56,59,36,79,1
2025-12-21,6,7,62,86,47,101,0
2025-12-21,6,8,32,32,26,38,0
2025-12-21,6,9,37,44,30,51,0
2025-12-21,6,10,44,44,33,55,0
2025-12-21,6,11,51,51,41,61,1
2025-12-21,6,12,52,53,35,70,0
2025-12-21,6,13,54,54,45,63,0
2025-12-21,6,14,52,59,38,73,0
2025-12-21,6,15,30,36,23,43,0
2025-12-21,6,16,53,53,33,73,0
2025-12-21,6,17,30,36,24,42,0
2025-12-21,6,18,44,56,34,66,0
2025-12-21,6,19,48,48,36,60,0
2025-12-21,6,20,54,71,35,90,1
2025-12-21,7,1,48,48,35,61,0
2025-12-21,7,2,55,74,43,86,2
2025-12-21,7,3,30,30,23,37,0
2025-12-21,7,4,60,86,46,100,2
2025-12-21,7,5,33,33,28,38,0
2025-12-21,7,6,63,63,44,82,0
2025-12-21,7,7,53,55,39,69,0
2025-12-21,7,8,43,43,38,48,0
2025-12-21,7,9,49,49,34,64,0
2025-12-21,7,10,61,73,41,93,0
2025-12-21,7,11,55,77,44,88,0
2025-12-21,7,12,44,44,33,55,0
2025-12-21,7,13,53,68,36,85,0
2025-12-21,7,14,61,81,48,94,0
2025-12-21,7,15,48,48,41,55,0
2025-12-21,7,16,56,66,40,82,1
2025-12-21,7,17,36,52,26,62,0
2025-12-21,7,18,53,77,34,96,1
2025-12-21,7,19,37,54,25,66,0
2025-12-21,7,20,70,70,50,90,0
2025-12-21,8,1,36,44,21,59,0
2025-12-21,8,2,45,45,36,54,0
2025-12-21,8,3,37,37,30,44,0
2025-12-21,8,4,40,59,31,68,0
2025-12-21,8,5,41,53,31,63,0
2025-12-21,8,6,50,50,37,63,0
2025-12-21,8,7,54,74,39,89,1
2025-12-21,8,8,50,59,32,77,1
2025-12-21,8,9,50,50,33,67,0
2025-12-21,8,10,37,51,22,66,1
2025-12-21,8,11,38,38,30,46,0
2025-12-21,8,12,47,47,29,65,0
2025-12-21,8,13,41,61,21,81,1
2025-12-21,8,14,44,44,32,56,0
2025-12-21,8,15,34,46,29,51,1
2025-12-21,8,16,49,49,38,60,0
2025-12-21,8,17,36,36,28,44,0
2025-12-21,8,18,35,35,29,41,0
2025-12-21,8,19,44,63,29,78,0
2025-12-21,8,20,48,60,28,80,1
2025-12-21,9,1,52,61,47,66,1
2025-12-21,9,2,71,71,54,88,0
2025-12-21,9,3,59,74,53,80,1
2025-12-21,9,4,66,78,53,91,0
2025-12-21,9,5,66,83,52,97,1
2025-12-21,9,6,65,65,51,79,0
2025-12-21,9,7,69,84,50,103,0
2025-12-21,9,8,66,78,58,86,0
2025-12-21,9,9,79,79,61,97,1
2025-12-21,9,10,79,79,65,93,2
2025-12-21,9,11,50,71,44,77,1
2025-12-21,9,12,79,110,65,124,1
2025-12-21,9,13,69,69,50,88,0
2025-12-21,9,14,64,73,50,87,0
2025-12-21,9,15,75,75,70,80,1
2025-12-21,9,16,59,59,47,71,0
2025-12-21,9,17,62,77,48,91,2
2025-12-21,9,18,69,89,50,108,1
2025-12-21,9,19,63,82,52,93,1
2025-12-21,9,20,64,64,56,72,0
2025-12-21,10,1,58,72,50,80,1
2025-12-21,10,2,89,113,75,127,2
2025-12-21,10,3,83,123,76,130,1
2025-12-21,10,4,65,65,47,83,0
2025-12-21,10,5,84,94,67,111,0
2025-12-21,10,6,54,54,42,66,0
2025-12-21,10,7,43,43,36,50,0
2025-12-21,10,8,64,72,52,84,1
2025-12-21,10,9,68,68,56,80,1
2025-12-21,10,10,69,100,53,116,2
2025-12-21,10,11,71,98,57,112,1
2025-12-21,10,12,59,59,42,76,1
2025-12-21,10,13,48,48,41,55,1
2025-12-21,10,14,60,60,55,65,1
2025-12-21,10,15,73,74,62,85,0
2025-12-21,10,16,63,69,47,85,0
2025-12-21,10,17,75,75,59,91,1
2025-12-21,10,18,62,62,51,73,1
2025-12-21,10,19,68,100,48,120,1
2025-12-21,10,20,38,42,32,48,0
2025-12-21,11,1,63,77,43,97,1
2025-12-21,11,2,51,51,37,65,1
2025-12-21,11,3,34,45,21,58,1
2025-12-21,11,4,44,53,37,60,1
2025-12-21,11,5,25,31,20,36,0
2025-12-21,11,6,44,44,38,50,0
2025-12-21,11,7,52,73,39,86,0
2025-12-21,11,8,59,85,42,102,1
2025-12-21,11,9,60,78,43,95,2
2025-12-21,11,10,56,56,38,74,1
2025-12-21,11,11,55,72,42,85,0
2025-12-21,11,12,56,56,39,73,1
2025-12-21,11,13,60,63,46,77,0
2025-12-21,11,14,41,41,33,49,0
2025-12-21,11,15,54,71,37,88,1
2025-12-21,11,16,56,58,43,71,0
2025-12-21,11,17,33,35,22,46,0
2025-12-21,11,18,49,49,30,68,1
2025-12-21,11,19,35,45,21,59,1
2025-12-21,11,20,54,54,38,70,0
2025-12-21,12,1,63,91,44,110,2
2025-12-21,12,2,56,71,47,80,0
2025-12-21,12,3,34,45,28,51,1
2025-12-21,12,4,73,107,56,124,2
2025-12-21,12,5,33,34,21,46,0
2025-12-21,12,6,51,52,37,66,0
2025-12-21,12,7,61,61,41,81,0
2025-12-21,12,8,53,58,41,70,0
2025-12-21,12,9,55,66,45,76,0
2025-12-21,12,10,53,53,42,64,1
2025-12-21,12,11,65,80,52,93,2
2025-12-21,12,12,58,79,42,95,1
2025-12-21,12,13,52,52,43,61,0
2025-12-21,12,14,62,64,45,81,1
2025-12-21,12,15,58,69,39,88,1
2025-12-21,12,16,65,66,45,86,1
2025-12-21,12,17,40,40,28,52,0
2025-12-21,12,18,44,50,36,58,0
2025-12-21,12,19,55,55,37,73,1
2025-12-21,12,20,47,62,39,70,1
2025-12-21,13,1,75,89,65,99,2
2025-12-21,13,2,86,86,76,96,0
2025-12-21,13,3,65,70,48,87,0
2025-12-21,13,4,70,71,63,78,1
2025-12-21,13,5,79,101,72,108,2
2025-12-21,13,6,78,106,60,124,1
2025-12-21,13,7,99,99,80,118,0
2025-12-21,13,8,54,54,38,70,1
2025-12-21,13,9,71,74,59,86,0
2025-12-21,13,10,73,73,54,92,1
2025-12-21,13,11,112,112,97,127,1
2025-12-21,13,12,99,142,90,151,1
2025-12-21,13,13,70,70,52,88,0
2025-12-21,13,14,59,81,54,86,0
2025-12-21,13,15,69,91,63,97,0
2025-12-21,13,16,68,101,63,106,0
2025-12-21,13,17,94,137,74,157,0
2025-12-21,13,18,90,93,72,111,1
2025-12-21,13,19,96,97,81,112,2
2025-12-21,13,20,73,73,61,85,0
2025-12-21,14,1,42,42,32,52,0
2025-12-21,14,2,44,57,35,66,1
2025-12-21,14,3,37,40,30,47,0
2025-12-21,14,4,58,58,53,63,0
2025-12-21,14,5,56,56,41,71,0
2025-12-21,14,6,54,75,47,82,1
2025-12-21,14,7,46,52,32,66,0
2025-12-21,14,8,43,55,32,66,1
2025-12-21,14,9,56,56,42,70,0
2025-12-21,14,10,38,38,31,45,0
2025-12-21,14,11,37,40,29,48,0
2025-12-21,14,12,49,49,35,63,1
2025-12-21,14,13,44,64,37,71,1
2025-12-21,14,14,55,55,47,63,0
2025-12-21,14,15,46,46,37,55,0
2025-12-21,14,16,40,58,35,63,0
2025-12-21,14,17,46,46,37,55,0
2025-12-21,14,18,62,62,47,77,0
2025-12-21,14,19,55,68,38,85,0
2025-12-21,14,20,39,47,27,59,1
2025-12-21,15,1,42,50,30,62,1
2025-12-21,15,2,44,44,29,59,0
2025-12-21,15,3,27,35,21,41,0
2025-12-21,15,4,47,47,37,57,1
2025-12-21,15,5,45,51,25,71,0
2025-12-21,15,6,33,47,23,57,0
2025-12-21,15,7,45,45,37,53,1
2025-12-21,15,8,48,48,33,63,0
2025-12-21,15,9,51,70,34,87,1
2025-12-21,15,10,33,47,25,55,1
2025-12-21,15,11,54,67,42,79,1
2025-12-21,15,12,43,60,33,70,0
2025-12-21,15,13,40,40,28,52,1
2025-12-21,15,14,40,56,30,66,0
2025-12-21,15,15,35,35,29,41,0
2025-12-21,15,16,51,51,37,65,0
2025-12-21,15,17,46,46,26,66,0
2025-12-21,15,18,45,48,28,65,0
2025-12-21,15,19,31,32,21,42,0
2025-12-21,15,20,41,46,29,58,1
2025-12-21,16,1,50,54,38,66,1
2025-12-21,16,2,55,55,46,64,0
2025-12-21,16,3,60,60,42,78,0
2025-12-21,16,4,50,50,43,57,0
2025-12-21,16,5,53,53,35,71,0
2025-12-21,16,6,71,71,53,89,1
2025-12-21,16,7,58,58,41,75,0
2025-12-21,16,8,35,35,30,40,0
2025-12-21,16,9,54,54,39,69,1
2025-12-21,16,10,49,66,33,82,0
2025-12-21,16,11,65,65,46,84,0
2025-12-21,16,12,44,44,39,49,0
2025-12-21,16,13,59,76,46,89,0
2025-12-21,16,14,54,65,42,77,0
2025-12-21,16,15,44,47,39,52,0
2025-12-21,16,16,58,60,45,73,0
2025-12-21,16,17,51,59,34,76,1
2025-12-21,16,18,61,61,41,81,1
2025-12-21,16,19,58,58,44,72,0
2025-12-21,16,20,47,57,42,62,0
2025-12-21,17,1,61,86,41,106,1
2025-12-21,17,2,69,100,59,110,1
2025-12-21,17,3,48,48,33,63,0
2025-12-21,17,4,53,58,42,69,0
2025-12-21,17,5,46,46,35,57,1
2025-12-21,17,6,70,70,51,89,0
2025-12-21,17,7,62,74,44,92,2
2025-12-21,17,8,41,57,36,62,0
2025-12-21,17,9,51,51,43,59,0
2025-12-21,17,10,48,50,33,65,0
2025-12-21,17,11,48,48,43,53,0
2025-12-21,17,12,61,71,55,77,0
2025-12-21,17,13,33,33,28,38,0
2025-12-21,17,14,49,53,41,61,1
2025-12-21,17,15,55,55,50,60,0
2025-12-21,17,16,47,60,40,67,0
2025-12-21,17,17,61,78,43,96,1
2025-12-21,17,18,52,72,39,85,1
2025-12-21,17,19,49,61,32,78,0
2025-12-21,17,20,61,81,41,101,0
2025-12-21,18,1,61,61,55,67,0
2025-12-21,18,2,73,108,61,120,1
2025-12-21,18,3,68,68,62,74,1
2025-12-21,18,4,75,85,63,97,2
2025-12-21,18,5,59,62,39,82,0
2025-12-21,18,6,56,76,51,81,2
2025-12-21,18,7,86,125,67,144,0
2025-12-21,18,8,63,80,43,100,1
2025-12-21,18,9,60,60,52,68,0
2025-12-21,18,10,74,94,63,105,1
2025-12-21,18,11,67,98,58,107,2
2025-12-21,18,12,63,78,53,88,1
2025-12-21,18,13,49,50,32,67,1
2025-12-21,18,14,58,58,49,67,1
2025-12-21,18,15,61,61,50,72,0
2025-12-21,18,16,56,61,46,71,0
2025-12-21,18,17,59,73,41,91,1
2025-12-21,18,18,74,96,61,109,0
2025-12-21,18,19,35,35,29,41,0
2025-12-21,18,20,68,68,51,85,1
2025-12-21,19,1,43,63,28,78,1
2025-12-21,19,2,56,73,40,89,1
2025-12-21,19,3,41,52,31,62,0
2025-12-21,19,4,44,63,35,72,1
2025-12-21,19,5,55,55,39,71,0
2025-12-21,19,6,58,58,41,75,0
2025-12-21,19,7,53,79,33,99,2
2025-12-21,19,8,35,43,29,49,1
2025-12-21,19,9,58,64,42,80,0
2025-12-21,19,10,34,34,26,42,0
2025-12-21,19,11,51,51,43,59,1
2025-12-21,19,12,47,47,38,56,0
2025-12-21,19,13,47,47,29,65,0
2025-12-21,19,14,43,54,37,60,1
2025-12-21,19,15,49,66,32,83,0
2025-12-21,19,16,40,58,26,72,1
2025-12-21,19,17,45,45,36,54,0
2025-12-21,19,18,55,55,39,71,1
2025-12-21,19,19,37,37,29,45,0
2025-12-21,19,20,46,56,37,65,0
2025-12-21,20,1,51,63,37,77,1
2025-12-21,20,2,58,58,40,76,1
2025-12-21,20,3,47,53,27,73,0
2025-12-21,20,4,44,56,37,63,1
2025-12-21,20,5,46,65,35,76,1
2025-12-21,20,6,62,62,48,76,0
2025-12-21,20,7,87,87,67,107,0
2025-12-21,20,8,66,92,47,111,1
2025-12-21,20,9,59,59,49,69,1
2025-12-21,20,10,55,77,35,97,2
2025-12-21,20,11,55,55,46,64,1
2025-12-21,20,12,60,74,40,94,1
2025-12-21,20,13,53,53,43,63,1
2025-12-21,20,14,59,69,42,86,0
2025-12-21,20,15,69,81,50,100,1
2025-12-21,20,16,64,92,49,107,0
2025-12-21,20,17,41,57,35,63,1
2025-12-21,20,18,35,49,30,54,0
2025-12-21,20,19,43,44,35,52,1
2025-12-21,20,20,45,50,37,58,0
2025-12-21,21,1,68,80,52,96,0
2025-12-21,21,2,53,53,33,73,0
2025-12-21,21,3,56,59,44,71,0
2025-12-21,21,4,41,41,35,47,0
2025-12-21,21,5,66,78,49,95,1
2025-12-21,21,6,73,73,54,92,2
2025-12-21,21,7,51,60,39,72,0
2025-12-21,21,8,49,57,32,74,1
2025-12-21,21,9,42,42,29,55,0
2025-12-21,21,10,39,56,24,71,1
2025-12-21,21,11,55,71,43,83,0
2025-12-21,21,12,57,76,45,88,0
2025-12-21,21,13,47,58,30,75,0
2025-12-21,21,14,61,61,48,74,1
2025-12-21,21,15,39,39,26,52,0
2025-12-21,21,16,65,65,45,85,1
2025-12-21,21,17,58,59,45,72,0
2025-12-21,21,18,54,54,38,70,0
2025-12-21,21,19,54,54,41,67,0
2025-12-21,21,20,52,65,34,83,1
2025-12-21,22,1,57,78,39,96,1
2025-12-21,22,2,67,67,47,87,1
2025-12-21,22,3,47,47,34,60,1
2025-12-21,22,4,62,87,43,106,0
2025-12-21,22,5,47,47,40,54,0
2025-12-21,22,6,56,74,37,93,1
2025-12-21,22,7,46,46,39,53,0
2025-12-21,22,8,54,66,47,73,0
2025-12-21,22,9,43,43,33,53,1
2025-12-21,22,10,41,46,28,59,1
2025-12-21,22,11,54,60,36,78,0
2025-12-21,22,12,47,48,31,64,0
2025-12-21,22,13,59,59,39,79,1
2025-12-21,22,14,57,57,39,75,1
2025-12-21,22,15,43,47,31,59,0
2025-12-21,22,16,49,50,36,63,0
2025-12-21,22,17,47,47,27,67,0
2025-12-21,22,18,47,47,38,56,0
2025-12-21,22,19,43,43,37,49,1
2025-12-21,22,20,41,55,24,72,1
2025-12-21,23,1,30,30,24,36,0
2025-12-21,23,2,52,52,37,67,1
2025-12-21,23,3,49,69,33,85,0
2025-12-21,23,4,39,45,26,58,0
2025-12-21,23,5,48,48,42,54,1
2025-12-21,23,6,52,69,36,85,0
2025-12-21,23,7,66,66,46,86,0
2025-12-21,23,8,46,46,36,56,0
2025-12-21,23,9,56,56,44,68,1
2025-12-21,23,10,44,52,35,61,0
2025-12-21,23,11,41,41,33,49,0
2025-12-21,23,12,47,55,35,67,1
2025-12-21,23,13,33,33,27,39,0
2025-12-21,23,14,48,70,37,81,1
2025-12-21,23,15,44,50,34,60,1
2025-12-21,23,16,58,81,40,99,0
2025-12-21,23,17,58,59,42,75,1
2025-12-21,23,18,45,45,32,58,1
2025-12-21,23,19,42,60,29,73,1
2025-12-21,23,20,45,45,32,58,0
2025-12-21,24,1,59,75,52,82,0
2025-12-21,24,2,76,76,62,90,0
2025-12-21,24,3,38,53,30,61,1
2025-12-21,24,4,65,72,51,86,1
2025-12-21,24,5,73,73,55,91,0
2025-12-21,24,6,51,66,42,75,0
2025-12-21,24,7,59,59,47,71,0
2025-12-21,24,8,67,88,62,93,0
2025-12-21,24,9,71,71,55,87,0
2025-12-21,24,10,62,62,48,76,0
2025-12-21,24,11,62,70,51,81,1
2025-12-21,24,12,63,63,57,69,0
2025-12-21,24,13,55,55,48,62,1
2025-12-21,24,14,92,100,77,115,0
2025-12-21,24,15,61,73,45,89,2
2025-12-21,24,16,55,80,50,85,0
2025-12-21,24,17,67,69,55,81,0
2025-12-21,24,18,51,59,42,68,0
2025-12-21,24,19,51,76,33,94,0
2025-12-21,24,20,55,75,40,90,0
2025-12-21,25,1,86,86,73,99,0
2025-12-21,25,2,82,102,70,114,2
2025-12-21,25,3,76,76,60,92,1
2025-12-21,25,4,71,103,58,116,2
2025-12-21,25,5,87,90,75,102,1
2025-12-21,25,6,86,96,80,102,2
2025-12-21,25,7,72,72,66,78,1
2025-12-21,25,8,107,145,88,164,3
2025-12-21,25,9,69,97,58,108,0
2025-12-21,25,10,91,116,74,133,2
2025-12-21,25,11,90,125,80,135,2
2025-12-21,25,12,73,73,63,83,0
2025-12-21,25,13,66,78,61,83,0
2025-12-21,25,14,77,77,72,82,1
2025-12-21,25,15,87,87,73,101,0
2025-12-21,25,16,65,95,55,105,1
2025-12-21,25,17,41,41,34,48,0
2025-12-21,25,18,61,61,55,67,1
2025-12-21,25,19,90,93,76,107,0
2025-12-21,25,20,82,91,62,111,1
2025-12-21,26,1,31,31,26,36,0
2025-12-21,26,2,43,43,37,49,0
2025-12-21,26,3,39,51,24,66,0
2025-12-21,26,4,43,43,32,54,0
2025-12-21,26,5,49,52,34,67,1
2025-12-21,26,6,30,30,25,35,0
2025-12-21,26,7,44,44,39,49,0
2025-12-21,26,8,40,50,26,64,0
2025-12-21,26,9,48,48,34,62,0
2025-12-21,26,10,46,61,41,66,0
2025-12-21,26,11,48,48,33,63,1
2025-12-21,26,12,34,34,27,41,0
2025-12-21,26,13,61,68,48,81,1
2025-12-21,26,14,52,60,38,74,0
2025-12-21,26,15,53,55,46,62,0
2025-12-21,26,16,53,53,39,67,1
2025-12-21,26,17,41,43,33,51,0
2025-12-21,26,18,45,64,32,77,1
2025-12-21,26,19,43,43,38,48,0
2025-12-21,26,20,43,44,35,52,0
2025-12-21,27,1,59,59,41,77,0
2025-12-21,27,2,60,79,42,97,1
2025-12-21,27,3,60,60,40,80,0
2025-12-21,27,4,43,53,35,61,1
2025-12-21,27,5,54,70,49,75,0
2025-12-21,27,6,50,50,35,65,1
2025-12-21,27,7,50,50,44,56,0
2025-12-21,27,8,57,57,52,62,0
2025-12-21,27,9,51,55,41,65,0
2025-12-21,27,10,55,55,46,64,0
2025-12-21,27,11,52,55,42,65,1
2025-12-21,27,12,32,40,20,52,1
2025-12-21,27,13,56,56,49,63,1
2025-12-21,27,14,63,75,43,95,1
2025-12-21,27,15,59,66,44,81,0
2025-12-21,27,16,66,66,52,80,1
2025-12-21,27,17,68,79,48,99,1
2025-12-21,27,18,48,48,35,61,1
2025-12-21,27,19,56,56,36,76,0
2025-12-21,27,20,61,80,43,98,1
2025-12-21,28,1,63,82,50,95,0
2025-12-21,28,2,60,60,48,72,0
2025-12-21,28,3,51,51,45,57,0
2025-12-21,28,4,73,73,60,86,1
2025-12-21,28,5,52,58,41,69,1
2025-12-21,28,6,60,60,46,74,1
2025-12-21,28,7,45,56,37,64,1
2025-12-21,28,8,45,63,35,73,0
2025-12-21,28,9,59,77,46,90,1
2025-12-21,28,10,55,55,49,61,0
2025-12-21,28,11,70,83,59,94,1
2025-12-21,28,12,49,49,41,57,1
2025-12-21,28,13,71,82,54,99,2
2025-12-21,28,14,59,66,52,73,1
2025-12-21,28,15,71,71,55,87,0
2025-12-21,28,16,53,64,39,78,0
2025-12-21,28,17,61,66,45,82,0
2025-12-21,28,18,63,71,43,91,0
2025-12-21,28,19,67,86,58,95,0
2025-12-21,28,20,62,88,56,94,0
2025-12-21,29,1,66,68,55,79,2
2025-12-21,29,2,55,55,46,64,0
2025-12-21,29,3,50,57,34,73,1
2025-12-21,29,4,40,40,33,47,0
2025-12-21,29,5,74,92,54,112,1
2025-12-21,29,6,48,56,42,62,1
2025-12-21,29,7,48,57,40,65,1
2025-12-21,29,8,48,48,42,54,0
2025-12-21,29,9,74,88,59,103,1
2025-12-21,29,10,59,61,44,76,1
2025-12-21,29,11,60,83,42,101,0
2025-12-21,29,12,62,62,43,81,0
2025-12-21,29,13,40,50,34,56,0
2025-12-21,29,14,71,82,61,92,0
2025-12-21,29,15,60,82,40,102,1
2025-12-21,29,16,56,80,47,89,1
2025-12-21,29,17,53,56,45,64,0
2025-12-21,29,18,52,77,47,82,0
2025-12-21,29,19,48,66,43,71,1
2025-12-21,29,20,48,63,37,74,1
2025-12-21,30,1,50,50,44,56,0
2025-12-21,30,2,52,52,41,63,0
2025-12-21,30,3,57,74,46,85,0
2025-12-21,30,4,67,67,51,83,1
2025-12-21,30,5,51,51,44,58,0
2025-12-21,30,6,50,50,40,60,0
2025-12-21,30,7,60,64,51,73,1
2025-12-21,30,8,63,68,48,83,1
2025-12-21,30,9,60,60,46,74,0
2025-12-21,30,10,41,52,31,62,1
2025-12-21,30,11,68,68,56,80,1
2025-12-21,30,12,57,84,42,99,1
2025-12-21,30,13,53,78,39,92,2
2025-12-21,30,14,68,85,53,100,2
2025-12-21,30,15,45,47,33,59,0
2025-12-21,30,16,59,59,46,72,1
2025-12-21,30,17,54,77,48,83,0
2025-12-21,30,18,63,63,47,79,1
2025-12-21,30,19,62,79,44,97,1
2025-12-21,30,20,55,55,40,70,1
2025-12-21,31,1,52,65,33,84,0
2025-12-21,31,2,51,69,37,83,1
2025-12-21,31,3,62,64,48,78,1
2025-12-21,31,4,46,54,39,61,0
2025-12-21,31,5,47,47,39,55,0
2025-12-21,31,6,62,64,46,80,0
2025-12-21,31,7,48,62,38,72,0
2025-12-21,31,8,51,63,38,76,0
2025-12-21,31,9,67,67,57,77,0
2025-12-21,31,10,52,53,44,61,0
2025-12-21,31,11,62,78,52,88,1
2025-12-21,31,12,59,59,52,66,0
2025-12-21,31,13,48,48,42,54,1
2025-12-21,31,14,63,69,51,81,1
2025-12-21,31,15,56,79,46,89,2
2025-12-21,31,16,53,66,37,82,1
2025-12-21,31,17,63,63,48,78,0
2025-12-21,31,18,64,70,49,85,0
2025-12-21,31,19,65,65,47,83,0
2025-12-21,31,20,54,54,47,61,1
2025-12-21,32,1,44,51,33,62,0
2025-12-21,32,2,53,69,40,82,1
2025-12-21,32,3,39,39,26,52,0
2025-12-21,32,4,32,35,25,42,0
2025-12-21,32,5,37,45,30,52,0
2025-12-21,32,6,44,59,29,74,0
2025-12-21,32,7,38,43,28,53,0
2025-12-21,32,8,61,65,41,85,0
2025-12-21,32,9,47,61,31,77,0
2025-12-21,32,10,29,38,24,43,0
2025-12-21,32,11,46,54,32,68,0
2025-12-21,32,12,51,51,33,69,0
2025-12-21,32,13,48,48,28,68,0
2025-12-21,32,14,48,70,32,86,1
2025-12-21,32,15,50,67,33,84,1
2025-12-21,32,16,55,57,35,77,0
2025-12-21,32,17,49,49,34,64,0
2025-12-21,32,18,38,38,18,58,0
2025-12-21,32,19,43,62,25,80,0
2025-12-21,32,20,34,46,20,60,1
2025-12-21,33,1,67,81,53,95,1
2025-12-21,33,2,56,59,42,73,0
2025-12-21,33,3,53,77,47,83,0
2025-12-21,33,4,67,82,51,98,0
2025-12-21,33,5,47,51,34,64,0
2025-12-21,33,6,58,84,46,96,0
2025-12-21,33,7,45,49,39,55,1
2025-12-21,33,8,47,47,38,56,1
2025-12-21,33,9,64,64,52,76,1
2025-12-21,33,10,48,68,43,73,1
2025-12-21,33,11,53,73,42,84,0
2025-12-21,33,12,46,64,33,77,1
2025-12-21,33,13,46,62,38,70,0
2025-12-21,33,14,60,75,41,94,1
2025-12-21,33,15,39,39,25,53,0
2025-12-21,33,16,67,89,49,107,1
2025-12-21,33,17,58,58,44,72,0
2025-12-21,33,18,59,84,47,96,0
2025-12-21,33,19,56,56,43,69,0
2025-12-21,33,20,59,80,40,99,0
2025-12-21,34,1,63,87,45,105,2
2025-12-21,34,2,45,45,36,54,0
2025-12-21,34,3,47,47,40,54,0
2025-12-21,34,4,62,62,49,75,0
2025-12-21,34,5,54,54,48,60,0
2025-12-21,34,6,41,41,34,48,0
2025-12-21,34,7,69,82,56,95,0
2025-12-21,34,8,63,63,44,82,0
2025-12-21,34,9,58,58,38,78,1
2025-12-21,34,10,46,46,38,54,0
2025-12-21,34,11,69,80,58,91,1
2025-12-21,34,12,60,60,52,68,1
2025-12-21,34,13,65,65,46,84,1
2025-12-21,34,14,69,69,55,83,0
2025-12-21,34,15,66,66,49,83,0
2025-12-21,34,16,55,55,47,63,1
2025-12-21,34,17,64,73,51,86,1
2025-12-21,34,18,55,61,49,67,1
2025-12-21,34,19,52,52,45,59,1
2025-12-21,34,20,57,81,50,88,1
2025-12-21,35,1,48,48,32,64,0
2025-12-21,35,2,45,45,31,59,1
2025-12-21,35,3,41,41,31,51,1
2025-12-21,35,4,20,20,12,28,0
2025-12-21,35,5,44,52,30,66,0
2025-12-21,35,6,47,47,38,56,1
2025-12-21,35,7,56,56,45,67,0
2025-12-21,35,8,52,76,33,95,1
2025-12-21,35,9,43,43,37,49,1
2025-12-21,35,10,44,44,30,58,0
2025-12-21,35,11,65,65,45,85,1
2025-12-21,35,12,55,79,40,94,1
2025-12-21,35,13,47,64,29,82,1
2025-12-21,35,14,63,78,49,92,1
2025-12-21,35,15,50,50,30,70,0
2025-12-21,35,16,39,52,33,58,0
2025-12-21,35,17,44,57,28,73,0
2025-12-21,35,18,66,97,58,105,1
2025-12-21,35,19,61,79,42,98,2
2025-12-21,35,20,38,39,27,50,0
2025-12-21,36,1,31,31,24,38,0
2025-12-21,36,2,51,51,39,63,1
2025-12-21,36,3,29,36,24,41,0
2025-12-21,36,4,52,67,35,84,1
2025-12-21,36,5,41,42,27,56,0
2025-12-21,36,6,42,52,33,61,0
2025-12-21,36,7,56,73,39,90,0
2025-12-21,36,8,50,50,36,64,0
2025-12-21,36,9,50,64,42,72,0
2025-12-21,36,10,52,52,33,71,0
2025-12-21,36,11,64,64,48,80,1
2025-12-21,36,12,46,46,38,54,1
2025-12-21,36,13,39,39,32,46,0
2025-12-21,36,14,53,74,36,91,1
2025-12-21,36,15,54,54,35,73,1
2025-12-21,36,16,49,70,33,86,1
2025-12-21,36,17,28,28,20,36,0
2025-12-21,36,18,60,60,40,80,0
2025-12-21,36,19,33,43,18,58,0
2025-12-21,36,20,56,69,37,88,1
2025-12-21,37,1,55,55,38,72,1
2025-12-21,37,2,84,96,70,110,1
2025-12-21,37,3,51,66,40,77,0
2025-12-21,37,4,70,70,59,81,1
2025-12-21,37,5,53,57,47,63,0
2025-12-21,37,6,70,70,63,77,1
2025-12-21,37,7,49,50,40,59,0
2025-12-21,37,8,69,75,57,87,0
2025-12-21,37,9,68,97,56,109,1
2025-12-21,37,10,59,59,50,68,0
2025-12-21,37,11,69,91,59,101,1
2025-12-21,37,12,89,89,84,94,0
2025-12-21,37,13,50,58,39,69,0
2025-12-21,37,14,72,98,64,106,2
2025-12-21,37,15,73,88,58,103,1
2025-12-21,37,16,61,61,46,76,1
2025-12-21,37,17,87,113,67,133,2
2025-12-21,37,18,90,90,74,106,2
2025-12-21,37,19,75,101,68,108,2
2025-12-21,37,20,39,54,31,62,0
2025-12-21,38,1,41,41,31,51,0
2025-12-21,38,2,40,40,27,53,1
2025-12-21,38,3,41,41,22,60,0
2025-12-21,38,4,56,56,38,74,0
2025-12-21,38,5,30,43,17,56,0
2025-12-21,38,6,40,59,28,71,0
2025-12-21,38,7,37,37,29,45,0
2025-12-21,38,8,39,52,33,58,0
2025-12-21,38,9,43,50,24,69,0
2025-12-21,38,10,32,32,23,41,0
2025-12-21,38,11,61,61,43,79,1
2025-12-21,38,12,33,33,25,41,0
2025-12-21,38,13,34,39,27,46,1
2025-12-21,38,14,45,45,26,64,0
2025-12-21,38,15,39,39,23,55,0
2025-12-21,38,16,32,35,27,40,0
2025-12-21,38,17,28,28,12,44,0
2025-12-21,38,18,52,61,33,80,1
2025-12-21,38,19,25,27,19,33,0
2025-12-21,38,20,45,60,30,75,0
2025-12-21,39,1,46,46,27,65,1
2025-12-21,39,2,47,64,32,79,0
2025-12-21,39,3,53,53,34,72,1
2025-12-21,39,4,56,82,38,100,0
2025-12-21,39,5,49,49,34,64,0
2025-12-21,39,6,34,45,27,52,0
2025-12-21,39,7,46,50,30,66,0
2025-12-21,39,8,43,50,30,63,1
2025-12-21,39,9,50,50,38,62,1
2025-12-21,39,10,49,63,40,72,0
2025-12-21,39,11,53,71,37,87,0
2025-12-21,39,12,38,38,31,45,0
2025-12-21,39,13,42,42,26,58,0
2025-12-21,39,14,47,47,34,60,0
2025-12-21,39,15,58,58,44,72,1
2025-12-21,39,16,46,58,27,77,1
2025-12-21,39,17,42,44,31,55,0
2025-12-21,39,18,43,43,27,59,0
2025-12-21,39,19,34,39,29,44,0
2025-12-21,39,20,51,75,34,92,0
2025-12-21,40,1,70,70,60,80,1
2025-12-21,40,2,67,71,60,78,0
2025-12-21,40,3,52,52,41,63,0
2025-12-21,40,4,68,74,57,85,0
2025-12-21,40,5,60,64,40,84,1
2025-12-21,40,6,58,59,48,69,1
2025-12-21,40,7,59,59,51,67,0
2025-12-21,40,8,63,79,56,86,0
2025-12-21,40,9,51,66,44,73,1
2025-12-21,40,10,50,50,45,55,1
2025-12-21,40,11,53,53,48,58,0
2025-12-21,40,12,68,86,56,98,1
2025-12-21,40,13,53,53,43,63,0
2025-12-21,40,14,63,89,57,95,1
2025-12-21,40,15,65,68,51,82,0
2025-12-21,40,16,61,61,50,72,1
2025-12-21,40,17,54,72,46,80,0
2025-12-21,40,18,66,95,49,112,0
2025-12-21,40,19,64,64,47,81,1
2025-12-21,40,20,57,57,47,67,0
2025-12-21,41,1,48,48,39,57,1
2025-12-21,41,2,47,47,28,66,0
2025-12-21,41,3,39,50,21,68,0
2025-12-21,41,4,69,89,50,108,0
2025-12-21,41,5,43,55,29,69,1
2025-12-21,41,6,64,71,47,88,1
2025-12-21,41,7,40,58,31,67,0
2025-12-21,41,8,58,74,40,92,1
2025-12-21,41,9,57,84,38,103,2
2025-12-21,41,10,51,53,31,73,1
2025-12-21,41,11,55,76,37,94,2
2025-12-21,41,12,59,59,40,78,0
2025-12-21,41,13,46,46,35,57,1
2025-12-21,41,14,55,55,39,71,1
2025-12-21,41,15,63,79,47,95,2
2025-12-21,41,16,59,59,50,68,1
2025-12-21,41,17,26,26,21,31,0
2025-12-21,41,18,45,63,34,74,0
2025-12-21,41,19,42,54,28,68,1
2025-12-21,41,20,49,70,38,81,0
2025-12-21,42,1,42,42,32,52,0
2025-12-21,42,2,47,47,36,58,0
2025-12-21,42,3,45,45,31,59,0
2025-12-21,42,4,46,46,40,52,0
2025-12-21,42,5,43,64,28,79,1
2025-12-21,42,6,54,69,37,86,0
2025-12-21,42,7,48,48,36,60,0
2025-12-21,42,8,44,44,29,59,0
2025-12-21,42,9,52,67,35,84,0
2025-12-21,42,10,39,39,22,56,0
2025-12-21,42,11,41,45,32,54,1
2025-12-21,42,12,40,40,28,52,1
2025-12-21,42,13,26,34,9,51,0
2025-12-21,42,14,57,79,42,94,1
2025-12-21,42,15,48,58,31,75,1
2025-12-21,42,16,38,38,30,46,1
2025-12-21,42,17,48,55,31,72,0
2025-12-21,42,18,47,62,31,78,0
2025-12-21,42,19,53,72,39,86,0
2025-12-21,42,20,29,34,23,40,1
2025-12-21,43,1,63,63,46,80,0
2025-12-21,43,2,65,93,59,99,2
2025-12-21,43,3,54,80,44,90,0
2025-12-21,43,4,59,74,48,85,0
2025-12-21,43,5,46,49,32,63,0
2025-12-21,43,6,62,62,53,71,1
2025-12-21,43,7,56,65,41,80,1
2025-12-21,43,8,51,62,41,72,1
2025-12-21,43,9,72,72,55,89,0
2025-12-21,43,10,32,40,19,53,0
2025-12-21,43,11,58,58,53,63,1
2025-12-21,43,12,52,67,44,75,1
2025-12-21,43,13,55,55,49,61,0
2025-12-21,43,14,67,83,56,94,0
2025-12-21,43,15,63,71,56,78,1
2025-12-21,43,16,46,51,37,60,1
2025-12-21,43,17,46,47,36,57,1
2025-12-21,43,18,49,55,41,63,0
2025-12-21,43,19,48,66,39,75,0
2025-12-21,43,20,52,60,38,74,0
2025-12-21,44,1,44,62,36,70,1
2025-12-21,44,2,57,61,40,78,0
2025-12-21,44,3,62,78,46,94,1
2025-12-21,44,4,58,58,44,72,1
2025-12-21,44,5,40,55,25,70,0
2025-12-21,44,6,51,58,37,72,1
2025-12-21,44,7,69,75,49,95,1
2025-12-21,44,8,65,65,49,81,1
2025-12-21,44,9,56,56,44,68,0
2025-12-21,44,10,44,44,36,52,1
2025-12-21,44,11,33,47,22,58,1
2025-12-21,44,12,63,63,43,83,0
2025-12-21,44,13,52,52,35,69,0
2025-12-21,44,14,56,60,44,72,0
2025-12-21,44,15,67,67,48,86,0
2025-12-21,44,16,37,37,31,43,0
2025-12-21,44,17,56,61,39,78,1
2025-12-21,44,18,56,56,44,68,0
2025-12-21,44,19,47,61,40,68,0
2025-12-21,44,20,49,60,37,72,0
2025-12-21,45,1,67,100,56,111,1
2025-12-21,45,2,68,68,62,74,1
2025-12-21,45,3,58,58,50,66,0
2025-12-21,45,4,79,79,59,99,1
2025-12-21,45,5,50,62,45,67,0
2025-12-21,45,6,59,59,43,75,1
2025-12-21,45,7,85,85,70,100,1
2025-12-21,45,8,86,121,70,137,2
2025-12-21,45,9,37,37,28,46,0
2025-12-21,45,10,64,64,57,71,0
2025-12-21,45,11,72,83,62,93,0
2025-12-21,45,12,79,79,66,92,1
2025-12-21,45,13,65,65,56,74,1
2025-12-21,45,14,38,38,22,54,1
2025-12-21,45,15,54,64,48,70,0
2025-12-21,45,16,67,97,50,114,1
2025-12-21,45,17,64,74,53,85,1
2025-12-21,45,18,66,66,46,86,0
2025-12-21,45,19,71,71,57,85,0
2025-12-21,45,20,66,84,58,92,1
2025-12-21,46,1,50,66,45,71,1
2025-12-21,46,2,54,58,45,67,0
2025-12-21,46,3,50,50,44,56,0
2025-12-21,46,4,46,46,29,63,0
2025-12-21,46,5,54,59,46,67,0
2025-12-21,46,6,66,68,56,78,0
2025-12-21,46,7,50,50,36,64,1
2025-12-21,46,8,81,82,72,91,1
2025-12-21,46,9,57,57,44,70,0
2025-12-21,46,10,61,72,43,90,0
2025-12-21,46,11,54,54,42,66,0
2025-12-21,46,12,57,57,45,69,1
2025-12-21,46,13,48,48,39,57,1
2025-12-21,46,14,38,47,33,52,0
2025-12-21,46,15,41,41,31,51,0
2025-12-21,46,16,43,46,33,56,0
2025-12-21,46,17,54,54,49,59,1
2025-12-21,46,18,60,68,41,87,1
2025-12-21,46,19,47,52,40,59,0
2025-12-21,46,20,38,51,31,58,0
2025-12-21,47,1,91,107,75,123,0
2025-12-21,47,2,64,64,58,70,1
2025-12-21,47,3,66,66,55,77,0
2025-12-21,47,4,46,50,38,58,0
2025-12-21,47,5,66,66,56,76,1
2025-12-21,47,6,89,89,71,107,1
2025-12-21,47,7,64,70,57,77,0
2025-12-21,47,8,55,55,48,62,0
2025-12-21,47,9,63,91,54,100,1
2025-12-21,47,10,54,56,45,65,1
2025-12-21,47,11,58,69,52,75,1
2025-12-21,47,12,53,53,41,65,0
2025-12-21,47,13,53,53,46,60,1
2025-12-21,47,14,68,101,53,116,2
2025-12-21,47,15,75,111,69,117,0
2025-12-21,47,16,67,67,58,76,0
2025-12-21,47,17,83,83,70,96,2
2025-12-21,47,18,44,47,26,65,1
2025-12-21,47,19,65,74,60,79,0
2025-12-21,47,20,76,76,61,91,0
2025-12-21,48,1,49,59,40,68,1
2025-12-21,48,2,42,42,31,53,1
2025-12-21,48,3,34,42,26,50,0
2025-12-21,48,4,55,55,40,70,0
2025-12-21,48,5,49,59,31,77,1
2025-12-21,48,6,52,64,46,70,0
2025-12-21,48,7,88,125,70,143,2
2025-12-21,48,8,36,50,23,63,1
2025-12-21,48,9,66,66,48,84,1
2025-12-21,48,10,54,79,44,89,0
2025-12-21,48,11,61,88,52,97,1
2025-12-21,48,12,62,85,45,102,0
2025-12-21,48,13,65,65,47,83,0
2025-12-21,48,14,51,65,46,70,0
2025-12-21,48,15,56,56,42,70,1
2025-12-21,48,16,53,76,46,83,1
2025-12-21,48,17,48,48,40,56,0
2025-12-21,48,18,75,75,57,93,2
2025-12-21,48,19,71,106,56,121,1
2025-12-21,48,20,49,58,38,69,0
2025-12-21,49,1,45,45,40,50,0
2025-12-21,49,2,60,75,44,91,1
2025-12-21,49,3,55,55,42,68,1
2025-12-21,49,4,50,50,36,64,1
2025-12-21,49,5,50,59,35,74,0
2025-12-21,49,6,48,67,38,77,0
2025-12-21,49,7,53,53,37,69,1
2025-12-21,49,8,52,52,36,68,0
2025-12-21,49,9,45,45,38,52,0
2025-12-21,49,10,32,37,25,44,0
2025-12-21,49,11,57,62,37,82,0
2025-12-21,49,12,40,40,35,45,1
2025-12-21,49,13,24,24,18,30,0
2025-12-21,49,14,62,63,46,79,0
2025-12-21,49,15,47,64,39,72,0
2025-12-21,49,16,67,90,51,106,0
2025-12-21,49,17,44,64,38,70,0
2025-12-21,49,18,52,60,43,69,0
2025-12-21,49,19,48,59,29,78,0
2025-12-21,49,20,48,48,28,68,0
2025-12-21,50,1,38,47,27,58,0
2025-12-21,50,2,49,49,29,69,0
2025-12-21,50,3,44,53,25,72,0
2025-12-21,50,4,52,52,35,69,0
2025-12-21,50,5,23,29,15,37,0
2025-12-21,50,6,45,45,38,52,0
2025-12-21,50,7,42,51,36,57,0
2025-12-21,50,8,52,57,32,77,0
2025-12-21,50,9,54,75,42,87,0
2025-12-21,50,10,52,52,32,72,0
2025-12-21,50,11,54,69,34,89,1
2025-12-21,50,12,58,58,40,76,0
2025-12-21,50,13,61,85,41,105,0
2025-12-21,50,14,44,44,36,52,0
2025-12-21,50,15,48,48,35,61,0
2025-12-21,50,16,63,63,54,72,1
2025-12-21,50,17,43,52,26,69,1
2025-12-21,50,18,41,57,25,73,0
2025-12-21,50,19,36,48,18,66,1
2025-12-21,50,20,49,49,39,59,1
2025-12-28,1,1,45,45,36,54,1
2025-12-28,1,2,93,93,86,100,2
2025-12-28,1,3,48,67,40,75,1
2025-12-28,1,4,54,67,45,76,0
2025-12-28,1,5,73,73,65,81,0
2025-12-28,1,6,55,78,50,83,1
2025-12-28,1,7,68,68,54,82,0
2025-12-28,1,8,60,60,54,66,1
2025-12-28,1,9,58,80,43,95,1
2025-12-28,1,10,68,68,48,88,1
2025-12-28,1,11,63,75,43,95,0
2025-12-28,1,12,83,84,69,98,2
2025-12-28,1,13,65,67,57,75,0
2025-12-28,1,14,99,99,79,119,1
2025-12-28,1,15,71,75,57,89,0
2025-12-28,1,16,52,74,46,80,0
2025-12-28,1,17,84,93,67,110,0
2025-12-28,1,18,64,64,55,73,0
2025-12-28,1,19,54,63,34,83,1
2025-12-28,1,20,63,73,47,89,0
2025-12-28,2,1,39,51,24,66,1
2025-12-28,2,2,50,65,33,82,0
2025-12-28,2,3,37,43,21,59,1
2025-12-28,2,4,38,38,27,49,0
2025-12-28,2,5,25,25,14,36,0
2025-12-28,2,6,54,54,34,74,1
2025-12-28,2,7,38,39,31,46,1
2025-12-28,2,8,50,50,30,70,0
2025-12-28,2,9,46,67,36,77,1
2025-12-28,2,10,54,54,36,72,1
2025-12-28,2,11,32,32,26,38,0
2025-12-28,2,12,66,73,46,93,0
2025-12-28,2,13,17,22,12,27,0
2025-12-28,2,14,47,47,41,53,0
2025-12-28,2,15,49,49,43,55,0
2025-12-28,2,16,34,50,28,56,1
2025-12-28,2,17,41,44,24,61,0
2025-12-28,2,18,42,59,26,75,0
2025-12-28,2,19,30,33,18,45,0
2025-12-28,2,20,48,48,28,68,0
2025-12-28,3,1,48,48,39,57,0
2025-12-28,3,2,39,39,33,45,0
2025-12-28,3,3,48,48,34,62,1
2025-12-28,3,4,40,52,29,63,1
2025-12-28,3,5,30,40,24,46,1
2025-12-28,3,6,60,69,42,87,1
2025-12-28,3,7,42,59,33,68,1
2025-12-28,3,8,53,53,40,66,1
2025-12-28,3,9,76,76,57,95,1
2025-12-28,3,10,50,73,35,88,0
2025-12-28,3,11,53,53,43,63,0
2025-12-28,3,12,62,62,50,74,0
2025-12-28,3,13,33,38,27,44,0
2025-12-28,3,14,55,74,39,90,0
2025-12-28,3,15,59,70,45,84,0
2025-12-28,3,16,60,87,44,103,1
2025-12-28,3,17,32,46,25,53,0
2025-12-28,3,18,65,65,52,78,1
2025-12-28,3,19,34,44,19,59,0
2025-12-28,3,20,52,61,32,81,0
2025-12-28,4,1,87,116,74,129,0
2025-12-28,4,2,72,72,67,77,1
2025-12-28,4,3,83,92,74,101,1
2025-12-28,4,4,65,65,51,79,1
2025-12-28,4,5,68,99,52,115,1
2025-12-28,4,6,66,84,56,94,2
2025-12-28,4,7,79,115,66,128,1
2025-12-28,4,8,64,64,46,82,1
2025-12-28,4,9,75,75,60,90,0
2025-12-28,4,10,55,82,42,95,2
2025-12-28,4,11,67,67,57,77,1
2025-12-28,4,12,88,98,69,117,0
2025-12-28,4,13,64,95,55,104,0
2025-12-28,4,14,68,68,53,83,0
2025-12-28,4,15,93,93,78,108,2
2025-12-28,4,16,67,82,55,94,0
2025-12-28,4,17,71,103,64,110,2
2025-12-28,4,18,80,86,64,102,0
2025-12-28,4,19,63,74,46,91,0
2025-12-28,4,20,55,58,45,68,0
2025-12-28,5,1,57,67,37,87,0
2025-12-28,5,2,45,45,30,60,0
2025-12-28,5,3,42,42,30,54,0
2025-12-28,5,4,59,59,44,74,1
2025-12-28,5,5,41,53,25,69,1
2025-12-28,5,6,49,68,32,85,1
2025-12-28,5,7,42,42,37,47,1
2025-12-28,5,8,40,40,26,54,0
2025-12-28,5,9,51,70,38,83,1
2025-12-28,5,10,48,63,34,77,1
2025-12-28,5,11,48,52,35,65,0
2025-12-28,5,12,41,43,33,51,0
2025-12-28,5,13,42,42,28,56,1
2025-12-28,5,14,42,42,30,54,1
2025-12-28,5,15,52,52,32,72,0
2025-12-28,5,16,34,34,29,39,0
2025-12-28,5,17,49,62,30,81,1
2025-12-28,5,18,49,53,31,71,0
2025-12-28,5,19,53,61,37,77,0
2025-12-28,5,20,44,47,31,60,0
2025-12-28,6,1,56,56,36,76,0
2025-12-28,6,2,32,38,26,44,0
2025-12-28,6,3,44,44,31,57,0
2025-12-28,6,4,49,49,38,60,1
2025-12-28,6,5,56,56,36,76,0
2025-12-28,6,6,33,33,27,39,0
2025-12-28,6,7,51,51,34,68,0
2025-12-28,6,8,41,60,30,71,1
2025-12-28,6,9,60,74,47,87,0
2025-12-28,6,10,46,59,30,75,0
2025-12-28,6,11,32,35,16,51,0
2025-12-28,6,12,42,42,29,55,0
2025-12-28,6,13,45,67,25,87,0
2025-12-28,6,14,40,40,34,46,0
2025-12-28,6,15,43,43,35,51,0
2025-12-28,6,16,32,32,27,37,0
2025-12-28,6,17,52,57,36,73,0
2025-12-28,6,18,61,76,50,87,1
2025-12-28,6,19,41,41,34,48,0
2025-12-28,6,20,30,30,25,35,0
2025-12-28,7,1,50,64,39,75,0
2025-12-28,7,2,55,55,37,73,1
2025-12-28,7,3,42,42,22,62,0
2025-12-28,7,4,56,56,39,73,1
2025-12-28,7,5,38,47,23,62,1
2025-12-28,7,6,58,58,39,77,0
2025-12-28,7,7,57,69,40,86,0
2025-12-28,7,8,51,51,31,71,0
2025-12-28,7,9,50,52,45,57,0
2025-12-28,7,10,57,67,41,83,0
2025-12-28,7,11,49,54,39,64,1
2025-12-28,7,12,48,48,41,55,1
2025-12-28,7,13,50,69,38,81,1
2025-12-28,7,14,39,39,23,55,0
2025-12-28,7,15,44,57,32,69,0
2025-12-28,7,16,59,69,41,87,0
2025-12-28,7,17,27,32,22,37,0
2025-12-28,7,18,56,56,38,74,0
2025-12-28,7,19,34,49,21,62,0
2025-12-28,7,20,52,63,44,71,1
2025-12-28,8,1,32,34,27,39,0
2025-12-28,8,2,53,58,34,77,1
2025-12-28,8,3,33,33,26,40,0
2025-12-28,8,4,51,53,32,72,0
2025-12-28,8,5,45,51,40,56,0
2025-12-28,8,6,41,52,25,68,0
2025-12-28,8,7,54,67,35,86,1
2025-12-28,8,8,46,46,39,53,0
2025-12-28,8,9,56,56,51,61,1
2025-12-28,8,10,36,41,25,52,0
2025-12-28,8,11,54,54,34,74,0
2025-12-28,8,12,50,71,33,88,0
2025-12-28,8,13,35,37,22,50,0
2025-12-28,8,14,43,55,29,69,0
2025-12-28,8,15,34,34,29,39,0
2025-12-28,8,16,44,53,37,60,0
2025-12-28,8,17,33,33,28,38,0
2025-12-28,8,18,45,51,31,65,0
2025-12-28,8,19,50,65,40,75,1
2025-12-28,8,20,37,37,24,50,0
2025-12-28,9,1,75,82,58,99,2
2025-12-28,9,2,59,59,51,67,1
2025-12-28,9,3,55,64,48,71,1
2025-12-28,9,4,59,86,52,93,1
2025-12-28,9,5,68,72,58,82,0
2025-12-28,9,6,58,82,51,89,1
2025-12-28,9,7,65,71,46,90,1
2025-12-28,9,8,56,78,38,96,2
2025-12-28,9,9,55,69,47,77,2
2025-12-28,9,10,71,96,54,113,0
2025-12-28,9,11,47,47,39,55,1
2025-12-28,9,12,75,75,60,90,1
2025-12-28,9,13,65,84,45,104,0
2025-12-28,9,14,74,86,61,99,0
2025-12-28,9,15,63,63,49,77,1
2025-12-28,9,16,55,55,46,64,0
2025-12-28,9,17,58,58,53,63,1
2025-12-28,9,18,79,95,63,111,1
2025-12-28,9,19,72,72,52,92,0
2025-12-28,9,20,71,84,58,97,0
2025-12-28,10,1,47,64,42,69,1
2025-12-28,10,2,69,82,52,99,1
2025-12-28,10,3,79,98,69,108,0
2025-12-28,10,4,79,112,72,119,1
2025-12-28,10,5,52,58,44,66,0
2025-12-28,10,6,84,84,64,104,1
2025-12-28,10,7,69,103,50,122,1
2025-12-28,10,8,56,81,42,95,2
2025-12-28,10,9,69,69,50,88,0
2025-12-28,10,10,74,74,64,84,0
2025-12-28,10,11,65,93,51,107,1
2025-12-28,10,12,59,70,49,80,2
2025-12-28,10,13,83,120,63,140,1
2025-12-28,10,14,59,61,45,75,0
2025-12-28,10,15,64,94,55,103,0
2025-12-28,10,16,71,71,55,87,0
2025-12-28,10,17,71,98,52,117,0
2025-12-28,10,18,52,68,46,74,1
2025-12-28,10,19,58,58,52,64,0
2025-12-28,10,20,52,70,34,88,1
2025-12-28,11,1,51,58,38,71,1
2025-12-28,11,2,65,92,49,108,2
2025-12-28,11,3,34,34,21,47,0
2025-12-28,11,4,38,51,32,57,1
2025-12-28,11,5,38,50,23,65,0
2025-12-28,11,6,49,55,41,63,1
2025-12-28,11,7,67,94,48,113,0
2025-12-28,11,8,53,74,35,92,0
2025-12-28,11,9,68,76,53,91,0
2025-12-28,11,10,46,60,40,66,1
2025-12-28,11,11,51,51,37,65,0
2025-12-28,11,12,45,45,37,53,1
2025-12-28,11,13,56,72,36,92,2
2025-12-28,11,14,51,51,46,56,1
2025-12-28,11,15,45,45,31,59,0
2025-12-28,11,16,49,68,38,79,0
2025-12-28,11,17,38,50,30,58,0
2025-12-28,11,18,40,53,35,58,1
2025-12-28,11,19,28,28,23,33,0
2025-12-28,11,20,39,39,34,44,1
2025-12-28,12,1,40,43,32,51,1
2025-12-28,12,2,63,88,49,102,0
2025-12-28,12,3,36,47,23,60,0
2025-12-28,12,4,66,79,49,96,2
2025-12-28,12,5,32,44,12,64,1
2025-12-28,12,6,65,73,52,86,0
2025-12-28,12,7,49,64,29,84,0
2025-12-28,12,8,31,31,23,39,0
2025-12-28,12,9,66,75,48,93,2
2025-12-28,12,10,52,66,41,77,1
2025-12-28,12,11,59,59,49,69,0
2025-12-28,12,12,58,65,49,74,0
2025-12-28,12,13,67,94,49,112,0
2025-12-28,12,14,48,48,41,55,0
2025-12-28,12,15,70,70,58,82,0
2025-12-28,12,16,60,60,47,73,1
2025-12-28,12,17,44,57,31,70,0
2025-12-28,12,18,60,60,41,79,1
2025-12-28,12,19,44,61,29,76,0
2025-12-28,12,20,55,77,45,87,1
2025-12-28,13,1,97,100,79,118,2
2025-12-28,13,2,68,70,53,85,2
2025-12-28,13,3,81,81,68,94,1
2025-12-28,13,4,89,89,72,106,2
2025-12-28,13,5,95,121,78,138,2
2025-12-28,13,6,78,105,61,122,2
2025-12-28,13,7,62,62,54,70,0
2025-12-28,13,8,73,107,57,123,1
2025-12-28,13,9,66,66,56,76,1
2025-12-28,13,10,74,102,54,122,1
2025-12-28,13,11,99,141,91,149,1
2025-12-28,13,12,91,91,71,111,2
2025-12-28,13,13,70,91,56,105,1
2025-12-28,13,14,116,116,99,133,2
2025-12-28,13,15,87,91,75,103,1
2025-12-28,13,16,81,81,69,93,1
2025-12-28,13,17,84,86,73,97,1
2025-12-28,13,18,97,130,81,146,1
2025-12-28,13,19,69,92,57,104,0
2025-12-28,13,20,100,107,88,119,0
2025-12-28,14,1,45,45,35,55,0
2025-12-28,14,2,57,57,41,73,0
2025-12-28,14,3,53,53,36,70,0
2025-12-28,14,4,55,55,37,73,1
2025-12-28,14,5,42,50,35,57,1
2025-12-28,14,6,46,62,36,72,1
2025-12-28,14,7,65,65,45,85,0
2025-12-28,14,8,39,39,29,49,0
2025-12-28,14,9,50,50,37,63,1
2025-12-28,14,10,43,59,27,75,0
2025-12-28,14,11,46,54,37,63,1
2025-12-28,14,12,37,53,31,59,1
2025-12-28,14,13,56,81,41,96,1
2025-12-28,14,14,59,59,39,79,0
2025-12-28,14,15,76,99,59,116,0
2025-12-28,14,16,50,50,30,70,0
2025-12-28,14,17,40,44,34,50,1
2025-12-28,14,18,44,56,29,71,0
2025-12-28,14,19,48,61,30,79,0
2025-12-28,14,20,37,52,27,62,0
2025-12-28,15,1,22,31,11,42,0
2025-12-28,15,2,51,75,41,85,0
2025-12-28,15,3,36,44,18,62,1
2025-12-28,15,4,44,44,27,61,1
2025-12-28,15,5,39,39,20,58,0
2025-12-28,15,6,42,42,27,57,1
2025-12-28,15,7,50,50,37,63,1
2025-12-28,15,8,53,53,36,70,1
2025-12-28,15,9,34,41,28,47,1
2025-12-28,15,10,62,62,52,72,1
2025-12-28,15,11,42,50,32,60,1
2025-12-28,15,12,39,44,25,58,1
2025-12-28,15,13,42,42,27,57,0
2025-12-28,15,14,38,52,30,60,0
2025-12-28,15,15,48,48,31,65,0
2025-12-28,15,16,57,61,38,80,0
2025-12-28,15,17,40,59,23,76,0
2025-12-28,15,18,37,55,25,67,1
2025-12-28,15,19,37,39,18,58,0
2025-12-28,15,20,37,46,26,57,1
2025-12-28,16,1,69,69,51,87,0
2025-12-28,16,2,59,59,41,77,0
2025-12-28,16,3,53,53,34,72,0
2025-12-28,16,4,61,61,50,72,0
2025-12-28,16,5,55,68,49,74,0
2025-12-28,16,6,53,63,37,79,1
2025-12-28,16,7,55,56,45,66,1
2025-12-28,16,8,45,66,33,78,0
2025-12-28,16,9,51,59,32,78,1
2025-12-28,16,10,50,50,43,57,1
2025-12-28,16,11,42,42,35,49,0
2025-12-28,16,12,58,58,45,71,0
2025-12-28,16,13,58,73,46,85,2
2025-12-28,16,14,48,48,41,55,1
2025-12-28,16,15,58,58,41,75,1
2025-12-28,16,16,52,65,34,83,0
2025-12-28,16,17,55,78,36,97,1
2025-12-28,16,18,52,52,45,59,1
2025-12-28,16,19,73,73,65,81,2
2025-12-28,16,20,61,81,43,99,0
2025-12-28,17,1,43,54,32,65,1
2025-12-28,17,2,57,57,38,76,0
2025-12-28,17,3,42,53,34,61,0
2025-12-28,17,4,45,45,31,59,0
2025-12-28,17,5,54,54,48,60,1
2025-12-28,17,6,65,81,49,97,2
2025-12-28,17,7,62,62,42,82,0
2025-12-28,17,8,55,56,39,72,0
2025-12-28,17,9,51,52,34,69,0
2025-12-28,17,10,23,23,14,32,0
2025-12-28,17,11,66,69,46,89,0
2025-12-28,17,12,56,75,36,95,0
2025-12-28,17,13,46,54,28,72,0
2025-12-28,17,14,59,59,39,79,0
2025-12-28,17,15,49,59,34,74,0
2025-12-28,17,16,45,66,36,75,1
2025-12-28,17,17,47,47,42,52,0
2025-12-28,17,18,46,46,33,59,0
2025-12-28,17,19,66,66,46,86,0
2025-12-28,17,20,62,84,51,95,2
2025-12-28,18,1,62,69,51,80,0
2025-12-28,18,2,58,58,47,69,1
2025-12-28,18,3,61,64,52,73,0
2025-12-28,18,4,62,78,51,89,0
2025-12-28,18,5,55,66,50,71,0
2025-12-28,18,6,50,54,41,63,0
2025-12-28,18,7,62,91,46,107,1
2025-12-28,18,8,73,91,56,108,0
2025-12-28,18,9,62,62,50,74,1
2025-12-28,18,10,68,68,51,85,1
2025-12-28,18,11,67,67,61,73,0
2025-12-28,18,12,68,69,58,79,0
2025-12-28,18,13,68,68,51,85,1
2025-12-28,18,14,65,68,51,82,1
2025-12-28,18,15,76,102,59,119,2
2025-12-28,18,16,54,76,43,87,0
2025-12-28,18,17,70,70,56,84,1
2025-12-28,18,18,58,83,48,93,1
2025-12-28,18,19,68,95,60,103,1
2025-12-28,18,20,64,64,54,74,1
2025-12-28,19,1,38,53,32,59,0
2025-12-28,19,2,43,60,38,65,0
2025-12-28,19,3,35,44,30,49,0
2025-12-28,19,4,55,55,37,73,1
2025-12-28,19,5,46,46,35,57,0
2025-12-28,19,6,64,85,44,105,1
2025-12-28,19,7,43,43,33,53,0
2025-12-28,19,8,51,51,34,68,1
2025-12-28,19,9,46,46,28,64,0
2025-12-28,19,10,46,64,36,74,1
2025-12-28,19,11,42,62,33,71,1
2025-12-28,19,12,36,40,30,46,0
2025-12-28,19,13,54,58,39,73,1
2025-12-28,19,14,56,70,38,88,0
2025-12-28,19,15,40,56,35,61,1
2025-12-28,19,16,52,52,35,69,0
2025-12-28,19,17,34,34,27,41,0
2025-12-28,19,18,52,62,32,82,1
2025-12-28,19,19,61,84,41,104,1
2025-12-28,19,20,38,38,33,43,0
2025-12-28,20,1,65,84,48,101,2
2025-12-28,20,2,49,58,38,69,1
2025-12-28,20,3,52,69,35,86,1
2025-12-28,20,4,61,61,42,80,0
2025-12-28,20,5,41,54,31,64,0
2025-12-28,20,6,57,76,38,95,0
2025-12-28,20,7,46,48,41,53,1
2025-12-28,20,8,62,62,55,69,1
2025-12-28,20,9,56,56,47,65,0
2025-12-28,20,10,57,61,44,74,1
2025-12-28,20,11,72,72,56,88,0
2025-12-28,20,12,72,88,61,99,0
2025-12-28,20,13,40,40,33,47,0
2025-12-28,20,14,77,105,59,123,0
2025-12-28,20,15,58,58,41,75,1
2025-12-28,20,16,51,55,42,64,0
2025-12-28,20,17,38,41,24,55,0
2025-12-28,20,18,47,47,41,53,0
2025-12-28,20,19,46,51,26,71,1
2025-12-28,20,20,56,60,47,69,0
2025-12-28,21,1,48,69,35,82,1
2025-12-28,21,2,48,65,37,76,0
2025-12-28,21,3,42,56,33,65,0
2025-12-28,21,4,64,74,45,93,1
2025-12-28,21,5,62,62,47,77,0
2025-12-28,21,6,48,48,33,63,0
2025-12-28,21,7,60,66,47,79,0
2025-12-28,21,8,47,47,38,56,1
2025-12-28,21,9,54,54,36,72,0
2025-12-28,21,10,41,41,23,59,0
2025-12-28,21,11,64,72,53,83,0
2025-12-28,21,12,49,49,41,57,0
2025-12-28,21,13,51,53,34,70,1
2025-12-28,21,14,58,81,47,92,1
2025-12-28,21,15,57,67,38,86,1
2025-12-28,21,16,53,53,42,64,0
2025-12-28,21,17,40,48,28,60,1
2025-12-28,21,18,54,54,36,72,0
2025-12-28,21,19,48,66,37,77,0
2025-12-28,21,20,38,38,32,44,0
2025-12-28,22,1,40,40,30,50,0
2025-12-28,22,2,51,51,39,63,0
2025-12-28,22,3,40,51,24,67,1
2025-12-28,22,4,44,44,35,53,1
2025-12-28,22,5,46,46,27,65,0
2025-12-28,22,6,44,44,27,61,0
2025-12-28,22,7,53,77,34,96,0
2025-12-28,22,8,54,54,36,72,0
2025-12-28,22,9,48,50,39,59,1
2025-12-28,22,10,43,46,30,59,0
2025-12-28,22,11,51,72,42,81,0
2025-12-28,22,12,46,46,28,64,1
2025-12-28,22,13,38,38,31,45,1
2025-12-28,22,14,31,31,15,47,0
2025-12-28,22,15,40,56,32,64,0
2025-12-28,22,16,42,62,35,69,1
2025-12-28,22,17,36,36,27,45,0
2025-12-28,22,18,52,69,34,87,0
2025-12-28,22,19,51,73,41,83,0
2025-12-28,22,20,48,70,28,90,1
2025-12-28,23,1,43,57,30,70,0
2025-12-28,23,2,54,59,40,73,0
2025-12-28,23,3,47,53,38,62,0
2025-12-28,23,4,71,81,53,99,0
2025-12-28,23,5,56,75,39,92,1
2025-12-28,23,6,47,55,30,72,1
2025-12-28,23,7,45,45,38,52,0
2025-12-28,23,8,37,55,28,64,0
2025-12-28,23,9,40,40,33,47,0
2025-12-28,23,10,50,68,43,75,0
2025-12-28,23,11,46,50,38,58,0
2025-12-28,23,12,65,67,48,84,1
2025-12-28,23,13,49,49,40,58,1
2025-12-28,23,14,54,56,34,76,1
2025-12-28,23,15,53,75,42,86,0
2025-12-28,23,16,56,59,41,74,1
2025-12-28,23,17,48,48,38,58,1
2025-12-28,23,18,41,41,32,50,1
2025-12-28,23,19,46,46,30,62,1
2025-12-28,23,20,35,39,22,52,1
2025-12-28,24,1,58,61,52,67,1
2025-12-28,24,2,78,106,58,126,1
2025-12-28,24,3,70,74,58,86,1
2025-12-28,24,4,63,63,57,69,0
2025-12-28,24,5,43,47,37,53,0
2025-12-28,24,6,68,78,51,95,1
2025-12-28,24,7,62,62,49,75,0
2025-12-28,24,8,55,55,41,69,0
2025-12-28,24,9,77,101,69,109,1
2025-12-28,24,10,67,89,54,102,0
2025-12-28,24,11,79,85,68,96,1
2025-12-28,24,12,74,74,57,91,1
2025-12-28,24,13,93,112,78,127,0
2025-12-28,24,14,68,82,52,98,2
2025-12-28,24,15,81,81,66,96,1
2025-12-28,24,16,59,81,53,87,0
2025-12-28,24,17,82,82,62,102,0
2025-12-28,24,18,65,65,57,73,0
2025-12-28,24,19,36,36,29,43,0
2025-12-28,24,20,60,85,46,99,0
2025-12-28,25,1,48,58,41,65,0
2025-12-28,25,2,83,85,67,101,0
2025-12-28,25,3,64,77,56,85,0
2025-12-28,25,4,82,122,70,134,1
2025-12-28,25,5,57,57,45,69,1
2025-12-28,25,6,71,101,53,119,0
2025-12-28,25,7,92,92,72,112,1
2025-12-28,25,8,84,123,76,131,2
2025-12-28,25,9,95,110,87,118,2
2025-12-28,25,10,86,90,73,103,1
2025-12-28,25,11,74,80,62,92,1
2025-12-28,25,12,88,88,74,102,1
2025-12-28,25,13,79,79,60,98,1
2025-12-28,25,14,87,87,78,96,1
2025-12-28,25,15,90,116,76,130,1
2025-12-28,25,16,84,100,74,110,0
2025-12-28,25,17,87,87,72,102,0
2025-12-28,25,18,61,73,50,84,2
2025-12-28,25,19,75,75,63,87,0
2025-12-28,25,20,73,91,68,96,2
2025-12-28,26,1,48,61,29,80,0
2025-12-28,26,2,48,48,37,59,0
2025-12-28,26,3,40,40,28,52,0
2025-12-28,26,4,62,62,54,70,1
2025-12-28,26,5,48,54,29,73,1
2025-12-28,26,6,41,52,35,58,0
2025-12-28,26,7,38,38,29,47,0
2025-12-28,26,8,47,47,29,65,1
2025-12-28,26,9,54,54,36,72,0
2025-12-28,26,10,41,52,28,65,1
2025-12-28,26,11,54,76,39,91,2
2025-12-28,26,12,54,54,35,73,0
2025-12-28,26,13,54,72,46,80,0
2025-12-28,26,14,57,81,40,98,1
2025-12-28,26,15,36,36,27,45,0
2025-12-28,26,16,42,42,35,49,0
2025-12-28,26,17,40,50,28,62,0
2025-12-28,26,18,47,50,32,65,1
2025-12-28,26,19,42,42,37,47,0
2025-12-28,26,20,40,42,32,50,0
2025-12-28,27,1,49,63,35,77,0
2025-12-28,27,2,70,78,50,98,0
2025-12-28,27,3,61,65,44,82,0
2025-12-28,27,4,64,64,57,71,1
2025-12-28,27,5,51,56,38,69,0
2025-12-28,27,6,52,53,46,59,0
2025-12-28,27,7,55,55,45,65,1
2025-12-28,27,8,40,40,35,45,1
2025-12-28,27,9,59,65,47,77,1
2025-12-28,27,10,45,45,38,52,0
2025-12-28,27,11,63,64,49,78,0
2025-12-28,27,12,58,58,40,76,1
2025-12-28,27,13,59,85,43,101,0
2025-12-28,27,14,65,65,49,81,0
2025-12-28,27,15,44,57,39,62,0
2025-12-28,27,16,58,71,52,77,0
2025-12-28,27,17,53,53,37,69,0
2025-12-28,27,18,72,80,53,99,1
2025-12-28,27,19,52,56,41,67,1
2025-12-28,27,20,67,100,52,115,2
2025-12-28,28,1,72,95,57,110,0
2025-12-28,28,2,86,104,66,124,2
2025-12-28,28,3,62,87,57,92,1
2025-12-28,28,4,59,79,52,86,1
2025-12-28,28,5,68,68,48,88,0
2025-12-28,28,6,62,62,53,71,0
2025-12-28,28,7,63,63,49,77,1
2025-12-28,28,8,52,58,46,64,1
2025-12-28,28,9,53,59,47,65,0
2025-12-28,28,10,46,67,38,75,0
2025-12-28,28,11,68,78,50,96,1
2025-12-28,28,12,61,61,48,74,0
2025-12-28,28,13,51,51,40,62,1
2025-12-28,28,14,61,61,53,69,0
2025-12-28,28,15,91,105,77,119,2
2025-12-28,28,16,68,89,50,107,1
2025-12-28,28,17,71,71,52,90,0
2025-12-28,28,18,65,65,56,74,0
2025-12-28,28,19,58,84,47,95,0
2025-12-28,28,20,36,36,30,42,1
2025-12-28,29,1,68,68,57,79,1
2025-12-28,29,2,60,73,44,89,1
2025-12-28,29,3,72,106,64,114,1
2025-12-28,29,4,60,70,43,87,1
2025-12-28,29,5,57,57,40,74,1
2025-12-28,29,6,44,57,35,66,0
2025-12-28,29,7,71,96,66,101,2
2025-12-28,29,8,48,48,42,54,0
2025-12-28,29,9,47,47,42,52,0
2025-12-28,29,10,56,56,41,71,0
2025-12-28,29,11,65,78,47,96,0
2025-12-28,29,12,60,60,46,74,1
2025-12-28,29,13,74,94,54,114,2
2025-12-28,29,14,73,73,62,84,0
2025-12-28,29,15,51,70,40,81,0
2025-12-28,29,16,52,52,37,67,0
2025-12-28,29,17,53,53,39,67,1
2025-12-28,29,18,55,55,42,68,0
2025-12-28,29,19,61,86,52,95,1
2025-12-28,29,20,65,65,55,75,1
2025-12-28,30,1,62,62,43,81,1
2025-12-28,30,2,62,70,52,80,0
2025-12-28,30,3,57,75,37,95,1
2025-12-28,30,4,47,48,41,54,0
2025-12-28,30,5,52,52,42,62,0
2025-12-28,30,6,79,91,62,108,1
2025-12-28,30,7,64,94,47,111,2
2025-12-28,30,8,57,75,43,89,2
2025-12-28,30,9,57,69,43,83,1
2025-12-28,30,10,55,55,48,62,0
2025-12-28,30,11,62,62,43,81,0
2025-12-28,30,12,54,54,44,64,0
2025-12-28,30,13,57,78,48,87,1
2025-12-28,30,14,56,61,45,72,1
2025-12-28,30,15,59,72,54,77,1
2025-12-28,30,16,45,45,39,51,0
2025-12-28,30,17,56,56,43,69,0
2025-12-28,30,18,50,60,40,70,0
2025-12-28,30,19,53,73,41,85,2
2025-12-28,30,20,53,75,43,85,0
2025-12-28,31,1,54,54,42,66,1
2025-12-28,31,2,65,77,60,82,1
2025-12-28,31,3,57,82,50,89,1
2025-12-28,31,4,54,54,42,66,1
2025-12-28,31,5,51,69,36,84,0
2025-12-28,31,6,40,40,32,48,1
2025-12-28,31,7,35,35,27,43,0
2025-12-28,31,8,52,65,44,73,1
2025-12-28,31,9,44,44,35,53,0
2025-12-28,31,10,61,63,43,81,1
2025-12-28,31,11,59,59,46,72,0
2025-12-28,31,12,55,70,40,85,0
2025-12-28,31,13,51,75,43,83,0
2025-12-28,31,14,48,48,42,54,0
2025-12-28,31,15,63,63,56,70,0
2025-12-28,31,16,51,51,43,59,0
2025-12-28,31,17,51,56,42,65,1
2025-12-28,31,18,50,60,36,74,0
2025-12-28,31,19,53,53,37,69,0
2025-12-28,31,20,31,39,23,47,0
2025-12-28,32,1,20,20,13,27,0
2025-12-28,32,2,51,51,32,70,1
2025-12-28,32,3,37,52,27,62,0
2025-12-28,32,4,51,51,34,68,0
2025-12-28,32,5,40,40,32,48,0
2025-12-28,32,6,40,40,29,51,0
2025-12-28,32,7,65,79,50,94,1
2025-12-28,32,8,42,53,26,69,0
2025-12-28,32,9,54,54,36,72,0
2025-12-28,32,10,45,52,32,65,0
2025-12-28,32,11,53,53,34,72,0
2025-12-28,32,12,48,61,28,81,1
2025-12-28,32,13,38,38,26,50,0
2025-12-28,32,14,40,40,29,51,0
2025-12-28,32,15,50,50,31,69,1
2025-12-28,32,16,51,73,34,90,2
2025-12-28,32,17,43,43,28,58,1
2025-12-28,32,18,34,34,27,41,0
2025-12-28,32,19,42,42,37,47,0
2025-12-28,32,20,49,61,38,72,1
2025-12-28,33,1,43,43,35,51,0
2025-12-28,33,2,54,54,48,60,1
2025-12-28,33,3,54,66,39,81,1
2025-12-28,33,4,55,55,49,61,0
2025-12-28,33,5,39,39,31,47,0
2025-12-28,33,6,48,55,43,60,0
2025-12-28,33,7,79,108,62,125,2
2025-12-28,33,8,66,66,50,82,0
2025-12-28,33,9,58,58,42,74,0
2025-12-28,33,10,66,78,50,94,1
2025-12-28,33,11,50,52,43,59,0
2025-12-28,33,12,49,49,41,57,1
2025-12-28,33,13,64,64,50,78,0
2025-12-28,33,14,50,50,31,69,0
2025-12-28,33,15,50,50,34,66,1
2025-12-28,33,16,39,52,31,60,0
2025-12-28,33,17,63,71,57,77,1
2025-12-28,33,18,83,83,64,102,1
2025-12-28,33,19,58,58,44,72,0
2025-12-28,33,20,47,49,31,65,0
2025-12-28,34,1,52,61,41,72,1
2025-12-28,34,2,55,75,43,87,1
2025-12-28,34,3,44,57,39,62,0
2025-12-28,34,4,59,80,52,87,1
2025-12-28,34,5,55,55,48,62,0
2025-12-28,34,6,63,90,43,110,1
2025-12-28,34,7,63,63,45,81,0
2025-12-28,34,8,61,61,49,73,0
2025-12-28,34,9,47,54,33,68,1
2025-12-28,34,10,48,67,38,77,1
2025-12-28,34,11,73,73,55,91,1
2025-12-28,34,12,52,52,45,59,1
2025-12-28,34,13,60,85,41,104,0
2025-12-28,34,14,58,83,44,97,2
2025-12-28,34,15,55,61,39,77,0
2025-12-28,34,16,29,29,24,34,0
2025-12-28,34,17,57,65,40,82,0
2025-12-28,34,18,70,86,50,106,2
2025-12-28,34,19,59,68,42,85,1
2025-12-28,34,20,50,63,38,75,1
2025-12-28,35,1,50,50,38,62,1
2025-12-28,35,2,47,62,39,70,1
2025-12-28,35,3,47,66,41,72,1
2025-12-28,35,4,44,63,31,76,0
2025-12-28,35,5,48,48,33,63,1
2025-12-28,35,6,38,38,29,47,1
2025-12-28,35,7,50,59,38,71,0
2025-12-28,35,8,49,57,30,76,0
2025-12-28,35,9,56,56,38,74,1
2025-12-28,35,10,50,50,37,63,0
2025-12-28,35,11,58,75,45,88,0
2025-12-28,35,12,51,51,37,65,0
2025-12-28,35,13,44,57,37,64,0
2025-12-28,35,14,43,59,38,64,0
2025-12-28,35,15,45,53,30,68,0
2025-12-28,35,16,56,70,44,82,1
2025-12-28,35,17,41,41,34,48,1
2025-12-28,35,18,50,74,30,94,2
2025-12-28,35,19,39,53,27,65,1
2025-12-28,35,20,44,44,35,53,0
2025-12-28,36,1,62,69,48,83,0
2025-12-28,36,2,53,55,35,73,0
2025-12-28,36,3,39,40,24,55,0
2025-12-28,36,4,38,49,24,63,0
2025-12-28,36,5,40,40,24,56,0
2025-12-28,36,6,41,41,27,55,0
2025-12-28,36,7,53,77,43,87,0
2025-12-28,36,8,62,73,47,88,0
2025-12-28,36,9,58,86,41,103,2
2025-12-28,36,10,54,68,34,88,0
2025-12-28,36,11,62,89,43,108,2
2025-12-28,36,12,45,54,35,64,0
2025-12-28,36,13,50,50,30,70,1
2025-12-28,36,14,50,50,40,60,0
2025-12-28,36,15,49,68,34,83,1
2025-12-28,36,16,59,59,40,78,0
2025-12-28,36,17,47,58,27,78,1
2025-12-28,36,18,41,50,29,62,1
2025-12-28,36,19,39,48,22,65,1
2025-12-28,36,20,57,57,46,68,1
2025-12-28,37,1,52,52,40,64,0
2025-12-28,37,2,86,118,79,125,0
2025-12-28,37,3,70,94,59,105,1
2025-12-28,37,4,62,62,54,70,1
2025-12-28,37,5,72,81,63,90,1
2025-12-28,37,6,64,95,46,113,2
2025-12-28,37,7,66,90,57,99,2
2025-12-28,37,8,73,92,56,109,0
2025-12-28,37,9,60,60,48,72,0
2025-12-28,37,10,45,65,35,75,1
2025-12-28,37,11,73,73,63,83,0
2025-12-28,37,12,64,70,59,75,1
2025-12-28,37,13,58,66,53,71,0
2025-12-28,37,14,86,100,79,107,2
2025-12-28,37,15,48,48,39,57,1
2025-12-28,37,16,73,93,62,104,1
2025-12-28,37,17,54,54,47,61,0
2025-12-28,37,18,51,51,44,58,1
2025-12-28,37,19,79,80,71,88,2
2025-12-28,37,20,61,61,50,72,0
2025-12-28,38,1,47,50,39,58,0
2025-12-28,38,2,49,49,31,67,0
2025-12-28,38,3,25,36,20,41,0
2025-12-28,38,4,44,44,34,54,0
2025-12-28,38,5,30,32,22,40,0
2025-12-28,38,6,38,38,31,45,0
2025-12-28,38,7,41,42,32,51,0
2025-12-28,38,8,48,61,35,74,1
2025-12-28,38,9,32,32,26,38,0
2025-12-28,38,10,36,45,31,50,0
2025-12-28,38,11,45,45,27,63,0
2025-12-28,38,12,44,63,34,73,1
2025-12-28,38,13,57,57,38,76,0
2025-12-28,38,14,36,36,20,52,0
2025-12-28,38,15,49,72,41,80,0
2025-12-28,38,16,43,43,32,54,1
2025-12-28,38,17,39,44,25,58,0
2025-12-28,38,18,43,59,32,70,0
2025-12-28,38,19,31,45,22,54,0
2025-12-28,38,20,34,34,28,40,0
2025-12-28,39,1,54,76,35,95,2
2025-12-28,39,2,51,51,39,63,0
2025-12-28,39,3,52,77,40,89,2
2025-12-28,39,4,58,77,43,92,2
2025-12-28,39,5,57,57,42,72,0
2025-12-28,39,6,46,65,31,80,0
2025-12-28,39,7,72,95,53,114,0
2025-12-28,39,8,38,47,32,53,0
2025-12-28,39,9,48,60,35,73,0
2025-12-28,39,10,42,58,26,74,0
2025-12-28,39,11,41,41,33,49,1
2025-12-28,39,12,53,55,40,68,0
2025-12-28,39,13,50,63,31,82,0
2025-12-28,39,14,59,71,43,87,1
2025-12-28,39,15,53,69,39,83,1
2025-12-28,39,16,55,55,41,69,1
2025-12-28,39,17,55,55,39,71,1
2025-12-28,39,18,45,54,40,59,0
2025-12-28,39,19,31,41,25,47,1
2025-12-28,39,20,59,81,43,97,0
2025-12-28,40,1,53,53,48,58,1
2025-12-28,40,2,63,63,46,80,1
2025-12-28,40,3,60,60,52,68,0
2025-12-28,40,4,44,44,31,57,1
2025-12-28,40,5,46,46,41,51,1
2025-12-28,40,6,79,79,60,98,0
2025-12-28,40,7,54,54,37,71,0
2025-12-28,40,8,77,82,68,91,0
2025-12-28,40,9,67,84,49,102,1
2025-12-28,40,10,73,76,65,84,1
2025-12-28,40,11,64,73,49,88,2
2025-12-28,40,12,45,58,39,64,1
2025-12-28,40,13,53,60,46,67,1
2025-12-28,40,14,68,68,55,81,1
2025-12-28,40,15,35,41,24,52,0
2025-12-28,40,16,71,71,58,84,2
2025-12-28,40,17,64,64,56,72,1
2025-12-28,40,18,59,59,54,64,1
2025-12-28,40,19,54,67,45,76,0
2025-12-28,40,20,72,72,54,90,1
2025-12-28,41,1,61,64,42,83,1
2025-12-28,41,2,56,69,38,87,2
2025-12-28,41,3,31,36,21,46,0
2025-12-28,41,4,49,56,40,65,0
2025-12-28,41,5,37,54,21,70,1
2025-12-28,41,6,52,52,39,65,1
2025-12-28,41,7,50,57,38,69,0
2025-12-28,41,8,56,56,39,73,0
2025-12-28,41,9,48,68,39,77,1
2025-12-28,41,10,42,47,36,53,1
2025-12-28,41,11,44,53,37,60,0
2025-12-28,41,12,47,68,33,82,0
2025-12-28,41,13,47,68,34,81,0
2025-12-28,41,14,63,64,43,84,1
2025-12-28,41,15,48,52,35,65,0
2025-12-28,41,16,61,88,46,103,0
2025-12-28,41,17,41,60,24,77,0
2025-12-28,41,18,40,46,35,51,1
2025-12-28,41,19,50,58,34,74,1
2025-12-28,41,20,47,62,31,78,0
2025-12-28,42,1,40,48,27,61,0
2025-12-28,42,2,40,42,34,48,0
2025-12-28,42,3,34,38,29,43,0
2025-12-28,42,4,40,40,27,53,0
2025-12-28,42,5,46,46,40,52,1
2025-12-28,42,6,43,43,34,52,0
2025-12-28,42,7,51,51,32,70,0
2025-12-28,42,8,53,64,38,79,0
2025-12-28,42,9,50,52,42,60,0
2025-12-28,42,10,42,47,25,64,0
2025-12-28,42,11,39,43,30,52,1
2025-12-28,42,12,42,53,33,62,0
2025-12-28,42,13,40,40,30,50,0
2025-12-28,42,14,37,37,27,47,0
2025-12-28,42,15,33,35,27,41,0
2025-12-28,42,16,35,47,25,57,0
2025-12-28,42,17,40,56,28,68,0
2025-12-28,42,18,49,55,36,68,0
2025-12-28,42,19,36,53,25,64,0
2025-12-28,42,20,28,35,19,44,0
2025-12-28,43,1,64,64,47,81,1
2025-12-28,43,2,61,61,49,73,0
2025-12-28,43,3,46,46,34,58,0
2025-12-28,43,4,59,60,49,70,1
2025-12-28,43,5,60,60,44,76,0
2025-12-28,43,6,52,75,42,85,0
2025-12-28,43,7,53,61,46,68,1
2025-12-28,43,8,50,54,44,60,0
2025-12-28,43,9,52,52,45,59,0
2025-12-28,43,10,49,55,30,74,0
2025-12-28,43,11,67,94,47,114,2
2025-12-28,43,12,58,72,43,87,1
2025-12-28,43,13,50,72,39,83,1
2025-12-28,43,14,76,76,61,91,0
2025-12-28,43,15,61,81,42,100,0
2025-12-28,43,16,71,77,53,95,1
2025-12-28,43,17,52,52,41,63,1
2025-12-28,43,18,54,54,34,74,0
2025-12-28,43,19,44,44,37,51,0
2025-12-28,43,20,43,50,27,66,0
2025-12-28,44,1,62,73,47,88,1
2025-12-28,44,2,57,58,43,72,0
2025-12-28,44,3,49,49,37,61,0
2025-12-28,44,4,64,83,52,95,1
2025-12-28,44,5,57,79,44,92,1
2025-12-28,44,6,51,59,45,65,0
2025-12-28,44,7,63,63,50,76,1
2025-12-28,44,8,66,66,50,82,1
2025-12-28,44,9,50,50,41,59,0
2025-12-28,44,10,54,62,42,74,0
2025-12-28,44,11,69,77,53,93,0
2025-12-28,44,12,62,91,44,109,1
2025-12-28,44,13,46,46,35,57,0
2025-12-28,44,14,49,49,38,60,1
2025-12-28,44,15,45,55,34,66,0
2025-12-28,44,16,58,76,41,93,0
2025-12-28,44,17,54,62,45,71,1
2025-12-28,44,18,57,57,43,71,1
2025-12-28,44,19,48,49,35,62,0
2025-12-28,44,20,36,36,25,47,0
2025-12-28,45,1,71,71,59,83,0
2025-12-28,45,2,64,84,55,93,0
2025-12-28,45,3,73,73,57,89,1
2025-12-28,45,4,67,67,56,78,1
2025-12-28,45,5,44,44,39,49,1
2025-12-28,45,6,80,102,61,121,2
2025-12-28,45,7,72,72,54,90,1
2025-12-28,45,8,62,62,43,81,1
2025-12-28,45,9,65,65,50,80,0
2025-12-28,45,10,63,63,43,83,1
2025-12-28,45,11,74,99,56,117,0
2025-12-28,45,12,76,89,64,101,1
2025-12-28,45,13,59,64,51,72,0
2025-12-28,45,14,76,76,57,95,1
2025-12-28,45,15,72,102,61,113,0
2025-12-28,45,16,74,103,55,122,0
2025-12-28,45,17,65,65,60,70,0
2025-12-28,45,18,81,81,65,97,0
2025-12-28,45,19,68,69,58,79,0
2025-12-28,45,20,66,66,46,86,1
2025-12-28,46,1,53,64,48,69,1
2025-12-28,46,2,61,61,44,78,1
2025-12-28,46,3,74,91,59,106,0
2025-12-28,46,4,58,70,46,82,0
2025-12-28,46,5,46,46,36,56,0
2025-12-28,46,6,63,71,47,87,1
2025-12-28,46,7,52,52,46,58,1
2025-12-28,46,8,82,82,62,102,0
2025-12-28,46,9,66,85,49,102,0
2025-12-28,46,10,47,59,38,68,0
2025-12-28,46,11,54,54,40,68,0
2025-12-28,46,12,58,58,50,66,0
2025-12-28,46,13,57,66,44,79,1
2025-12-28,46,14,51,52,33,70,1
2025-12-28,46,15,55,55,47,63,0
2025-12-28,46,16,44,63,39,68,0
2025-12-28,46,17,59,76,40,95,1
2025-12-28,46,18,51,63,34,80,0
2025-12-28,46,19,54,75,46,83,2
2025-12-28,46,20,64,64,56,72,0
2025-12-28,47,1,60,60,51,69,0
2025-12-28,47,2,69,77,62,84,2
2025-12-28,47,3,80,80,60,100,1
2025-12-28,47,4,61,61,48,74,0
2025-12-28,47,5,66,74,54,86,1
2025-12-28,47,6,47,59,38,68,1
2025-12-28,47,7,78,90,62,106,0
2025-12-28,47,8,51,51,41,61,0
2025-12-28,47,9,62,72,53,81,0
2025-12-28,47,10,64,64,50,78,1
2025-12-28,47,11,69,86,55,100,1
2025-12-28,47,12,80,107,69,118,2
2025-12-28,47,13,54,54,39,69,0
2025-12-28,47,14,73,102,56,119,0
2025-12-28,47,15,60,68,46,82,0
2025-12-28,47,16,62,81,54,89,2
2025-12-28,47,17,71,71,51,91,1
2025-12-28,47,18,65,74,57,82,1
2025-12-28,47,19,73,73,56,90,1
2025-12-28,47,20,62,62,45,79,1
2025-12-28,48,1,49,51,35,65,0
2025-12-28,48,2,56,56,50,62,0
2025-12-28,48,3,56,56,50,62,0
2025-12-28,48,4,44,44,34,54,0
2025-12-28,48,5,60,83,42,101,2
2025-12-28,48,6,48,48,43,53,0
2025-12-28,48,7,67,67,52,82,0
2025-12-28,48,8,54,79,47,86,1
2025-12-28,48,9,46,46,40,52,0
2025-12-28,48,10,54,54,34,74,0
2025-12-28,48,11,65,77,53,89,1
2025-12-28,48,12,49,61,39,71,1
2025-12-28,48,13,50,59,34,75,0
2025-12-28,48,14,59,59,52,66,0
2025-12-28,48,15,50,52,36,66,1
2025-12-28,48,16,61,71,45,87,2
2025-12-28,48,17,45,45,39,51,0
2025-12-28,48,18,44,55,37,62,1
2025-12-28,48,19,49,66,39,76,0
2025-12-28,48,20,48,48,30,66,0
2025-12-28,49,1,37,53,26,64,0
2025-12-28,49,2,70,76,53,93,1
2025-12-28,49,3,43,64,36,71,1
2025-12-28,49,4,49,49,31,67,0
2025-12-28,49,5,56,65,44,77,0
2025-12-28,49,6,41,58,27,72,0
2025-12-28,49,7,62,72,43,91,1
2025-12-28,49,8,52,75,43,84,1
2025-12-28,49,9,47,63,40,70,1
2025-12-28,49,10,46,66,41,71,1
2025-12-28,49,11,59,78,46,91,1
2025-12-28,49,12,54,54,47,61,0
2025-12-28,49,13,37,43,30,50,1
2025-12-28,49,14,73,99,63,109,1
2025-12-28,49,15,47,47,36,58,0
2025-12-28,49,16,63,92,44,111,2
2025-12-28,49,17,43,43,35,51,0
2025-12-28,49,18,55,55,40,70,0
2025-12-28,49,19,47,65,39,73,0
2025-12-28,49,20,29,29,18,40,0
2025-12-28,50,1,50,71,41,80,1
2025-12-28,50,2,50,66,38,78,0
2025-12-28,50,3,41,41,23,59,0
2025-12-28,50,4,56,56,39,73,0
2025-12-28,50,5,31,33,19,45,0
2025-12-28,50,6,46,46,28,64,0
2025-12-28,50,7,56,56,38,74,1
2025-12-28,50,8,35,35,21,49,1
2025-12-28,50,9,55,79,46,88,0
2025-12-28,50,10,49,57,37,69,1
2025-12-28,50,11,55,63,50,68,1
2025-12-28,50,12,54,54,38,70,1
2025-12-28,50,13,59,59,39,79,0
2025-12-28,50,14,49,65,41,73,1
2025-12-28,50,15,41,45,34,52,0
2025-12-28,50,16,50,51,39,62,0
2025-12-28,50,17,34,49,26,57,0
2025-12-28,50,18,50,71,44,77,1
2025-12-28,50,19,48,62,35,75,0
2025-12-28,50,20,50,50,39,61,1
2026-01-04,1,1,79,79,70,88,2
2026-01-04,1,2,67,67,49,85,0
2026-01-04,1,3,69,69,51,87,1
2026-01-04,1,4,58,58,41,75,0
2026-01-04,1,5,68,68,56,80,1
2026-01-04,1,6,44,44,39,49,0
2026-01-04,1,7,49,65,44,70,0
2026-01-04,1,8,37,37,30,44,0
2026-01-04,1,9,60,60,40,80,1
2026-01-04,1,10,67,67,47,87,1
2026-01-04,1,11,81,105,69,117,2
2026-01-04,1,12,71,92,58,105,2
2026-01-04,1,13,65,91,45,111,0
2026-01-04,1,14,66,94,54,106,0
2026-01-04,1,15,48,70,35,83,0
2026-01-04,1,16,60,60,53,67,1
2026-01-04,1,17,77,102,59,120,1
2026-01-04,1,18,50,55,45,60,0
2026-01-04,1,19,52,60,44,68,1
2026-01-04,1,20,55,55,44,66,1
2026-01-04,2,1,56,81,37,100,0
2026-01-04,2,2,37,37,32,42,0
2026-01-04,2,3,41,58,25,74,0
2026-01-04,2,4,42,49,30,61,0
2026-01-04,2,5,35,35,22,48,0
2026-01-04,2,6,37,46,28,55,0
2026-01-04,2,7,60,77,41,96,0
2026-01-04,2,8,40,58,33,65,0
2026-01-04,2,9,47,58,34,71,0
2026-01-04,2,10,38,38,25,51,0
2026-01-04,2,11,60,78,45,93,0
2026-01-04,2,12,46,53,32,67,1
2026-01-04,2,13,47,59,38,68,0
2026-01-04,2,14,49,72,35,86,1
2026-01-04,2,15,39,48,26,61,0
2026-01-04,2,16,47,68,37,78,2
2026-01-04,2,17,41,41,26,56,0
2026-01-04,2,18,50,50,33,67,0
2026-01-04,2,19,34,34,24,44,0
2026-01-04,2,20,42,42,29,55,1
2026-01-04,3,1,48,48,43,53,0
2026-01-04,3,2,47,51,33,65,0
2026-01-04,3,3,35,35,25,45,0
2026-01-04,3,4,66,98,47,117,2
2026-01-04,3,5,43,62,26,79,0
2026-01-04,3,6,48,51,34,65,1
2026-01-04,3,7,48,64,40,72,1
2026-01-04,3,8,37,37,31,43,0
2026-01-04,3,9,61,61,45,77,1
2026-01-04,3,10,34,44,27,51,0
2026-01-04,3,11,58,58,39,77,0
2026-01-04,3,12,45,57,35,67,0
2026-01-04,3,13,45,45,40,50,0
2026-01-04,3,14,51,68,44,75,1
2026-01-04,3,15,48,48,30,66,0
2026-01-04,3,16,49,73,43,79,1
2026-01-04,3,17,32,32,25,39,0
2026-01-04,3,18,67,67,49,85,1
2026-01-04,3,19,34,34,21,47,0
2026-01-04,3,20,46,55,41,60,1
2026-01-04,4,1,67,74,48,93,0
2026-01-04,4,2,65,65,47,83,1
2026-01-04,4,3,45,55,34,66,0
2026-01-04,4,4,60,60,48,72,1
2026-01-04,4,5,61,61,56,66,1
2026-01-04,4,6,41,41,31,51,0
2026-01-04,4,7,66,67,53,80,0
2026-01-04,4,8,61,61,52,70,0
2026-01-04,4,9,66,93,53,106,2
2026-01-04,4,10,60,60,51,69,0
2026-01-04,4,11,68,68,56,80,1
2026-01-04,4,12,60,75,43,92,1
2026-01-04,4,13,50,50,45,55,1
2026-01-04,4,14,65,71,45,91,1
2026-01-04,4,15,66,85,51,100,0
2026-01-04,4,16,57,57,49,65,1
2026-01-04,4,17,51,66,45,72,0
2026-01-04,4,18,65,67,52,80,0
2026-01-04,4,19,59,76,46,89,2
2026-01-04,4,20,69,69,49,89,1
2026-01-04,5,1,46,56,27,75,0
2026-01-04,5,2,44,65,27,82,0
2026-01-04,5,3,49,61,32,78,1
2026-01-04,5,4,56,60,39,77,0
2026-01-04,5,5,32,42,27,47,1
2026-01-04,5,6,39,39,27,51,0
2026-01-04,5,7,49,63,31,81,0
2026-01-04,5,8,37,38,22,53,0
2026-01-04,5,9,43,45,33,55,0
2026-01-04,5,10,39,50,22,67,1
2026-01-04,5,11,46,56,30,72,1
2026-01-04,5,12,41,41,29,53,0
2026-01-04,5,13,32,32,22,42,0
2026-01-04,5,14,46,52,28,70,0
2026-01-04,5,15,33,33,27,39,0
2026-01-04,5,16,45,62,33,74,0
2026-01-04,5,17,35,39,30,44,0
2026-01-04,5,18,34,40,18,56,1
2026-01-04,5,19,33,35,24,44,0
2026-01-04,5,20,23,23,17,29,0
2026-01-04,6,1,58,80,39,99,0
2026-01-04,6,2,42,42,24,60,0
2026-01-04,6,3,43,43,37,49,1
2026-01-04,6,4,62,62,52,72,0
2026-01-04,6,5,48,48,33,63,0
2026-01-04,6,6,46,46,40,52,0
2026-01-04,6,7,49,63,38,74,1
2026-01-04,6,8,42,42,33,51,0
2026-01-04,6,9,56,72,43,85,1
2026-01-04,6,10,46,67,37,76,0
2026-01-04,6,11,54,54,38,70,0
2026-01-04,6,12,35,49,24,60,1
2026-01-04,6,13,44,56,32,68,0
2026-01-04,6,14,61,86,56,91,1
2026-01-04,6,15,49,49,36,62,0
2026-01-04,6,16,48,48,33,63,0
2026-01-04,6,17,49,60,37,72,1
2026-01-04,6,18,44,44,35,53,1
2026-01-04,6,19,51,64,36,79,0
2026-01-04,6,20,44,64,33,75,1
2026-01-04,7,1,45,45,35,55,0
2026-01-04,7,2,59,76,43,92,1
2026-01-04,7,3,54,54,34,74,0
2026-01-04,7,4,62,79,47,94,1
2026-01-04,7,5,30,33,22,41,0
2026-01-04,7,6,62,62,43,81,1
2026-01-04,7,7,59,69,49,79,1
2026-01-04,7,8,47,48,38,57,1
2026-01-04,7,9,50,68,30,88,0
2026-01-04,7,10,43,43,31,55,0
2026-01-04,7,11,48,48,36,60,0
2026-01-04,7,12,44,47,38,53,0
2026-01-04,7,13,32,37,27,42,0
2026-01-04,7,14,49,60,37,72,1
2026-01-04,7,15,50,63,39,74,0
2026-01-04,7,16,60,64,41,83,1
2026-01-04,7,17,35,46,24,57,0
2026-01-04,7,18,49,49,38,60,0
2026-01-04,7,19,33,33,20,46,0
2026-01-04,7,20,44,50,27,67,1
2026-01-04,8,1,34,34,22,46,0
2026-01-04,8,2,47,60,29,78,1
2026-01-04,8,3,45,58,25,78,0
2026-01-04,8,4,37,43,31,49,0
2026-01-04,8,5,42,54,24,72,0
2026-01-04,8,6,51,65,34,82,1
2026-01-04,8,7,36,44,27,53,0
2026-01-04,8,8,44,61,30,75,0
2026-01-04,8,9,43,43,35,51,0
2026-01-04,8,10,39,57,25,71,1
2026-01-04,8,11,41,41,36,46,0
2026-01-04,8,12,31,35,23,43,0
2026-01-04,8,13,30,39,17,52,0
2026-01-04,8,14,44,54,29,69,0
2026-01-04,8,15,37,46,27,56,1
2026-01-04,8,16,44,58,29,73,1
2026-01-04,8,17,42,52,34,60,1
2026-01-04,8,18,46,57,29,74,0
2026-01-04,8,19,44,54,37,61,0
2026-01-04,8,20,34,36,27,43,0
2026-01-04,9,1,57,57,43,71,1
2026-01-04,9,2,72,105,60,117,3
2026-01-04,9,3,67,71,49,89,1
2026-01-04,9,4,59,59,43,75,0
2026-01-04,9,5,42,45,35,52,0
2026-01-04,9,6,62,76,49,89,0
2026-01-04,9,7,61,61,55,67,0
2026-01-04,9,8,73,73,68,78,0
2026-01-04,9,9,62,62,48,76,0
2026-01-04,9,10,53,56,46,63,0
2026-01-04,9,11,76,81,71,86,1
2026-01-04,9,12,58,65,40,83,1
2026-01-04,9,13,44,58,34,68,0
2026-01-04,9,14,62,66,54,74,1
2026-01-04,9,15,72,72,59,85,1
2026-01-04,9,16,73,103,53,123,0
2026-01-04,9,17,73,89,63,99,1
2026-01-04,9,18,67,68,48,87,1
2026-01-04,9,19,41,41,29,53,0
2026-01-04,9,20,66,66,48,84,1
2026-01-04,10,1,83,83,74,92,1
2026-01-04,10,2,72,72,54,90,1
2026-01-04,10,3,75,75,65,85,0
2026-01-04,10,4,75,110,68,117,1
2026-01-04,10,5,59,69,50,78,1
2026-01-04,10,6,77,107,57,127,1
2026-01-04,10,7,78,78,60,96,0
2026-01-04,10,8,56,56,44,68,0
2026-01-04,10,9,59,59,45,73,1
2026-01-04,10,10,84,107,70,121,0
2026-01-04,10,11,60,85,51,94,1
2026-01-04,10,12,63,63,54,72,1
2026-01-04,10,13,65,65,53,77,1
2026-01-04,10,14,56,68,50,74,0
2026-01-04,10,15,53,53,35,71,0
2026-01-04,10,16,65,71,51,85,0
2026-01-04,10,17,63,86,48,101,0
2026-01-04,10,18,77,113,67,123,1
2026-01-04,10,19,73,81,62,92,1
2026-01-04,10,20,48,48,34,62,0
2026-01-04,11,1,44,58,35,67,0
2026-01-04,11,2,68,68,52,84,1
2026-01-04,11,3,37,37,20,54,0
2026-01-04,11,4,46,46,38,54,0
2026-01-04,11,5,36,51,28,59,0
2026-01-04,11,6,64,64,50,78,0
2026-01-04,11,7,54,54,44,64,1
2026-01-04,11,8,62,77,45,94,2
2026-01-04,11,9,44,44,29,59,0
2026-01-04,11,10,50,63,39,74,0
2026-01-04,11,11,53,57,35,75,1
2026-01-04,11,12,54,75,40,89,0
2026-01-04,11,13,53,59,38,74,0
2026-01-04,11,14,40,47,32,55,0
2026-01-04,11,15,50,50,35,65,1
2026-01-04,11,16,53,67,33,87,0
2026-01-04,11,17,37,37,26,48,0
2026-01-04,11,18,62,64,49,77,1
2026-01-04,11,19,28,28,23,33,0
2026-01-04,11,20,50,67,30,87,0
2026-01-04,12,1,62,62,57,67,0
2026-01-04,12,2,54,54,46,62,0
2026-01-04,12,3,29,29,24,34,0
2026-01-04,12,4,53,61,37,77,0
2026-01-04,12,5,38,38,32,44,0
2026-01-04,12,6,47,47,32,62,0
2026-01-04,12,7,52,52,37,67,0
2026-01-04,12,8,57,64,41,80,1
2026-01-04,12,9,50,58,40,68,0
2026-01-04,12,10,42,42,37,47,0
2026-01-04,12,11,48,48,43,53,0
2026-01-04,12,12,44,44,37,51,0
2026-01-04,12,13,56,75,36,95,0
2026-01-04,12,14,58,58,44,72,0
2026-01-04,12,15,55,55,39,71,0
2026-01-04,12,16,50,65,43,72,1
2026-01-04,12,17,45,52,28,69,0
2026-01-04,12,18,55,55,35,75,0
2026-01-04,12,19,38,56,28,66,1
2026-01-04,12,20,40,46,32,54,0
2026-01-04,13,1,77,77,57,97,0
2026-01-04,13,2,82,82,73,91,2
2026-01-04,13,3,66,69,56,79,1
2026-01-04,13,4,74,74,65,83,0
2026-01-04,13,5,70,70,59,81,1
2026-01-04,13,6,64,90,55,99,1
2026-01-04,13,7,97,97,78,116,1
2026-01-04,13,8,42,62,28,76,0
2026-01-04,13,9,79,86,70,95,0
2026-01-04,13,10,71,103,65,109,0
2026-01-04,13,11,75,75,59,91,0
2026-01-04,13,12,77,77,63,91,1
2026-01-04,13,13,88,97,72,113,1
2026-01-04,13,14,48,48,38,58,1
2026-01-04,13,15,66,92,49,109,2
2026-01-04,13,16,86,104,66,124,1
2026-01-04,13,17,60,82,47,95,0
2026-01-04,13,18,78,105,63,120,0
2026-01-04,13,19,96,142,84,154,1
2026-01-04,13,20,55,67,48,74,0
2026-01-04,14,1,47,47,37,57,0
2026-01-04,14,2,50,50,40,60,1
2026-01-04,14,3,45,64,36,73,0
2026-01-04,14,4,54,67,43,78,1
2026-01-04,14,5,46,46,33,59,0
2026-01-04,14,6,51,51,34,68,0
2026-01-04,14,7,45,46,36,55,0
2026-01-04,14,8,48,70,30,88,1
2026-01-04,14,9,59,59,39,79,0
2026-01-04,14,10,50,50,41,59,0
2026-01-04,14,11,67,96,47,116,2
2026-01-04,14,12,58,58,40,76,1
2026-01-04,14,13,43,60,37,66,1
2026-01-04,14,14,40,53,34,59,0
2026-01-04,14,15,64,77,46,95,1
2026-01-04,14,16,56,56,36,76,1
2026-01-04,14,17,40,40,35,45,0
2026-01-04,14,18,35,40,30,45,0
2026-01-04,14,19,58,58,40,76,0
2026-01-04,14,20,48,48,39,57,1
2026-01-04,15,1,52,61,36,77,0
2026-01-04,15,2,38,38,28,48,0
2026-01-04,15,3,32,40,15,57,0
2026-01-04,15,4,50,50,32,68,1
2026-01-04,15,5,38,38,18,58,0
2026-01-04,15,6,31,31,24,38,0
2026-01-04,15,7,48,65,31,82,1
2026-01-04,15,8,38,38,29,47,0
2026-01-04,15,9,39,57,34,62,0
2026-01-04,15,10,57,57,38,76,0
2026-01-04,15,11,51,52,32,71,0
2026-01-04,15,12,54,74,48,80,1
2026-01-04,15,13,34,34,20,48,0
2026-01-04,15,14,47,53,34,66,0
2026-01-04,15,15,32,38,27,43,0
2026-01-04,15,16,55,67,50,72,1
2026-01-04,15,17,26,26,18,34,0
2026-01-04,15,18,58,71,40,89,0
2026-01-04,15,19,28,41,16,53,0
2026-01-04,15,20,36,49,26,59,1
2026-01-04,16,1,47,49,32,64,0
2026-01-04,16,2,53,59,41,71,0
2026-01-04,16,3,37,37,30,44,0
2026-01-04,16,4,49,67,34,82,1
2026-01-04,16,5,42,54,35,61,0
2026-01-04,16,6,55,55,46,64,1
2026-01-04,16,7,60,69,40,89,1
2026-01-04,16,8,39,40,32,47,0
2026-01-04,16,9,47,47,39,55,0
2026-01-04,16,10,56,56,37,75,1
2026-01-04,16,11,64,95,54,105,0
2026-01-04,16,12,53,61,41,73,0
2026-01-04,16,13,54,68,34,88,1
2026-01-04,16,14,43,61,36,68,1
2026-01-04,16,15,62,62,47,77,0
2026-01-04,16,16,53,74,39,88,1
2026-01-04,16,17,40,50,34,56,0
2026-01-04,16,18,55,64,46,73,0
2026-01-04,16,19,39,52,34,57,1
2026-01-04,16,20,48,49,37,60,0
2026-01-04,17,1,30,30,24,36,0
2026-01-04,17,2,60,60,40,80,0
2026-01-04,17,3,55,74,42,87,0
2026-01-04,17,4,57,57,38,76,0
2026-01-04,17,5,46,52,38,60,1
2026-01-04,17,6,51,72,34,89,0
2026-01-04,17,7,56,75,43,88,0
2026-01-04,17,8,66,92,53,105,0
2026-01-04,17,9,50,73,38,85,2
2026-01-04,17,10,41,41,21,61,0
2026-01-04,17,11,52,60,33,79,0
2026-01-04,17,12,48,49,30,67,0
2026-01-04,17,13,49,49,35,63,0
2026-01-04,17,14,41,59,33,67,1
2026-01-04,17,15,54,74,35,93,1
2026-01-04,17,16,51,51,40,62,0
2026-01-04,17,17,38,47,33,52,0
2026-01-04,17,18,50,51,33,68,0
2026-01-04,17,19,27,38,9,56,0
2026-01-04,17,20,35,35,26,44,0
2026-01-04,18,1,55,55,47,63,0
2026-01-04,18,2,87,108,69,126,0
2026-01-04,18,3,64,66,45,85,0
2026-01-04,18,4,72,72,56,88,1
2026-01-04,18,5,64,64,48,80,0
2026-01-04,18,6,65,96,48,113,2
2026-01-04,18,7,66,66,56,76,1
2026-01-04,18,8,64,64,52,76,1
2026-01-04,18,9,82,82,67,97,1
2026-01-04,18,10,69,69,57,81,1
2026-01-04,18,11,71,71,63,79,1
2026-01-04,18,12,83,83,71,95,1
2026-01-04,18,13,53,54,48,59,1
2026-01-04,18,14,54,55,47,62,0
2026-01-04,18,15,54,54,47,61,1
2026-01-04,18,16,60,87,55,92,1
2026-01-04,18,17,69,102,60,111,1
2026-01-04,18,18,46,46,36,56,0
2026-01-04,18,19,75,80,67,88,1
2026-01-04,18,20,73,80,60,93,2
2026-01-04,19,1,38,43,24,57,0
2026-01-04,19,2,46,46,38,54,0
2026-01-04,19,3,42,54,36,60,0
2026-01-04,19,4,52,63,32,83,1
2026-01-04,19,5,58,68,38,88,2
2026-01-04,19,6,41,41,36,46,1
2026-01-04,19,7,36,36,28,44,0
2026-01-04,19,8,55,77,42,90,0
2026-01-04,19,9,40,43,32,51,0
2026-01-04,19,10,56,56,36,76,1
2026-01-04,19,11,52,52,38,66,1
2026-01-04,19,12,48,48,31,65,0
2026-01-04,19,13,39,39,25,53,0
2026-01-04,19,14,49,49,34,64,0
2026-01-04,19,15,45,60,32,73,1
2026-01-04,19,16,32,32,27,37,0
2026-01-04,19,17,48,49,32,65,0
2026-01-04,19,18,53,53,36,70,0
2026-01-04,19,19,47,47,31,63,0
2026-01-04,19,20,41,41,28,54,0
2026-01-04,20,1,53,57,45,65,0
2026-01-04,20,2,51,51,41,61,0
2026-01-04,20,3,44,44,30,58,0
2026-01-04,20,4,61,86,45,102,0
2026-01-04,20,5,37,37,22,52,1
2026-01-04,20,6,39,39,25,53,0
2026-01-04,20,7,68,68,61,75,1
2026-01-04,20,8,47,62,38,71,1
2026-01-04,20,9,68,68,49,87,0
2026-01-04,20,10,42,46,26,62,0
2026-01-04,20,11,45,45,37,53,0
2026-01-04,20,12,62,72,45,89,1
2026-01-04,20,13,64,80,50,94,1
2026-01-04,20,14,55,55,37,73,0
2026-01-04,20,15,53,55,37,71,0
2026-01-04,20,16,43,43,36,50,0
2026-01-04,20,17,41,48,24,65,0
2026-01-04,20,18,49,49,39,59,0
2026-01-04,20,19,35,35,25,45,0
2026-01-04,20,20,49,49,41,57,0
2026-01-04,21,1,56,56,46,66,1
2026-01-04,21,2,43,43,29,57,1
2026-01-04,21,3,43,43,31,55,1
2026-01-04,21,4,45,47,38,54,0
2026-01-04,21,5,43,43,35,51,0
2026-01-04,21,6,38,38,33,43,0
2026-01-04,21,7,54,54,36,72,0
2026-01-04,21,8,52,52,32,72,0
2026-01-04,21,9,55,55,40,70,0
2026-01-04,21,10,41,41,27,55,1
2026-01-04,21,11,67,81,50,98,2
2026-01-04,21,12,51,69,37,83,1
2026-01-04,21,13,31,44,23,52,1
2026-01-04,21,14,47,57,37,67,1
2026-01-04,21,15,56,63,36,83,0
2026-01-04,21,16,68,68,49,87,0
2026-01-04,21,17,50,69,43,76,1
2026-01-04,21,18,60,60,40,80,0
2026-01-04,21,19,42,58,33,67,0
2026-01-04,21,20,39,39,22,56,1
2026-01-04,22,1,51,68,40,79,0
2026-01-04,22,2,70,73,60,83,1
2026-01-04,22,3,53,53,40,66,1
2026-01-04,22,4,59,85,44,100,1
2026-01-04,22,5,43,43,33,53,0
2026-01-04,22,6,63,93,54,102,1
2026-01-04,22,7,46,64,27,83,0
2026-01-04,22,8,53,73,40,86,1
2026-01-04,22,9,35,35,25,45,0
2026-01-04,22,10,58,82,44,96,1
2026-01-04,22,11,50,62,36,76,0
2026-01-04,22,12,48,63,39,72,1
2026-01-04,22,13,57,57,44,70,0
2026-01-04,22,14,61,61,43,79,1
2026-01-04,22,15,50,65,37,78,0
2026-01-04,22,16,56,81,46,91,1
2026-01-04,22,17,56,79,42,93,1
2026-01-04,22,18,51,51,40,62,1
2026-01-04,22,19,31,31,26,36,0
2026-01-04,22,20,34,38,28,44,1
2026-01-04,23,1,52,52,38,66,0
2026-01-04,23,2,48,48,33,63,0
2026-01-04,23,3,53,53,33,73,0
2026-01-04,23,4,54,74,34,94,0
2026-01-04,23,5,51,55,40,66,0
2026-01-04,23,6,36,36,18,54,0
2026-01-04,23,7,51,62,40,73,0
2026-01-04,23,8,49,49,38,60,0
2026-01-04,23,9,46,46,34,58,0
2026-01-04,23,10,54,55,37,72,0
2026-01-04,23,11,56,63,41,78,0
2026-01-04,23,12,47,47,36,58,0
2026-01-04,23,13,32,32,20,44,0
2026-01-04,23,14,54,78,38,94,2
2026-01-04,23,15,41,59,31,69,0
2026-01-04,23,16,48,48,42,54,0
2026-01-04,23,17,47,66,36,77,0
2026-01-04,23,18,62,62,42,82,1
2026-01-04,23,19,58,59,41,76,0
2026-01-04,23,20,45,45,34,56,0
2026-01-04,24,1,56,83,47,92,1
2026-01-04,24,2,49,67,40,76,1
2026-01-04,24,3,49,64,43,70,1
2026-01-04,24,4,55,55,47,63,1
2026-01-04,24,5,55,67,44,78,1
2026-01-04,24,6,67,67,52,82,0
2026-01-04,24,7,63,67,46,84,0
2026-01-04,24,8,57,76,45,88,0
2026-01-04,24,9,69,69,60,78,0
2026-01-04,24,10,58,65,53,70,0
2026-01-04,24,11,76,83,67,92,2
2026-01-04,24,12,70,96,52,114,1
2026-01-04,24,13,56,71,50,77,1
2026-01-04,24,14,55,74,50,79,1
2026-01-04,24,15,40,47,34,53,1
2026-01-04,24,16,71,72,53,90,1
2026-01-04,24,17,70,92,56,106,2
2026-01-04,24,18,61,90,47,104,1
2026-01-04,24,19,58,86,38,106,0
2026-01-04,24,20,60,64,40,84,0
2026-01-04,25,1,79,89,61,107,1
2026-01-04,25,2,71,71,54,88,0
2026-01-04,25,3,63,76,44,95,0
2026-01-04,25,4,71,76,66,81,0
2026-01-04,25,5,84,84,64,104,2
2026-01-04,25,6,70,100,63,107,0
2026-01-04,25,7,85,96,65,116,0
2026-01-04,25,8,87,87,70,104,1
2026-01-04,25,9,118,138,105,151,2
2026-01-04,25,10,56,67,50,73,1
2026-01-04,25,11,80,87,74,93,1
2026-01-04,25,12,74,75,63,86,0
2026-01-04,25,13,47,47,36,58,0
2026-01-04,25,14,75,75,56,94,1
2026-01-04,25,15,76,76,63,89,2
2026-01-04,25,16,64,81,58,87,1
2026-01-04,25,17,58,58,45,71,0
2026-01-04,25,18,72,103,56,119,2
2026-01-04,25,19,80,98,68,110,1
2026-01-04,25,20,65,65,45,85,1
2026-01-04,26,1,65,65,52,78,1
2026-01-04,26,2,38,42,28,52,0
2026-01-04,26,3,42,48,31,59,0
2026-01-04,26,4,57,57,52,62,0
2026-01-04,26,5,36,45,27,54,0
2026-01-04,26,6,42,42,31,53,0
2026-01-04,26,7,48,65,36,77,1
2026-01-04,26,8,58,86,45,99,0
2026-01-04,26,9,49,49,33,65,0
2026-01-04,26,10,44,44,30,58,0
2026-01-04,26,11,45,52,38,59,0
2026-01-04,26,12,54,67,35,86,0
2026-01-04,26,13,45,61,36,70,1
2026-01-04,26,14,46,60,36,70,0
2026-01-04,26,15,50,50,33,67,1
2026-01-04,26,16,41,54,36,59,1
2026-01-04,26,17,47,47,33,61,1
2026-01-04,26,18,59,62,41,80,0
2026-01-04,26,19,28,28,22,34,0
2026-01-04,26,20,55,62,46,71,0
2026-01-04,27,1,54,57,37,74,0
2026-01-04,27,2,72,87,61,98,2
2026-01-04,27,3,51,51,31,71,0
2026-01-04,27,4,59,84,52,91,0
2026-01-04,27,5,39,50,33,56,1
2026-01-04,27,6,60,60,41,79,1
2026-01-04,27,7,36,49,20,65,1
2026-01-04,27,8,49,56,37,68,0
2026-01-04,27,9,76,76,70,82,1
2026-01-04,27,10,47,56,33,70,1
2026-01-04,27,11,51,69,39,81,0
2026-01-04,27,12,53,53,39,67,0
2026-01-04,27,13,50,62,39,73,1
2026-01-04,27,14,60,82,42,100,1
2026-01-04,27,15,54,69,42,81,0
2026-01-04,27,16,52,52,42,62,0
2026-01-04,27,17,36,38,31,43,0
2026-01-04,27,18,49,49,34,64,0
2026-01-04,27,19,41,49,34,56,0
2026-01-04,27,20,51,51,34,68,0
2026-01-04,28,1,66,85,48,103,0
2026-01-04,28,2,62,89,45,106,0
2026-01-04,28,3,55,71,35,91,0
2026-01-04,28,4,64,78,50,92,0
2026-01-04,28,5,36,48,29,55,0
2026-01-04,28,6,62,62,44,80,0
2026-01-04,28,7,62,89,42,109,1
2026-01-04,28,8,74,92,62,104,0
2026-01-04,28,9,62,62,50,74,0
2026-01-04,28,10,50,55,42,63,0
2026-01-04,28,11,53,73,47,79,1
2026-01-04,28,12,60,81,47,94,0
2026-01-04,28,13,70,79,57,92,0
2026-01-04,28,14,77,78,62,93,2
2026-01-04,28,15,57,77,41,93,0
2026-01-04,28,16,71,71,53,89,1
2026-01-04,28,17,60,75,50,85,0
2026-01-04,28,18,63,84,52,95,0
2026-01-04,28,19,63,63,48,78,1
2026-01-04,28,20,60,66,45,81,0
2026-01-04,29,1,73,96,58,111,0
2026-01-04,29,2,51,61,44,68,1
2026-01-04,29,3,48,60,40,68,1
2026-01-04,29,4,50,50,37,63,0
2026-01-04,29,5,64,78,58,84,1
2026-01-04,29,6,46,65,33,78,1
2026-01-04,29,7,59,59,48,70,1
2026-01-04,29,8,61,61,42,80,0
2026-01-04,29,9,57,57,47,67,1
2026-01-04,29,10,38,51,26,63,1
2026-01-04,29,11,38,38,33,43,0
2026-01-04,29,12,51,51,38,64,0
2026-01-04,29,13,53,55,39,69,1
2026-01-04,29,14,56,56,43,69,0
2026-01-04,29,15,43,60,36,67,0
2026-01-04,29,16,50,55,44,61,0
2026-01-04,29,17,43,43,33,53,0
2026-01-04,29,18,55,64,37,82,1
2026-01-04,29,19,47,55,36,66,1
2026-01-04,29,20,39,39,28,50,0
2026-01-04,30,1,59,63,48,74,1
2026-01-04,30,2,65,85,47,103,0
2026-01-04,30,3,56,75,41,90,1
2026-01-04,30,4,69,81,53,97,2
2026-01-04,30,5,56,56,38,74,1
2026-01-04,30,6,59,79,51,87,0
2026-01-04,30,7,79,79,60,98,0
2026-01-04,30,8,69,72,51,90,1
2026-01-04,30,9,70,81,52,99,0
2026-01-04,30,10,75,75,56,94,1
2026-01-04,30,11,59,59,51,67,0
2026-01-04,30,12,75,89,59,105,1
2026-01-04,30,13,56,73,41,88,0
2026-01-04,30,14,61,61,41,81,1
2026-01-04,30,15,68,91,53,106,2
2026-01-04,30,16,64,72,52,84,2
2026-01-04,30,17,49,58,42,65,0
2026-01-04,30,18,54,66,48,72,1
2026-01-04,30,19,57,57,42,72,1
2026-01-04,30,20,51,72,45,78,0
2026-01-04,31,1,52,53,39,66,0
2026-01-04,31,2,73,73,55,91,1
2026-01-04,31,3,35,43,25,53,0
2026-01-04,31,4,70,94,50,114,1
2026-01-04,31,5,56,81,44,93,1
2026-01-04,31,6,48,67,35,80,1
2026-01-04,31,7,61,61,47,75,0
2026-01-04,31,8,66,66,47,85,0
2026-01-04,31,9,61,81,55,87,0
2026-01-04,31,10,67,85,51,101,1
2026-01-04,31,11,62,75,47,90,0
2026-01-04,31,12,51,70,46,75,0
2026-01-04,31,13,77,104,61,120,1
2026-01-04,31,14,64,95,49,110,0
2026-01-04,31,15,61,62,48,75,1
2026-01-04,31,16,65,66,47,84,1
2026-01-04,31,17,22,22,13,31,0
2026-01-04,31,18,48,60,38,70,0
2026-01-04,31,19,34,34,29,39,0
2026-01-04,31,20,46,46,40,52,0
2026-01-04,32,1,39,39,27,51,0
2026-01-04,32,2,42,58,28,72,0
2026-01-04,32,3,47,64,35,76,1
2026-01-04,32,4,55,59,35,79,0
2026-01-04,32,5,33,33,24,42,0
2026-01-04,32,6,49,49,33,65,0
2026-01-04,32,7,45,45,30,60,0
2026-01-04,32,8,39,55,32,62,0
2026-01-04,32,9,37,37,29,45,0
2026-01-04,32,10,33,37,19,51,0
2026-01-04,32,11,37,37,27,47,0
2026-01-04,32,12,41,56,35,62,0
2026-01-04,32,13,24,35,17,42,0
2026-01-04,32,14,39,53,28,64,0
2026-01-04,32,15,45,45,27,63,0
2026-01-04,32,16,38,49,26,61,1
2026-01-04,32,17,29,29,21,37,0
2026-01-04,32,18,45,46,40,51,0
2026-01-04,32,19,31,43,25,49,1
2026-01-04,32,20,46,62,28,80,0
2026-01-04,33,1,54,60,49,65,0
2026-01-04,33,2,47,57,38,66,1
2026-01-04,33,3,62,62,53,71,1
2026-01-04,33,4,55,55,46,64,0
2026-01-04,33,5,39,49,34,54,0
2026-01-04,33,6,44,44,39,49,0
2026-01-04,33,7,65,65,48,82,0
2026-01-04,33,8,51,65,32,84,0
2026-01-04,33,9,50,51,44,57,1
2026-01-04,33,10,59,80,39,100,1
2026-01-04,33,11,51,66,43,74,1
2026-01-04,33,12,51,74,41,84,0
2026-01-04,33,13,46,67,40,73,0
2026-01-04,33,14,62,66,44,84,1
2026-01-04,33,15,42,56,37,61,0
2026-01-04,33,16,56,56,41,71,0
2026-01-04,33,17,57,72,47,82,1
2026-01-04,33,18,52,73,34,91,0
2026-01-04,33,19,63,76,45,94,1
2026-01-04,33,20,48,61,35,74,1
2026-01-04,34,1,51,73,44,80,0
2026-01-04,34,2,71,71,51,91,2
2026-01-04,34,3,56,58,46,68,0
2026-01-04,34,4,62,62,49,75,0
2026-01-04,34,5,61,85,47,99,1
2026-01-04,34,6,52,59,46,65,1
2026-01-04,34,7,65,65,52,78,1
2026-01-04,34,8,68,68,48,88,1
2026-01-04,34,9,55,73,48,80,2
2026-01-04,34,10,34,34,29,39,0
2026-01-04,34,11,64,95,47,112,2
2026-01-04,34,12,52,73,43,82,1
2026-01-04,34,13,50,54,41,63,0
2026-01-04,34,14,62,78,53,87,0
2026-01-04,34,15,58,74,42,90,0
2026-01-04,34,16,64,73,53,84,1
2026-01-04,34,17,49,49,39,59,0
2026-01-04,34,18,63,63,46,80,1
2026-01-04,34,19,41,48,33,56,0
2026-01-04,34,20,48,64,40,72,0
2026-01-04,35,1,41,45,31,55,0
2026-01-04,35,2,57,59,38,78,0
2026-01-04,35,3,52,63,39,76,1
2026-01-04,35,4,52,69,34,87,0
2026-01-04,35,5,34,34,26,42,0
2026-01-04,35,6,46,54,32,68,1
2026-01-04,35,7,53,53,43,63,1
2026-01-04,35,8,52,52,32,72,0
2026-01-04,35,9,51,70,39,82,2
2026-01-04,35,10,46,50,30,66,1
2026-01-04,35,11,43,57,34,66,1
2026-01-04,35,12,41,41,29,53,0
2026-01-04,35,13,46,46,33,59,1
2026-01-04,35,14,58,74,38,94,1
2026-01-04,35,15,43,47,32,58,1
2026-01-04,35,16,43,52,38,57,0
2026-01-04,35,17,49,61,31,79,0
2026-01-04,35,18,48,55,32,71,1
2026-01-04,35,19,50,54,32,72,1
2026-01-04,35,20,46,48,40,54,0
2026-01-04,36,1,39,50,31,58,0
2026-01-04,36,2,48,57,28,77,0
2026-01-04,36,3,39,41,21,59,0
2026-01-04,36,4,66,87,50,103,0
2026-01-04,36,5,50,50,32,68,1
2026-01-04,36,6,53,55,36,72,0
2026-01-04,36,7,38,38,31,45,0
2026-01-04,36,8,38,52,29,61,1
2026-01-04,36,9,46,46,33,59,0
2026-01-04,36,10,33,36,25,44,0
2026-01-04,36,11,59,84,42,101,2
2026-01-04,36,12,44,55,36,63,1
2026-01-04,36,13,48,66,35,79,0
2026-01-04,36,14,50,50,38,62,1
2026-01-04,36,15,47,65,27,85,0
2026-01-04,36,16,51,55,46,60,1
2026-01-04,36,17,24,24,18,30,0
2026-01-04,36,18,52,52,42,62,0
2026-01-04,36,19,28,28,21,35,0
2026-01-04,36,20,64,77,44,97,0
2026-01-04,37,1,62,79,55,86,1
2026-01-04,37,2,54,54,44,64,0
2026-01-04,37,3,66,96,51,111,0
2026-01-04,37,4,63,63,44,82,0
2026-01-04,37,5,47,47,33,61,0
2026-01-04,37,6,46,49,39,56,0
2026-01-04,37,7,65,83,55,93,2
2026-01-04,37,8,67,67,52,82,1
2026-01-04,37,9,71,71,52,90,0
2026-01-04,37,10,67,67,58,76,0
2026-01-04,37,11,52,52,37,67,0
2026-01-04,37,12,59,82,40,101,0
2026-01-04,37,13,63,78,44,97,0
2026-01-04,37,14,67,67,48,86,1
2026-01-04,37,15,46,53,40,59,1
2026-01-04,37,16,81,81,67,95,1
2026-01-04,37,17,62,84,44,102,0
2026-01-04,37,18,77,77,61,93,0
2026-01-04,37,19,64,79,47,96,1
2026-01-04,37,20,59,81,54,86,1
2026-01-04,38,1,59,59,41,77,1
2026-01-04,38,2,56,79,37,98,0
2026-01-04,38,3,45,48,25,68,1
2026-01-04,38,4,56,73,37,92,0
2026-01-04,38,5,40,45,22,63,1
2026-01-04,38,6,42,42,30,54,0
2026-01-04,38,7,43,58,38,63,0
2026-01-04,38,8,50,50,36,64,0
2026-01-04,38,9,49,49,36,62,0
2026-01-04,38,10,34,49,26,57,1
2026-01-04,38,11,55,56,36,75,1
2026-01-04,38,12,46,52,28,70,0
2026-01-04,38,13,38,54,32,60,1
2026-01-04,38,14,51,57,42,66,0
2026-01-04,38,15,37,37,30,44,0
2026-01-04,38,16,48,48,31,65,0
2026-01-04,38,17,19,19,14,24,0
2026-01-04,38,18,41,41,36,46,0
2026-01-04,38,19,29,35,20,44,0
2026-01-04,38,20,49,50,39,60,0
2026-01-04,39,1,29,31,23,37,0
2026-01-04,39,2,58,58,38,78,0
2026-01-04,39,3,47,47,38,56,0
2026-01-04,39,4,58,58,39,77,1
2026-01-04,39,5,43,43,34,52,0
2026-01-04,39,6,47,59,35,71,0
2026-01-04,39,7,46,54,36,64,0
2026-01-04,39,8,68,85,54,99,2
2026-01-04,39,9,46,53,34,65,0
2026-01-04,39,10,43,43,33,53,1
2026-01-04,39,11,59,74,41,92,0
2026-01-04,39,12,53,73,38,88,1
2026-01-04,39,13,39,39,31,47,0
2026-01-04,39,14,51,66,45,72,1
2026-01-04,39,15,56,64,50,70,0
2026-01-04,39,16,48,49,38,59,1
2026-01-04,39,17,42,42,36,48,0
2026-01-04,39,18,40,57,34,63,0
2026-01-04,39,19,34,34,27,41,0
2026-01-04,39,20,47,47,34,60,0
2026-01-04,40,1,65,77,50,92,2
2026-01-04,40,2,60,83,48,95,0
2026-01-04,40,3,48,49,36,61,1
2026-01-04,40,4,45,47,39,53,0
2026-01-04,40,5,77,77,57,97,0
2026-01-04,40,6,70,82,50,102,1
2026-01-04,40,7,65,77,53,89,0
2026-01-04,40,8,58,77,48,87,0
2026-01-04,40,9,57,80,49,88,2
2026-01-04,40,10,50,50,39,61,0
2026-01-04,40,11,58,58,45,71,0
2026-01-04,40,12,75,75,66,84,0
2026-01-04,40,13,54,65,41,78,0
2026-01-04,40,14,54,54,39,69,0
2026-01-04,40,15,57,82,51,88,0
2026-01-04,40,16,58,82,42,98,1
2026-01-04,40,17,56,66,49,73,0
2026-01-04,40,18,70,99,62,107,2
2026-01-04,40,19,56,56,38,74,0
2026-01-04,40,20,63,89,47,105,0
2026-01-04,41,1,46,56,30,72,0
2026-01-04,41,2,59,59,41,77,0
2026-01-04,41,3,40,45,32,53,0
2026-01-04,41,4,69,69,53,85,0
2026-01-04,41,5,39,39,22,56,0
2026-01-04,41,6,47,60,42,65,0
2026-01-04,41,7,66,66,47,85,0
2026-01-04,41,8,29,38,23,44,1
2026-01-04,41,9,46,55,38,63,0
2026-01-04,41,10,53,53,33,73,0
2026-01-04,41,11,54,70,39,85,0
2026-01-04,41,12,49,66,33,82,0
2026-01-04,41,13,51,66,36,81,1
2026-01-04,41,14,49,49,41,57,0
2026-01-04,41,15,56,69,36,89,0
2026-01-04,41,16,48,48,34,62,0
2026-01-04,41,17,49,50,29,70,0
2026-01-04,41,18,44,44,38,50,0
2026-01-04,41,19,26,28,21,33,0
2026-01-04,41,20,44,45,31,58,0
2026-01-04,42,1,52,52,35,69,0
2026-01-04,42,2,38,38,30,46,0
2026-01-04,42,3,41,54,31,64,1
2026-01-04,42,4,39,53,31,61,0
2026-01-04,42,5,37,43,31,49,0
2026-01-04,42,6,44,44,30,58,0
2026-01-04,42,7,53,53,36,70,1
2026-01-04,42,8,36,49,29,56,1
2026-01-04,42,9,46,54,38,62,0
2026-01-04,42,10,36,46,27,55,0
2026-01-04,42,11,55,63,37,81,0
2026-01-04,42,12,38,38,30,46,0
2026-01-04,42,13,33,41,26,48,0
2026-01-04,42,14,54,54,36,72,1
2026-01-04,42,15,42,42,31,53,0
2026-01-04,42,16,52,75,43,84,0
2026-01-04,42,17,54,54,35,73,0
2026-01-04,42,18,60,60,46,74,0
2026-01-04,42,19,46,46,30,62,0
2026-01-04,42,20,25,25,19,31,0
2026-01-04,43,1,56,56,44,68,0
2026-01-04,43,2,50,70,36,84,1
2026-01-04,43,3,50,53,43,60,0
2026-01-04,43,4,55,55,35,75,0
2026-01-04,43,5,67,100,61,106,0
2026-01-04,43,6,64,64,48,80,0
2026-01-04,43,7,58,86,40,104,0
2026-01-04,43,8,48,67,43,72,0
2026-01-04,43,9,66,66,50,82,0
2026-01-04,43,10,63,63,44,82,0
2026-01-04,43,11,46,66,37,75,1
2026-01-04,43,12,57,78,45,90,1
2026-01-04,43,13,53,79,46,86,0
2026-01-04,43,14,59,62,42,79,0
2026-01-04,43,15,53,56,38,71,1
2026-01-04,43,16,72,72,55,89,1
2026-01-04,43,17,55,55,40,70,1
2026-01-04,43,18,51,65,43,73,0
2026-01-04,43,19,54,54,39,69,0
2026-01-04,43,20,64,66,49,81,1
2026-01-04,44,1,43,43,36,50,0
2026-01-04,44,2,56,76,39,93,1
2026-01-04,44,3,69,74,52,91,2
2026-01-04,44,4,52,75,33,94,2
2026-01-04,44,5,57,57,43,71,1
2026-01-04,44,6,59,59,41,77,1
2026-01-04,44,7,47,48,40,55,0
2026-01-04,44,8,53,65,41,77,0
2026-01-04,44,9,49,67,34,82,0
2026-01-04,44,10,40,52,27,65,1
2026-01-04,44,11,53,74,45,82,0
2026-01-04,44,12,66,71,46,91,0
2026-01-04,44,13,47,59,30,76,0
2026-01-04,44,14,61,89,48,102,1
2026-01-04,44,15,38,38,33,43,0
2026-01-04,44,16,54,58,34,78,0
2026-01-04,44,17,65,89,45,109,0
2026-01-04,44,18,54,80,43,91,1
2026-01-04,44,19,45,45,37,53,0
2026-01-04,44,20,57,66,48,75,0
2026-01-04,45,1,61,81,51,91,1
2026-01-04,45,2,82,93,68,107,0
2026-01-04,45,3,60,81,47,94,1
2026-01-04,45,4,57,57,40,74,1
2026-01-04,45,5,35,35,28,42,0
2026-01-04,45,6,55,82,50,87,0
2026-01-04,45,7,60,84,51,93,0
2026-01-04,45,8,55,75,46,84,1
2026-01-04,45,9,63,74,45,92,1
2026-01-04,45,10,39,39,34,44,0
2026-01-04,45,11,79,87,69,97,0
2026-01-04,45,12,80,80,62,98,0
2026-01-04,45,13,55,69,43,81,1
2026-01-04,45,14,72,87,53,106,0
2026-01-04,45,15,59,59,43,75,0
2026-01-04,45,16,66,90,48,108,1
2026-01-04,45,17,59,59,54,64,1
2026-01-04,45,18,71,96,57,110,1
2026-01-04,45,19,69,84,55,98,2
2026-01-04,45,20,49,49,42,56,0
2026-01-04,46,1,72,72,59,85,0
2026-01-04,46,2,72,102,53,121,2
2026-01-04,46,3,66,66,55,77,1
2026-01-04,46,4,55,68,46,77,1
2026-01-04,46,5,77,89,57,109,1
2026-01-04,46,6,49,70,43,76,0
2026-01-04,46,7,62,87,46,103,0
2026-01-04,46,8,65,85,52,98,1
2026-01-04,46,9,55,59,50,64,0
2026-01-04,46,10,58,76,44,90,1
2026-01-04,46,11,56,59,50,65,1
2026-01-04,46,12,63,77,49,91,1
2026-01-04,46,13,51,51,38,64,1
2026-01-04,46,14,46,49,40,55,1
2026-01-04,46,15,64,92,52,104,1
2026-01-04,46,16,57,70,43,84,2
2026-01-04,46,17,62,62,45,79,1
2026-01-04,46,18,40,46,23,63,0
2026-01-04,46,19,72,89,57,104,0
2026-01-04,46,20,69,82,55,96,1
2026-01-04,47,1,59,83,44,98,1
2026-01-04,47,2,58,58,49,67,0
2026-01-04,47,3,56,64,40,80,1
2026-01-04,47,4,54,79,47,86,1
2026-01-04,47,5,57,57,48,66,1
2026-01-04,47,6,70,70,56,84,0
2026-01-04,47,7,56,56,50,62,1
2026-01-04,47,8,63,90,49,104,1
2026-01-04,47,9,60,60,54,66,0
2026-01-04,47,10,65,82,48,99,2
2026-01-04,47,11,63,63,54,72,1
2026-01-04,47,12,74,89,56,107,0
2026-01-04,47,13,76,107,56,127,1
2026-01-04,47,14,73,85,61,97,2
2026-01-04,47,15,63,63,54,72,0
2026-01-04,47,16,58,82,52,88,0
2026-01-04,47,17,49,49,43,55,0
2026-01-04,47,18,66,66,57,75,0
2026-01-04,47,19,64,66,54,76,0
2026-01-04,47,20,58,58,43,73,0
2026-01-04,48,1,62,88,49,101,0
2026-01-04,48,2,58,66,38,86,0
2026-01-04,48,3,44,65,38,71,1
2026-01-04,48,4,53,53,39,67,1
2026-01-04,48,5,48,48,31,65,0
2026-01-04,48,6,37,37,31,43,0
2026-01-04,48,7,66,79,50,95,1
2026-01-04,48,8,51,51,38,64,0
2026-01-04,48,9,46,51,41,56,1
2026-01-04,48,10,54,75,34,95,0
2026-01-04,48,11,54,54,40,68,0
2026-01-04,48,12,48,58,39,67,0
2026-01-04,48,13,54,66,38,82,0
2026-01-04,48,14,53,53,47,59,0
2026-01-04,48,15,64,64,44,84,1
2026-01-04,48,16,67,87,48,106,1
2026-01-04,48,17,47,58,34,71,0
2026-01-04,48,18,50,50,36,64,1
2026-01-04,48,19,36,50,24,62,1
2026-01-04,48,20,49,55,32,72,1
2026-01-04,49,1,54,54,35,73,1
2026-01-04,49,2,50,50,37,63,0
2026-01-04,49,3,48,50,32,66,0
2026-01-04,49,4,51,51,39,63,1
2026-01-04,49,5,54,55,41,68,0
2026-01-04,49,6,50,50,39,61,1
2026-01-04,49,7,39,54,33,60,1
2026-01-04,49,8,41,41,32,50,0
2026-01-04,49,9,47,59,39,67,0
2026-01-04,49,10,43,45,30,58,0
2026-01-04,49,11,62,77,49,90,2
2026-01-04,49,12,36,48,30,54,0
2026-01-04,49,13,48,57,30,75,1
2026-01-04,49,14,54,75,41,88,2
2026-01-04,49,15,43,64,36,71,0
2026-01-04,49,16,67,69,55,81,0
2026-01-04,49,17,50,63,41,72,1
2026-01-04,49,18,43,63,28,78,0
2026-01-04,49,19,43,43,37,49,0
2026-01-04,49,20,41,57,22,76,0
2026-01-04,50,1,58,65,38,85,1
2026-01-04,50,2,54,59,39,74,0
2026-01-04,50,3,30,30,21,39,0
2026-01-04,50,4,58,79,43,94,0
2026-01-04,50,5,42,62,32,72,1
2026-01-04,50,6,63,63,44,82,1
2026-01-04,50,7,67,96,48,115,1
2026-01-04,50,8,66,85,47,104,1
2026-01-04,50,9,47,64,35,76,0
2026-01-04,50,10,51,51,39,63,1
2026-01-04,50,11,53,53,43,63,1
2026-01-04,50,12,52,52,46,58,0
2026-01-04,50,13,62,62,53,71,1
2026-01-04,50,14,49,49,36,62,0
2026-01-04,50,15,48,71,36,83,1
2026-01-04,50,16,45,45,38,52,0
2026-01-04,50,17,47,64,30,81,0
2026-01-04,50,18,53,68,40,81,1
2026-01-04,50,19,29,29,19,39,0
2026-01-04,50,20,63,73,48,88,1
2026-01-11,1,1,69,69,62,76,0
2026-01-11,1,2,89,89,72,106,0
2026-01-11,1,3,54,54,47,61,1
2026-01-11,1,4,58,58,47,69,0
2026-01-11,1,5,65,93,50,108,1
2026-01-11,1,6,64,64,50,78,1
2026-01-11,1,7,66,93,51,108,1
2026-01-11,1,8,53,75,39,89,1
2026-01-11,1,9,70,70,55,85,1
2026-01-11,1,10,53,53,39,67,0
2026-01-11,1,11,74,79,61,92,1
2026-01-11,1,12,71,91,61,101,2
2026-01-11,1,13,56,56,43,69,0
2026-01-11,1,14,68,73,52,89,1
2026-01-11,1,15,63,63,50,76,1
2026-01-11,1,16,63,92,56,99,0
2026-01-11,1,17,78,81,59,100,0
2026-01-11,1,18,45,49,34,60,0
2026-01-11,1,19,35,40,29,46,0
2026-01-11,1,20,58,58,47,69,1
2026-01-11,2,1,35,35,24,46,0
2026-01-11,2,2,43,63,29,77,1
2026-01-11,2,3,41,41,21,61,1
2026-01-11,2,4,53,55,37,71,0
2026-01-11,2,5,45,47,25,67,0
2026-01-11,2,6,58,71,47,82,1
2026-01-11,2,7,41,59,36,64,1
2026-01-11,2,8,47,48,34,61,1
2026-01-11,2,9,44,44,32,56,0
2026-01-11,2,10,35,48,15,68,0
2026-01-11,2,11,40,53,35,58,1
2026-01-11,2,12,47,56,36,67,0
2026-01-11,2,13,34,38,25,47,1
2026-01-11,2,14,51,51,38,64,0
2026-01-11,2,15,38,55,33,60,0
2026-01-11,2,16,34,38,23,49,0
2026-01-11,2,17,41,43,28,56,0
2026-01-11,2,18,49,49,36,62,1
2026-01-11,2,19,27,27,21,33,0
2026-01-11,2,20,37,37,30,44,0
2026-01-11,3,1,52,58,34,76,0
2026-01-11,3,2,38,38,23,53,0
2026-01-11,3,3,35,35,23,47,0
2026-01-11,3,4,55,82,42,95,0
2026-01-11,3,5,41,41,32,50,1
2026-01-11,3,6,52,65,43,74,1
2026-01-11,3,7,59,66,47,78,1
2026-01-11,3,8,53,53,42,64,0
2026-01-11,3,9,40,40,35,45,0
2026-01-11,3,10,54,54,35,73,0
2026-01-11,3,11,47,47,39,55,1
2026-01-11,3,12,46,46,32,60,1
2026-01-11,3,13,63,63,45,81,0
2026-01-11,3,14,68,79,49,98,1
2026-01-11,3,15,52,66,34,84,1
2026-01-11,3,16,37,46,30,53,0
2026-01-11,3,17,51,51,39,63,1
2026-01-11,3,18,60,60,46,74,1
2026-01-11,3,19,39,47,28,58,0
2026-01-11,3,20,52,63,44,71,0
2026-01-11,4,1,74,74,54,94,1
2026-01-11,4,2,65,65,57,73,0
2026-01-11,4,3,54,54,42,66,0
2026-01-11,4,4,51,74,40,85,1
2026-01-11,4,5,53,60,39,74,1
2026-01-11,4,6,55,55,46,64,1
2026-01-11,4,7,77,91,71,97,1
2026-01-11,4,8,57,60,41,76,0
2026-01-11,4,9,64,87,59,92,2
2026-01-11,4,10,47,49,42,54,0
2026-01-11,4,11,76,98,58,116,0
2026-01-11,4,12,72,72,60,84,0
2026-01-11,4,13,66,95,48,113,1
2026-01-11,4,14,56,56,41,71,0
2026-01-11,4,15,76,88,56,108,2
2026-01-11,4,16,47,47,41,53,0
2026-01-11,4,17,54,54,42,66,1
2026-01-11,4,18,80,80,63,97,1
2026-01-11,4,19,57,57,41,73,0
2026-01-11,4,20,38,38,27,49,0
2026-01-11,5,1,46,46,33,59,0
2026-01-11,5,2,36,50,27,59,1
2026-01-11,5,3,37,37,29,45,0
2026-01-11,5,4,53,53,39,67,1
2026-01-11,5,5,31,34,20,45,0
2026-01-11,5,6,32,33,20,45,0
2026-01-11,5,7,52,75,32,95,0
2026-01-11,5,8,45,57,31,71,0
2026-01-11,5,9,42,44,32,54,0
2026-01-11,5,10,41,52,28,65,1
2026-01-11,5,11,37,45,26,56,0
2026-01-11,5,12,46,67,28,85,1
2026-01-11,5,13,51,61,34,78,0
2026-01-11,5,14,50,50,32,68,0
2026-01-11,5,15,53,53,44,62,1
2026-01-11,5,16,43,43,25,61,0
2026-01-11,5,17,48,63,33,78,0
2026-01-11,5,18,55,55,35,75,1
2026-01-11,5,19,31,31,20,42,0
2026-01-11,5,20,39,49,28,60,0
2026-01-11,6,1,49,57,38,68,1
2026-01-11,6,2,46,58,29,75,1
2026-01-11,6,3,41,50,30,61,0
2026-01-11,6,4,45,59,39,65,0
2026-01-11,6,5,48,58,32,74,0
2026-01-11,6,6,51,74,33,92,0
2026-01-11,6,7,56,73,37,92,1
2026-01-11,6,8,49,51,32,68,0
2026-01-11,6,9,52,52,33,71,1
2026-01-11,6,10,50,50,34,66,0
2026-01-11,6,11,47,47,41,53,1
2026-01-11,6,12,55,55,45,65,1
2026-01-11,6,13,38,38,30,46,0
2026-01-11,6,14,52,53,38,67,0
2026-01-11,6,15,60,73,52,81,0
2026-01-11,6,16,46,58,34,70,0
2026-01-11,6,17,39,47,32,54,0
2026-01-11,6,18,50,50,39,61,0
2026-01-11,6,19,56,56,51,61,1
2026-01-11,6,20,40,58,32,66,0
2026-01-11,7,1,46,46,38,54,1
2026-01-11,7,2,41,56,29,68,0
2026-01-11,7,3,25,28,20,33,0
2026-01-11,7,4,62,62,46,78,1
2026-01-11,7,5,34,34,25,43,0
2026-01-11,7,6,46,46,33,59,1
2026-01-11,7,7,57,57,38,76,0
2026-01-11,7,8,50,72,34,88,1
2026-01-11,7,9,48,59,40,67,1
2026-01-11,7,10,48,48,36,60,0
2026-01-11,7,11,56,56,47,65,0
2026-01-11,7,12,44,60,36,68,1
2026-01-11,7,13,51,51,37,65,0
2026-01-11,7,14,48,63,35,76,1
2026-01-11,7,15,46,64,40,70,1
2026-01-11,7,16,59,59,43,75,1
2026-01-11,7,17,38,39,32,45,1
2026-01-11,7,18,49,56,33,72,0
2026-01-11,7,19,30,30,25,35,0
2026-01-11,7,20,47,49,33,63,0
2026-01-11,8,1,46,46,26,66,0
2026-01-11,8,2,44,51,29,66,1
2026-01-11,8,3,50,50,33,67,0
2026-01-11,8,4,47,55,33,69,1
2026-01-11,8,5,44,47,26,65,0
2026-01-11,8,6,37,37,23,51,0
2026-01-11,8,7,42,57,25,74,0
2026-01-11,8,8,45,64,29,80,0
2026-01-11,8,9,49,49,37,61,0
2026-01-11,8,10,46,58,34,70,0
2026-01-11,8,11,57,63,37,83,1
2026-01-11,8,12,57,66,37,86,1
2026-01-11,8,13,39,46,19,66,0
2026-01-11,8,14,58,58,44,72,1
2026-01-11,8,15,43,43,28,58,1
2026-01-11,8,16,42,42,33,51,0
2026-01-11,8,17,44,44,29,59,1
2026-01-11,8,18,45,45,32,58,0
2026-01-11,8,19,33,37,27,43,1
2026-01-11,8,20,26,26,17,35,0
2026-01-11,9,1,78,92,62,108,2
2026-01-11,9,2,83,110,70,123,0
2026-01-11,9,3,63,91,46,108,1
2026-01-11,9,4,67,90,55,102,2
2026-01-11,9,5,69,69,57,81,1
2026-01-11,9,6,73,87,55,105,1
2026-01-11,9,7,60,60,51,69,0
2026-01-11,9,8,60,65,51,74,1
2026-01-11,9,9,61,69,48,82,0
2026-01-11,9,10,76,86,59,103,1
2026-01-11,9,11,76,78,59,95,1
2026-01-11,9,12,69,69,60,78,1
2026-01-11,9,13,66,91,48,109,1
2026-01-11,9,14,94,133,89,138,1
2026-01-11,9,15,62,88,56,94,2
2026-01-11,9,16,53,53,43,63,0
2026-01-11,9,17,69,102,55,116,1
2026-01-11,9,18,61,61,56,66,1
2026-01-11,9,19,71,90,53,108,2
2026-01-11,9,20,75,75,62,88,1
2026-01-11,10,1,60,61,40,81,0
2026-01-11,10,2,63,63,56,70,0
2026-01-11,10,3,49,71,44,76,1
2026-01-11,10,4,59,59,42,76,0
2026-01-11,10,5,66,67,55,78,1
2026-01-11,10,6,70,70,53,87,1
2026-01-11,10,7,77,105,63,119,2
2026-01-11,10,8,60,60,55,65,1
2026-01-11,10,9,75,75,58,92,1
2026-01-11,10,10,65,71,49,87,1
2026-01-11,10,11,89,89,73,105,1
2026-01-11,10,12,63,86,55,94,1
2026-01-11,10,13,70,77,52,95,1
2026-01-11,10,14,66,95,60,101,1
2026-01-11,10,15,68,94,48,114,2
2026-01-11,10,16,70,70,52,88,0
2026-01-11,10,17,69,97,51,115,1
2026-01-11,10,18,62,75,43,94,1
2026-01-11,10,19,80,80,64,96,1
2026-01-11,10,20,51,64,45,70,0
2026-01-11,11,1,60,60,43,77,1
2026-01-11,11,2,50,57,37,70,1
2026-01-11,11,3,41,59,25,75,0
2026-01-11,11,4,45,56,39,62,1
2026-01-11,11,5,38,51,28,61,1
2026-01-11,11,6,51,56,35,72,0
2026-01-11,11,7,58,58,39,77,1
2026-01-11,11,8,69,69,49,89,0
2026-01-11,11,9,55,68,47,76,0
2026-01-11,11,10,50,50,30,70,0
2026-01-11,11,11,60,63,45,78,0
2026-01-11,11,12,63,77,47,93,1
2026-01-11,11,13,53,53,33,73,0
2026-01-11,11,14,68,94,60,102,0
2026-01-11,11,15,50,73,36,87,1
2026-01-11,11,16,43,46,38,51,0
2026-01-11,11,17,33,44,28,49,0
2026-01-11,11,18,59,62,45,76,0
2026-01-11,11,19,30,36,15,51,0
2026-01-11,11,20,56,64,37,83,0
2026-01-11,12,1,50,52,43,59,0
2026-01-11,12,2,55,62,49,68,1
2026-01-11,12,3,49,49,33,65,0
2026-01-11,12,4,69,69,52,86,1
2026-01-11,12,5,35,47,29,53,0
2026-01-11,12,6,53,53,37,69,1
2026-01-11,12,7,50,72,33,89,1
2026-01-11,12,8,36,51,24,63,1
2026-01-11,12,9,57,60,41,76,1
2026-01-11,12,10,60,81,47,94,1
2026-01-11,12,11,38,41,28,51,0
2026-01-11,12,12,58,80,42,96,0
2026-01-11,12,13,51,51,44,58,0
2026-01-11,12,14,50,68,35,83,1
2026-01-11,12,15,51,56,37,70,1
2026-01-11,12,16,69,69,54,84,0
2026-01-11,12,17,43,43,32,54,0
2026-01-11,12,18,67,70,48,89,0
2026-01-11,12,19,44,44,34,54,0
2026-01-11,12,20,45,48,33,60,0
2026-01-11,13,1,73,83,59,97,1
2026-01-11,13,2,58,60,50,68,1
2026-01-11,13,3,69,69,54,84,1
2026-01-11,13,4,54,71,46,79,2
2026-01-11,13,5,64,93,57,100,2
2026-01-11,13,6,85,113,73,125,2
2026-01-11,13,7,55,57,47,65,1
2026-01-11,13,8,70,72,52,90,1
2026-01-11,13,9,78,78,71,85,1
2026-01-11,13,10,84,97,65,116,1
2026-01-11,13,11,96,116,80,132,0
2026-01-11,13,12,59,59,52,66,0
2026-01-11,13,13,77,77,59,95,0
2026-01-11,13,14,62,71,55,78,1
2026-01-11,13,15,77,77,60,94,2
2026-01-11,13,16,86,86,79,93,1
2026-01-11,13,17,75,98,64,109,2
2026-01-11,13,18,77,85,62,100,1
2026-01-11,13,19,66,66,52,80,0
2026-01-11,13,20,79,79,64,94,0
2026-01-11,14,1,44,60,39,65,1
2026-01-11,14,2,43,52,35,60,1
2026-01-11,14,3,47,47,38,56,0
2026-01-11,14,4,55,55,42,68,1
2026-01-11,14,5,45,49,30,64,1
2026-01-11,14,6,54,66,39,81,0
2026-01-11,14,7,53,53,37,69,0
2026-01-11,14,8,45,65,32,78,1
2026-01-11,14,9,43,60,32,71,0
2026-01-11,14,10,50,69,42,77,0
2026-01-11,14,11,35,47,30,52,0
2026-01-11,14,12,41,49,34,56,1
2026-01-11,14,13,61,62,43,80,0
2026-01-11,14,14,47,47,38,56,0
2026-01-11,14,15,58,58,45,71,1
2026-01-11,14,16,46,46,41,51,0
2026-01-11,14,17,41,41,27,55,0
2026-01-11,14,18,52,66,32,86,0
2026-01-11,14,19,56,56,37,75,0
2026-01-11,14,20,42,42,33,51,0
2026-01-11,15,1,48,48,36,60,0
2026-01-11,15,2,48,48,29,67,0
2026-01-11,15,3,31,32,22,41,0
2026-01-11,15,4,54,61,36,79,1
2026-01-11,15,5,27,36,16,47,0
2026-01-11,15,6,48,48,36,60,0
2026-01-11,15,7,46,46,28,64,1
2026-01-11,15,8,43,43,31,55,0
2026-01-11,15,9,41,52,26,67,0
2026-01-11,15,10,34,34,26,42,0
2026-01-11,15,11,52,52,40,64,1
2026-01-11,15,12,48,48,34,62,0
2026-01-11,15,13,47,47,28,66,0
2026-01-11,15,14,41,56,29,68,1
2026-01-11,15,15,47,47,31,63,0
2026-01-11,15,16,43,63,31,75,0
2026-01-11,15,17,37,37,26,48,0
2026-01-11,15,18,40,51,27,64,0
2026-01-11,15,19,32,47,23,56,0
2026-01-11,15,20,50,69,33,86,0
2026-01-11,16,1,48,50,38,60,1
2026-01-11,16,2,53,70,36,87,0
2026-01-11,16,3,43,64,38,69,1
2026-01-11,16,4,43,58,38,63,0
2026-01-11,16,5,42,60,26,76,1
2026-01-11,16,6,44,44,38,50,0
2026-01-11,16,7,58,60,43,75,1
2026-01-11,16,8,68,85,51,102,0
2026-01-11,16,9,75,100,56,119,2
2026-01-11,16,10,59,71,41,89,1
2026-01-11,16,11,61,88,42,107,1
2026-01-11,16,12,56,56,42,70,0
2026-01-11,16,13,48,60,42,66,0
2026-01-11,16,14,48,55,41,62,0
2026-01-11,16,15,54,65,39,80,1
2026-01-11,16,16,64,64,49,79,0
2026-01-11,16,17,58,63,38,83,1
2026-01-11,16,18,47,47,31,63,1
2026-01-11,16,19,59,65,40,84,1
2026-01-11,16,20,60,60,41,79,1
2026-01-11,17,1,46,49,39,56,1
2026-01-11,17,2,51,56,39,68,0
2026-01-11,17,3,51,51,32,70,0
2026-01-11,17,4,58,70,39,89,0
2026-01-11,17,5,53,74,36,91,2
2026-01-11,17,6,54,54,41,67,1
2026-01-11,17,7,50,50,30,70,0
2026-01-11,17,8,43,47,36,54,0
2026-01-11,17,9,63,82,54,91,1
2026-01-11,17,10,32,32,25,39,0
2026-01-11,17,11,50,69,43,76,0
2026-01-11,17,12,49,50,35,64,1
2026-01-11,17,13,36,36,26,46,0
2026-01-11,17,14,52,52,38,66,1
2026-01-11,17,15,34,45,28,51,0
2026-01-11,17,16,42,54,35,61,0
2026-01-11,17,17,38,54,32,60,0
2026-01-11,17,18,49,49,41,57,0
2026-01-11,17,19,58,72,40,90,1
2026-01-11,17,20,37,42,27,52,0
2026-01-11,18,1,95,104,82,117,0
2026-01-11,18,2,77,109,60,126,1
2026-01-11,18,3,51,69,41,79,0
2026-01-11,18,4,76,95,62,109,2
2026-01-11,18,5,60,75,53,82,0
2026-01-11,18,6,73,106,58,121,2
2026-01-11,18,7,67,67,52,82,0
2026-01-11,18,8,97,136,87,146,0
2026-01-11,18,9,72,72,55,89,1
2026-01-11,18,10,59,63,40,82,1
2026-01-11,18,11,84,101,64,121,1
2026-01-11,18,12,77,77,62,92,1
2026-01-11,18,13,93,137,73,157,3
2026-01-11,18,14,77,108,63,122,2
2026-01-11,18,15,61,71,49,83,0
2026-01-11,18,16,68,96,57,107,2
2026-01-11,18,17,65,70,60,75,1
2026-01-11,18,18,64,84,45,103,1
2026-01-11,18,19,81,98,74,105,0
2026-01-11,18,20,67,85,62,90,1
2026-01-11,19,1,48,48,31,65,0
2026-01-11,19,2,37,37,21,53,0
2026-01-11,19,3,46,53,30,69,0
2026-01-11,19,4,59,72,48,83,1
2026-01-11,19,5,38,56,26,68,0
2026-01-11,19,6,47,60,32,75,0
2026-01-11,19,7,61,85,42,104,2
2026-01-11,19,8,43,45,36,52,1
2026-01-11,19,9,58,71,44,85,1
2026-01-11,19,10,40,42,30,52,0
2026-01-11,19,11,67,67,50,84,1
2026-01-11,19,12,43,43,38,48,0
2026-01-11,19,13,48,61,32,77,1
2026-01-11,19,14,35,39,30,44,0
2026-01-11,19,15,49,59,30,78,0
2026-01-11,19,16,32,32,27,37,0
2026-01-11,19,17,40,40,29,51,0
2026-01-11,19,18,42,42,25,59,0
2026-01-11,19,19,49,56,30,75,1
2026-01-11,19,20,51,66,33,84,0
2026-01-11,20,1,63,80,43,100,1
2026-01-11,20,2,49,49,42,56,0
2026-01-11,20,3,36,42,24,54,1
2026-01-11,20,4,41,47,33,55,1
2026-01-11,20,5,45,61,26,80,0
2026-01-11,20,6,59,78,42,95,0
2026-01-11,20,7,63,69,48,84,1
2026-01-11,20,8,58,82,42,98,1
2026-01-11,20,9,65,65,50,80,0
2026-01-11,20,10,41,52,35,58,0
2026-01-11,20,11,57,57,41,73,1
2026-01-11,20,12,56,59,50,65,0
2026-01-11,20,13,49,59,39,69,0
2026-01-11,20,14,48,63,43,68,0
2026-01-11,20,15,48,69,40,77,1
2026-01-11,20,16,52,75,39,88,0
2026-01-11,20,17,43,49,30,62,0
2026-01-11,20,18,61,61,47,75,0
2026-01-11,20,19,52,63,32,83,1
2026-01-11,20,20,57,63,45,75,0
2026-01-11,21,1,53,53,44,62,0
2026-01-11,21,2,47,47,36,58,1
2026-01-11,21,3,50,50,42,58,0
2026-01-11,21,4,43,43,34,52,0
2026-01-11,21,5,61,61,46,76,0
2026-01-11,21,6,48,61,36,73,0
2026-01-11,21,7,72,95,54,113,2
2026-01-11,21,8,35,35,26,44,0
2026-01-11,21,9,44,56,31,69,1
2026-01-11,21,10,44,49,29,64,0
2026-01-11,21,11,64,94,50,108,0
2026-01-11,21,12,37,46,31,52,1
2026-01-11,21,13,48,56,41,63,1
2026-01-11,21,14,52,74,38,88,0
2026-01-11,21,15,52,59,39,72,1
2026-01-11,21,16,35,35,30,40,0
2026-01-11,21,17,49,49,30,68,0
2026-01-11,21,18,51,72,35,88,1
2026-01-11,21,19,55,55,39,71,1
2026-01-11,21,20,40,40,28,52,0
2026-01-11,22,1,42,53,34,61,0
2026-01-11,22,2,61,61,47,75,0
2026-01-11,22,3,56,56,40,72,0
2026-01-11,22,4,55,55,42,68,0
2026-01-11,22,5,46,46,38,54,1
2026-01-11,22,6,44,46,35,55,0
2026-01-11,22,7,44,57,39,62,0
2026-01-11,22,8,49,55,39,65,0
2026-01-11,22,9,62,81,42,101,1
2026-01-11,22,10,43,45,34,54,0
2026-01-11,22,11,51,51,38,64,1
2026-01-11,22,12,57,74,39,92,0
2026-01-11,22,13,33,33,26,40,0
2026-01-11,22,14,45,45,30,60,0
2026-01-11,22,15,39,44,34,49,0
2026-01-11,22,16,43,46,37,52,0
2026-01-11,22,17,52,77,32,97,0
2026-01-11,22,18,40,49,30,59,1
2026-01-11,22,19,41,46,23,64,0
2026-01-11,22,20,40,55,33,62,0
2026-01-11,23,1,52,60,37,75,0
2026-01-11,23,2,61,61,42,80,0
2026-01-11,23,3,67,67,52,82,1
2026-01-11,23,4,58,58,38,78,0
2026-01-11,23,5,53,53,34,72,0
2026-01-11,23,6,46,46,31,61,0
2026-01-11,23,7,50,65,37,78,0
2026-01-11,23,8,56,56,39,73,0
2026-01-11,23,9,41,47,23,65,1
2026-01-11,23,10,55,65,42,78,0
2026-01-11,23,11,50,50,32,68,0
2026-01-11,23,12,41,43,30,54,1
2026-01-11,23,13,42,42,29,55,0
2026-01-11,23,14,56,67,36,87,0
2026-01-11,23,15,48,59,36,71,0
2026-01-11,23,16,48,71,38,81,0
2026-01-11,23,17,40,40,32,48,0
2026-01-11,23,18,57,58,46,69,1
2026-01-11,23,19,42,57,30,69,1
2026-01-11,23,20,38,45,25,58,1
2026-01-11,24,1,63,84,43,104,0
2026-01-11,24,2,55,76,43,88,0
2026-01-11,24,3,52,73,38,87,0
2026-01-11,24,4,62,62,45,79,0
2026-01-11,24,5,46,59,41,64,0
2026-01-11,24,6,65,65,45,85,0
2026-01-11,24,7,77,77,59,95,1
2026-01-11,24,8,51,51,41,61,0
2026-01-11,24,9,51,51,46,56,0
2026-01-11,24,10,56,56,49,63,0
2026-01-11,24,11,68,68,54,82,1
2026-01-11,24,12,69,69,55,83,1
2026-01-11,24,13,68,92,52,108,1
2026-01-11,24,14,66,66,57,75,1
2026-01-11,24,15,64,92,49,107,1
2026-01-11,24,16,61,91,41,111,0
2026-01-11,24,17,57,71,41,87,1
2026-01-11,24,18,65,86,47,104,0
2026-01-11,24,19,59,68,48,79,1
2026-01-11,24,20,47,70,36,81,0
2026-01-11,25,1,91,91,76,106,0
2026-01-11,25,2,91,91,80,102,2
2026-01-11,25,3,72,88,65,95,2
2026-01-11,25,4,69,87,53,103,1
2026-01-11,25,5,68,96,51,113,1
2026-01-11,25,6,78,80,58,100,1
2026-01-11,25,7,66,73,48,91,0
2026-01-11,25,8,78,78,72,84,0
2026-01-11,25,9,79,109,64,124,2
2026-01-11,25,10,69,98,61,106,2
2026-01-11,25,11,102,137,88,151,1
2026-01-11,25,12,70,104,59,115,1
2026-01-11,25,13,51,74,44,81,0
2026-01-11,25,14,78,78,64,92,0
2026-01-11,25,15,68,68,52,84,0
2026-01-11,25,16,85,85,66,104,0
2026-01-11,25,17,97,122,82,137,3
2026-01-11,25,18,84,84,66,102,1
2026-01-11,25,19,71,71,56,86,0
2026-01-11,25,20,63,84,52,95,2
2026-01-11,26,1,44,44,37,51,0
2026-01-11,26,2,57,62,42,77,1
2026-01-11,26,3,43,50,34,59,0
2026-01-11,26,4,56,56,37,75,1
2026-01-11,26,5,43,43,33,53,0
2026-01-11,26,6,39,39,33,45,0
2026-01-11,26,7,40,54,29,65,0
2026-01-11,26,8,47,56,42,61,0
2026-01-11,26,9,43,59,37,65,1
2026-01-11,26,10,43,43,32,54,0
2026-01-11,26,11,64,71,49,86,1
2026-01-11,26,12,55,55,37,73,1
2026-01-11,26,13,40,50,30,60,0
2026-01-11,26,14,63,91,49,105,0
2026-01-11,26,15,64,64,44,84,1
2026-01-11,26,16,67,95,51,111,2
2026-01-11,26,17,59,76,40,95,1
2026-01-11,26,18,39,44,34,49,1
2026-01-11,26,19,45,61,29,77,1
2026-01-11,26,20,53,53,33,73,1
2026-01-11,27,1,53,74,39,88,1
2026-01-11,27,2,38,38,23,53,0
2026-01-11,27,3,60,61,40,81,0
2026-01-11,27,4,71,74,59,86,0
2026-01-11,27,5,57,57,47,67,0
2026-01-11,27,6,49,49,40,58,0
2026-01-11,27,7,54,68,40,82,1
2026-01-11,27,8,75,75,63,87,1
2026-01-11,27,9,66,75,59,82,1
2026-01-11,27,10,56,81,36,101,0
2026-01-11,27,11,68,68,52,84,1
2026-01-11,27,12,39,53,33,59,0
2026-01-11,27,13,58,58,50,66,0
2026-01-11,27,14,59,59,54,64,0
2026-01-11,27,15,44,52,39,57,0
2026-01-11,27,16,43,50,38,55,0
2026-01-11,27,17,54,54,34,74,0
2026-01-11,27,18,58,63,39,82,1
2026-01-11,27,19,53,77,46,84,0
2026-01-11,27,20,65,65,45,85,0
2026-01-11,28,1,54,76,48,82,1
2026-01-11,28,2,55,55,42,68,1
2026-01-11,28,3,60,60,49,71,1
2026-01-11,28,4,61,76,48,89,0
2026-01-11,28,5,64,64,48,80,1
2026-01-11,28,6,54,54,43,65,1
2026-01-11,28,7,83,107,65,125,0
2026-01-11,28,8,52,54,42,64,0
2026-01-11,28,9,54,54,39,69,0
2026-01-11,28,10,58,76,45,89,0
2026-01-11,28,11,77,81,57,101,1
2026-01-11,28,12,54,80,42,92,0
2026-01-11,28,13,68,68,53,83,0
2026-01-11,28,14,76,76,57,95,1
2026-01-11,28,15,55,55,46,64,1
2026-01-11,28,16,71,71,64,78,1
2026-01-11,28,17,69,78,56,91,2
2026-01-11,28,18,60,60,53,67,1
2026-01-11,28,19,44,63,37,70,1
2026-01-11,28,20,69,92,49,112,1
2026-01-11,29,1,66,85,49,102,0
2026-01-11,29,2,59,77,40,96,2
2026-01-11,29,3,54,54,42,66,0
2026-01-11,29,4,46,54,40,60,0
2026-01-11,29,5,54,54,42,66,0
2026-01-11,29,6,50,60,39,71,0
2026-01-11,29,7,60,73,43,90,1
2026-01-11,29,8,49,60,40,69,1
2026-01-11,29,9,47,55,35,67,0
2026-01-11,29,10,51,51,39,63,0
2026-01-11,29,11,63,63,52,74,0
2026-01-11,29,12,56,78,43,91,0
2026-01-11,29,13,60,60,46,74,1
2026-01-11,29,14,54,54,45,63,0
2026-01-11,29,15,58,58,44,72,1
2026-01-11,29,16,58,58,41,75,0
2026-01-11,29,17,55,66,35,86,0
2026-01-11,29,18,57,57,38,76,0
2026-01-11,29,19,56,56,48,64,0
2026-01-11,29,20,42,56,35,63,0
2026-01-11,30,1,65,95,50,110,1
2026-01-11,30,2,38,38,29,47,1
2026-01-11,30,3,55,79,38,96,1
2026-01-11,30,4,92,123,75,140,1
2026-01-11,30,5,73,73,67,79,0
2026-01-11,30,6,52,52,42,62,1
2026-01-11,30,7,61,73,49,85,0
2026-01-11,30,8,64,64,50,78,0
2026-01-11,30,9,66,72,47,91,0
2026-01-11,30,10,55,55,35,75,0
2026-01-11,30,11,60,77,45,92,1
2026-01-11,30,12,66,83,46,103,0
2026-01-11,30,13,48,48,37,59,0
2026-01-11,30,14,64,82,51,95,0
2026-01-11,30,15,73,73,61,85,1
2026-01-11,30,16,72,74,55,91,1
2026-01-11,30,17,44,62,39,67,0
2026-01-11,30,18,58,81,53,86,0
2026-01-11,30,19,57,57,45,69,0
2026-01-11,30,20,66,66,51,81,1
2026-01-11,31,1,58,66,45,79,1
2026-01-11,31,2,67,97,52,112,2
2026-01-11,31,3,56,75,36,95,1
2026-01-11,31,4,64,73,51,86,2
2026-01-11,31,5,51,63,38,76,1
2026-01-11,31,6,57,57,42,72,0
2026-01-11,31,7,49,49,40,58,1
2026-01-11,31,8,47,59,40,66,1
2026-01-11,31,9,64,66,50,80,1
2026-01-11,31,10,54,60,34,80,0
2026-01-11,31,11,50,61,39,72,0
2026-01-11,31,12,61,61,49,73,0
2026-01-11,31,13,44,44,26,62,0
2026-01-11,31,14,51,65,45,71,0
2026-01-11,31,15,70,76,52,94,1
2026-01-11,31,16,52,52,38,66,0
2026-01-11,31,17,49,65,34,80,0
2026-01-11,31,18,66,66,55,77,1
2026-01-11,31,19,50,50,43,57,1
2026-01-11,31,20,37,39,32,44,0
2026-01-11,32,1,40,50,26,64,1
2026-01-11,32,2,42,42,32,52,1
2026-01-11,32,3,44,46,35,55,1
2026-01-11,32,4,44,59,29,74,0
2026-01-11,32,5,45,49,29,65,0
2026-01-11,32,6,31,36,24,43,0
2026-01-11,32,7,51,63,34,80,1
2026-01-11,32,8,51,62,34,79,0
2026-01-11,32,9,33,33,28,38,0
2026-01-11,32,10,25,33,20,38,0
2026-01-11,32,11,44,44,30,58,0
2026-01-11,32,12,47,66,32,81,1
2026-01-11,32,13,42,45,23,64,1
2026-01-11,32,14,42,42,30,54,0
2026-01-11,32,15,28,28,21,35,0
2026-01-11,32,16,45,62,34,73,1
2026-01-11,32,17,43,53,27,69,1
2026-01-11,32,18,36,45,28,53,0
2026-01-11,32,19,37,54,23,68,0
2026-01-11,32,20,23,23,8,38,0
2026-01-11,33,1,44,44,34,54,1
2026-01-11,33,2,50,50,41,59,1
2026-01-11,33,3,62,72,45,89,1
2026-01-11,33,4,56,56,45,67,0
2026-01-11,33,5,47,48,40,55,0
2026-01-11,33,6,37,37,32,42,1
2026-01-11,33,7,56,60,44,72,0
2026-01-11,33,8,58,77,40,95,0
2026-01-11,33,9,57,60,37,80,1
2026-01-11,33,10,42,58,28,72,1
2026-01-11,33,11,37,48,23,62,0
2026-01-11,33,12,42,42,33,51,1
2026-01-11,33,13,65,95,47,113,1
2026-01-11,33,14,42,42,34,50,0
2026-01-11,33,15,42,50,31,61,0
2026-01-11,33,16,44,53,37,60,1
2026-01-11,33,17,55,65,35,85,1
2026-01-11,33,18,45,55,37,63,0
2026-01-11,33,19,46,48,28,66,0
2026-01-11,33,20,46,48,40,54,1
2026-01-11,34,1,63,84,49,98,1
2026-01-11,34,2,43,61,33,71,0
2026-01-11,34,3,40,40,33,47,0
2026-01-11,34,4,54,79,44,89,1
2026-01-11,34,5,41,57,36,62,0
2026-01-11,34,6,58,74,45,87,1
2026-01-11,34,7,64,91,52,103,1
2026-01-11,34,8,52,65,46,71,0
2026-01-11,34,9,57,57,46,68,1
2026-01-11,34,10,57,57,43,71,0
2026-01-11,34,11,51,64,45,70,0
2026-01-11,34,12,59,67,48,78,1
2026-01-11,34,13,55,57,43,69,0
2026-01-11,34,14,65,65,48,82,0
2026-01-11,34,15,53,62,42,73,0
2026-01-11,34,16,49,49,32,66,0
2026-01-11,34,17,68,88,48,108,1
2026-01-11,34,18,56,77,50,83,2
2026-01-11,34,19,46,57,40,63,0
2026-01-11,34,20,42,49,27,64,1
2026-01-11,35,1,45,50,34,61,0
2026-01-11,35,2,53,53,33,73,1
2026-01-11,35,3,41,41,28,54,0
2026-01-11,35,4,57,82,48,91,0
2026-01-11,35,5,42,42,36,48,0
2026-01-11,35,6,49,62,43,68,1
2026-01-11,35,7,50,50,31,69,1
2026-01-11,35,8,48,68,33,83,1
2026-01-11,35,9,49,49,38,60,0
2026-01-11,35,10,43,54,24,73,1
2026-01-11,35,11,49,49,41,57,0
2026-01-11,35,12,66,98,57,107,2
2026-01-11,35,13,39,56,33,62,1
2026-01-11,35,14,44,44,34,54,0
2026-01-11,35,15,36,36,26,46,0
2026-01-11,35,16,42,60,31,71,1
2026-01-11,35,17,47,47,33,61,1
2026-01-11,35,18,38,56,29,65,1
2026-01-11,35,19,67,72,49,90,0
2026-01-11,35,20,47,47,31,63,1
2026-01-11,36,1,47,47,35,59,0
2026-01-11,36,2,52,67,38,81,0
2026-01-11,36,3,42,42,30,54,0
2026-01-11,36,4,47,48,38,57,0
2026-01-11,36,5,36,38,27,47,0
2026-01-11,36,6,68,86,50,104,2
2026-01-11,36,7,44,47,31,60,1
2026-01-11,36,8,58,58,45,71,1
2026-01-11,36,9,56,78,43,91,1
2026-01-11,36,10,41,41,34,48,1
2026-01-11,36,11,44,45,35,54,0
2026-01-11,36,12,52,63,34,81,0
2026-01-11,36,13,53,75,35,93,0
2026-01-11,36,14,48,48,38,58,1
2026-01-11,36,15,48,48,34,62,0
2026-01-11,36,16,37,37,20,54,0
2026-01-11,36,17,39,46,25,60,1
2026-01-11,36,18,48,50,41,57,0
2026-01-11,36,19,31,31,23,39,0
2026-01-11,36,20,37,41,28,50,0
2026-01-11,37,1,67,67,50,84,0
2026-01-11,37,2,82,106,64,124,2
2026-01-11,37,3,65,65,50,80,1
2026-01-11,37,4,83,116,63,136,2
2026-01-11,37,5,83,83,72,94,2
2026-01-11,37,6,68,68,58,78,2
2026-01-11,37,7,66,66,58,74,1
2026-01-11,37,8,77,89,58,108,0
2026-01-11,37,9,68,68,58,78,0
2026-01-11,37,10,56,56,46,66,1
2026-01-11,37,11,56,56,51,61,0
2026-01-11,37,12,76,76,67,85,0
2026-01-11,37,13,82,110,65,127,0
2026-01-11,37,14,55,59,43,71,0
2026-01-11,37,15,82,99,64,117,0
2026-01-11,37,16,73,105,60,118,1
2026-01-11,37,17,45,64,36,73,0
2026-01-11,37,18,53,66,45,74,0
2026-01-11,37,19,58,83,45,96,0
2026-01-11,37,20,50,52,45,57,0
2026-01-11,38,1,35,35,27,43,0
2026-01-11,38,2,44,60,28,76,0
2026-01-11,38,3,34,36,19,51,0
2026-01-11,38,4,45,45,39,51,0
2026-01-11,38,5,28,28,21,35,0
2026-01-11,38,6,39,39,27,51,0
2026-01-11,38,7,44,51,34,61,0
2026-01-11,38,8,48,71,29,90,1
2026-01-11,38,9,45,52,39,58,0
2026-01-11,38,10,46,53,31,68,0
2026-01-11,38,11,54,61,37,78,1
2026-01-11,38,12,48,60,40,68,1
2026-01-11,38,13,38,51,28,61,0
2026-01-11,38,14,57,83,39,101,0
2026-01-11,38,15,36,36,29,43,0
2026-01-11,38,16,40,58,32,66,1
2026-01-11,38,17,54,70,34,90,1
2026-01-11,38,18,47,59,39,67,1
2026-01-11,38,19,33,38,17,54,0
2026-01-11,38,20,42,42,34,50,0
2026-01-11,39,1,43,43,37,49,1
2026-01-11,39,2,49,49,29,69,1
2026-01-11,39,3,41,41,27,55,0
2026-01-11,39,4,39,55,30,64,1
2026-01-11,39,5,54,65,36,83,1
2026-01-11,39,6,38,55,26,67,0
2026-01-11,39,7,35,46,29,52,0
2026-01-11,39,8,41,41,21,61,0
2026-01-11,39,9,48,66,31,83,0
2026-01-11,39,10,47,47,28,66,1
2026-01-11,39,11,53,53,34,72,1
2026-01-11,39,12,55,58,37,76,1
2026-01-11,39,13,55,63,43,75,0
2026-01-11,39,14,44,65,34,75,0
2026-01-11,39,15,51,51,35,67,0
2026-01-11,39,16,50,50,30,70,0
2026-01-11,39,17,53,53,38,68,0
2026-01-11,39,18,53,78,35,96,0
2026-01-11,39,19,44,64,38,70,0
2026-01-11,39,20,38,38,21,55,0
2026-01-11,40,1,68,68,63,73,1
2026-01-11,40,2,58,58,45,71,0
2026-01-11,40,3,76,93,58,111,0
2026-01-11,40,4,52,52,47,57,0
2026-01-11,40,5,62,77,43,96,2
2026-01-11,40,6,65,73,50,88,0
2026-01-11,40,7,101,101,84,118,2
2026-01-11,40,8,46,68,38,76,0
2026-01-11,40,9,67,67,54,80,1
2026-01-11,40,10,65,74,51,88,1
2026-01-11,40,11,88,88,76,100,2
2026-01-11,40,12,59,81,44,96,1
2026-01-11,40,13,50,50,45,55,1
2026-01-11,40,14,60,80,42,98,0
2026-01-11,40,15,61,76,43,94,0
2026-01-11,40,16,84,113,65,132,1
2026-01-11,40,17,65,76,50,91,0
2026-01-11,40,18,65,84,52,97,2
2026-01-11,40,19,57,57,40,74,1
2026-01-11,40,20,62,85,46,101,2
2026-01-11,41,1,51,51,38,64,0
2026-01-11,41,2,53,53,41,65,1
2026-01-11,41,3,42,42,24,60,1
2026-01-11,41,4,44,49,29,64,1
2026-01-11,41,5,38,42,32,48,0
2026-01-11,41,6,46,53,38,61,0
2026-01-11,41,7,56,57,44,69,1
2026-01-11,41,8,51,75,35,91,1
2026-01-11,41,9,49,69,40,78,1
2026-01-11,41,10,40,40,26,54,0
2026-01-11,41,11,47,56,35,68,0
2026-01-11,41,12,49,67,30,86,1
2026-01-11,41,13,41,53,32,62,0
2026-01-11,41,14,61,61,51,71,1
2026-01-11,41,15,46,46,34,58,1
2026-01-11,41,16,41,41,32,50,1
2026-01-11,41,17,39,41,23,57,0
2026-01-11,41,18,65,65,48,82,1
2026-01-11,41,19,40,40,26,54,0
2026-01-11,41,20,49,49,37,61,0
2026-01-11,42,1,43,53,31,65,0
2026-01-11,42,2,50,58,30,78,1
2026-01-11,42,3,48,48,30,66,1
2026-01-11,42,4,37,46,28,55,0
2026-01-11,42,5,35,35,29,41,0
2026-01-11,42,6,49,68,32,85,1
2026-01-11,42,7,42,53,35,60,1
2026-01-11,42,8,55,55,38,72,0
2026-01-11,42,9,41,47,35,53,0
2026-01-11,42,10,34,34,29,39,0
2026-01-11,42,11,45,48,35,58,0
2026-01-11,42,12,49,66,35,80,0
2026-01-11,42,13,31,43,20,54,0
2026-01-11,42,14,51,63,32,82,0
2026-01-11,42,15,44,44,37,51,0
2026-01-11,42,16,44,61,34,71,1
2026-01-11,42,17,49,69,32,86,1
2026-01-11,42,18,39,41,32,48,0
2026-01-11,42,19,47,62,35,74,0
2026-01-11,42,20,39,49,23,65,0
2026-01-11,43,1,45,48,40,53,0
2026-01-11,43,2,49,66,35,80,0
2026-01-11,43,3,68,68,51,85,1
2026-01-11,43,4,64,64,47,81,0
2026-01-11,43,5,46,53,40,59,0
2026-01-11,43,6,33,40,27,46,0
2026-01-11,43,7,49,68,43,74,1
2026-01-11,43,8,52,67,32,87,1
2026-01-11,43,9,78,82,61,99,0
2026-01-11,43,10,57,57,37,77,1
2026-01-11,43,11,63,79,49,93,1
2026-01-11,43,12,61,61,52,70,0
2026-01-11,43,13,38,38,31,45,0
2026-01-11,43,14,62,82,46,98,1
2026-01-11,43,15,70,70,61,79,1
2026-01-11,43,16,40,40,29,51,0
2026-01-11,43,17,82,91,63,110,1
2026-01-11,43,18,63,68,49,82,1
2026-01-11,43,19,50,50,34,66,0
2026-01-11,43,20,63,91,57,97,1
2026-01-11,44,1,41,41,36,46,0
2026-01-11,44,2,67,89,47,109,1
2026-01-11,44,3,50,50,32,68,1
2026-01-11,44,4,45,60,31,74,1
2026-01-11,44,5,44,44,35,53,0
2026-01-11,44,6,56,56,36,76,0
2026-01-11,44,7,45,58,36,67,0
2026-01-11,44,8,72,72,54,90,1
2026-01-11,44,9,64,69,50,83,0
2026-01-11,44,10,51,68,32,87,1
2026-01-11,44,11,60,88,47,101,2
2026-01-11,44,12,56,56,41,71,0
2026-01-11,44,13,47,51,35,63,0
2026-01-11,44,14,42,60,35,67,1
2026-01-11,44,15,49,49,37,61,0
2026-01-11,44,16,65,65,48,82,0
2026-01-11,44,17,49,49,39,59,0
2026-01-11,44,18,35,46,29,52,0
2026-01-11,44,19,32,37,27,42,0
2026-01-11,44,20,45,51,25,71,0
2026-01-11,45,1,68,101,48,121,2
2026-01-11,45,2,56,78,44,90,0
2026-01-11,45,3,65,93,50,108,2
2026-01-11,45,4,67,70,61,76,0
2026-01-11,45,5,86,86,69,103,0
2026-01-11,45,6,53,68,46,75,0
2026-01-11,45,7,69,69,50,88,0
2026-01-11,45,8,54,59,49,64,1
2026-01-11,45,9,80,95,65,110,1
2026-01-11,45,10,42,42,37,47,1
2026-01-11,45,11,59,59,51,67,0
2026-01-11,45,12,61,61,52,70,1
2026-01-11,45,13,70,78,54,94,1
2026-01-11,45,14,66,68,58,76,1
2026-01-11,45,15,76,80,60,96,2
2026-01-11,45,16,75,81,56,100,0
2026-01-11,45,17,43,43,36,50,0
2026-01-11,45,18,59,76,45,90,1
2026-01-11,45,19,51,67,45,73,1
2026-01-11,45,20,53,69,35,87,0
2026-01-11,46,1,63,63,49,77,1
2026-01-11,46,2,59,59,45,73,1
2026-01-11,46,3,42,60,36,66,1
2026-01-11,46,4,50,71,44,77,1
2026-01-11,46,5,50,50,40,60,0
2026-01-11,46,6,66,66,50,82,0
2026-01-11,46,7,66,67,48,85,1
2026-01-11,46,8,61,61,56,66,1
2026-01-11,46,9,61,83,51,93,0
2026-01-11,46,10,62,62,43,81,0
2026-01-11,46,11,50,56,40,66,0
2026-01-11,46,12,59,62,43,78,1
2026-01-11,46,13,57,57,38,76,0
2026-01-11,46,14,59,64,45,78,1
2026-01-11,46,15,68,96,49,115,0
2026-01-11,46,16,56,56,43,69,1
2026-01-11,46,17,54,54,41,67,0
2026-01-11,46,18,67,86,49,104,2
2026-01-11,46,19,44,60,36,68,1
2026-01-11,46,20,52,52,43,61,0
2026-01-11,47,1,56,56,46,66,0
2026-01-11,47,2,58,58,50,66,1
2026-01-11,47,3,52,52,36,68,0
2026-01-11,47,4,69,95,61,103,0
2026-01-11,47,5,55,76,46,85,0
2026-01-11,47,6,102,102,83,121,1
2026-01-11,47,7,67,86,59,94,1
2026-01-11,47,8,67,70,53,84,1
2026-01-11,47,9,81,98,62,117,0
2026-01-11,47,10,59,64,41,82,0
2026-01-11,47,11,66,94,61,99,1
2026-01-11,47,12,57,57,51,63,1
2026-01-11,47,13,73,83,62,94,0
2026-01-11,47,14,56,62,48,70,0
2026-01-11,47,15,57,79,51,85,0
2026-01-11,47,16,70,102,54,118,1
2026-01-11,47,17,68,68,60,76,1
2026-01-11,47,18,93,118,81,130,1
2026-01-11,47,19,85,97,65,117,0
2026-01-11,47,20,65,90,56,99,2
2026-01-11,48,1,52,72,37,87,1
2026-01-11,48,2,46,46,39,53,0
2026-01-11,48,3,42,42,26,58,0
2026-01-11,48,4,43,43,33,53,1
2026-01-11,48,5,43,61,36,68,1
2026-01-11,48,6,59,59,42,76,0
2026-01-11,48,7,66,79,47,98,1
2026-01-11,48,8,62,62,51,73,1
2026-01-11,48,9,50,57,38,69,1
2026-01-11,48,10,51,67,34,84,0
2026-01-11,48,11,51,65,41,75,0
2026-01-11,48,12,59,71,43,87,1
2026-01-11,48,13,35,51,16,70,0
2026-01-11,48,14,55,55,50,60,0
2026-01-11,48,15,53,53,45,61,0
2026-01-11,48,16,65,65,50,80,0
2026-01-11,48,17,46,46,33,59,1
2026-01-11,48,18,30,37,23,44,0
2026-01-11,48,19,41,48,33,56,0
2026-01-11,48,20,39,51,21,69,0
2026-01-11,49,1,45,45,29,61,0
2026-01-11,49,2,41,44,24,61,0
2026-01-11,49,3,60,60,46,74,0
2026-01-11,49,4,56,77,36,97,1
2026-01-11,49,5,61,90,44,107,1
2026-01-11,49,6,53,54,45,62,1
2026-01-11,49,7,46,58,32,72,1
2026-01-11,49,8,42,60,35,67,1
2026-01-11,49,9,39,45,22,62,1
2026-01-11,49,10,41,41,30,52,0
2026-01-11,49,11,40,48,29,59,0
2026-01-11,49,12,40,42,33,49,0
2026-01-11,49,13,37,37,24,50,0
2026-01-11,49,14,54,71,45,80,1
2026-01-11,49,15,49,49,42,56,0
2026-01-11,49,16,46,62,39,69,1
2026-01-11,49,17,45,64,32,77,0
2026-01-11,49,18,41,41,28,54,0
2026-01-11,49,19,51,51,36,66,0
2026-01-11,49,20,45,58,27,76,1
2026-01-11,50,1,48,58,34,72,1
2026-01-11,50,2,71,82,53,100,0
2026-01-11,50,3,40,59,28,71,1
2026-01-11,50,4,42,57,28,71,0
2026-01-11,50,5,43,47,25,65,1
2026-01-11,50,6,57,76,37,96,0
2026-01-11,50,7,57,65,40,82,0
2026-01-11,50,8,65,93,45,113,0
2026-01-11,50,9,51,74,34,91,1
2026-01-11,50,10,60,60,43,77,1
2026-01-11,50,11,52,52,44,60,0
2026-01-11,50,12,68,68,58,78,0
2026-01-11,50,13,61,61,43,79,0
2026-01-11,50,14,61,84,41,104,1
2026-01-11,50,15,61,61,48,74,0
2026-01-11,50,16,72,72,57,87,1
2026-01-11,50,17,47,51,27,71,1
2026-01-11,50,18,54,63,35,82,0
2026-01-11,50,19,35,35,28,42,0
2026-01-11,50,20,36,36,25,47,0
2026-01-18,1,1,62,78,48,92,0
2026-01-18,1,2,40,45,34,51,0
2026-01-18,1,3,53,53,39,67,0
2026-01-18,1,4,54,79,35,98,1
2026-01-18,1,5,55,65,50,70,0
2026-01-18,1,6,65,73,53,85,1
2026-01-18,1,7,68,68,60,76,0
2026-01-18,1,8,68,68,52,84,1
2026-01-18,1,9,58,80,49,89,1
2026-01-18,1,10,57,63,45,75,1
2026-01-18,1,11,62,68,47,83,0
2026-01-18,1,12,54,54,42,66,1
2026-01-18,1,13,59,59,42,76,0
2026-01-18,1,14,75,75,60,90,1
2026-01-18,1,15,53,53,47,59,0
2026-01-18,1,16,59,59,48,70,0
2026-01-18,1,17,62,62,45,79,1
2026-01-18,1,18,56,56,44,68,1
2026-01-18,1,19,43,43,38,48,0
2026-01-18,1,20,72,107,53,126,2
2026-01-18,2,1,32,44,27,49,1
2026-01-18,2,2,52,58,34,76,1
2026-01-18,2,3,27,36,20,43,0
2026-01-18,2,4,60,62,45,77,0
2026-01-18,2,5,40,40,28,52,0
2026-01-18,2,6,45,65,32,78,1
2026-01-18,2,7,43,43,32,54,1
2026-01-18,2,8,57,57,39,75,0
2026-01-18,2,9,47,47,39,55,1
2026-01-18,2,10,37,37,29,45,0
2026-01-18,2,11,52,56,39,69,1
2026-01-18,2,12,69,70,50,89,0
2026-01-18,2,13,45,45,31,59,0
2026-01-18,2,14,51,51,39,63,0
2026-01-18,2,15,57,74,38,93,1
2026-01-18,2,16,50,50,36,64,0
2026-01-18,2,17,34,34,17,51,0
2026-01-18,2,18,54,61,34,81,0
2026-01-18,2,19,37,49,19,67,0
2026-01-18,2,20,34,34,25,43,0
2026-01-18,3,1,50,52,36,66,0
2026-01-18,3,2,66,90,49,107,1
2026-01-18,3,3,46,63,26,83,1
2026-01-18,3,4,38,45,33,50,0
2026-01-18,3,5,52,56,34,74,1
2026-01-18,3,6,50,50,42,58,0
2026-01-18,3,7,55,55,41,69,1
2026-01-18,3,8,55,55,39,71,0
2026-01-18,3,9,61,78,46,93,1
2026-01-18,3,10,40,54,28,66,1
2026-01-18,3,11,76,76,56,96,1
2026-01-18,3,12,52,71,39,84,1
2026-01-18,3,13,55,74,37,92,1
2026-01-18,3,14,45,54,35,64,1
2026-01-18,3,15,61,72,41,92,0
2026-01-18,3,16,49,49,36,62,0
2026-01-18,3,17,40,40,25,55,0
2026-01-18,3,18,36,36,29,43,0
2026-01-18,3,19,31,31,25,37,0
2026-01-18,3,20,48,48,28,68,1
2026-01-18,4,1,64,64,50,78,1
2026-01-18,4,2,63,76,55,84,1
2026-01-18,4,3,54,61,45,70,1
2026-01-18,4,4,63,94,57,100,1
2026-01-18,4,5,59,80,45,94,0
2026-01-18,4,6,59,83,45,97,0
2026-01-18,4,7,54,54,39,69,1
2026-01-18,4,8,58,78,47,89,0
2026-01-18,4,9,68,68,59,77,1
2026-01-18,4,10,68,99,51,116,2
2026-01-18,4,11,63,87,50,100,0
2026-01-18,4,12,71,71,64,78,0
2026-01-18,4,13,63,86,53,96,1
2026-01-18,4,14,65,65,51,79,1
2026-01-18,4,15,63,65,53,75,1
2026-01-18,4,16,52,60,45,67,1
2026-01-18,4,17,65,87,58,94,1
2026-01-18,4,18,70,80,57,93,2
2026-01-18,4,19,65,69,54,80,1
2026-01-18,4,20,69,93,62,100,1
2026-01-18,5,1,47,67,29,85,1
2026-01-18,5,2,35,47,29,53,0
2026-01-18,5,3,58,83,46,95,1
2026-01-18,5,4,43,57,32,68,0
2026-01-18,5,5,40,40,25,55,0
2026-01-18,5,6,39,39,33,45,0
2026-01-18,5,7,51,56,41,66,1
2026-01-18,5,8,42,61,26,77,0
2026-01-18,5,9,38,43,32,49,0
2026-01-18,5,10,40,56,26,70,0
2026-01-18,5,11,59,81,43,97,1
2026-01-18,5,12,35,35,25,45,0
2026-01-18,5,13,43,45,36,52,0
2026-01-18,5,14,37,45,28,54,1
2026-01-18,5,15,48,48,33,63,1
2026-01-18,5,16,26,33,10,49,0
2026-01-18,5,17,44,44,28,60,0
2026-01-18,5,18,49,49,29,69,1
2026-01-18,5,19,40,40,32,48,0
2026-01-18,5,20,51,74,33,92,2
2026-01-18,6,1,63,75,44,94,1
2026-01-18,6,2,55,73,38,90,0
2026-01-18,6,3,42,56,36,62,1
2026-01-18,6,4,58,83,42,99,2
2026-01-18,6,5,44,46,37,53,1
2026-01-18,6,6,43,43,32,54,0
2026-01-18,6,7,44,44,35,53,0
2026-01-18,6,8,61,82,42,101,2
2026-01-18,6,9,67,81,61,87,0
2026-01-18,6,10,43,62,31,74,0
2026-01-18,6,11,54,76,34,96,1
2026-01-18,6,12,56,56,42,70,1
2026-01-18,6,13,61,84,51,94,0
2026-01-18,6,14,68,73,54,87,1
2026-01-18,6,15,56,56,44,68,0
2026-01-18,6,16,46,46,38,54,0
2026-01-18,6,17,45,45,29,61,0
2026-01-18,6,18,45,58,29,74,0
2026-01-18,6,19,54,69,41,82,0
2026-01-18,6,20,51,54,42,63,0
2026-01-18,7,1,62,62,43,81,1
2026-01-18,7,2,46,46,40,52,1
2026-01-18,7,3,35,37,24,48,0
2026-01-18,7,4,40,56,28,68,0
2026-01-18,7,5,33,33,22,44,0
2026-01-18,7,6,51,51,43,59,0
2026-01-18,7,7,56,66,37,85,1
2026-01-18,7,8,51,51,40,62,1
2026-01-18,7,9,49,49,37,61,0
2026-01-18,7,10,46,60,41,65,1
2026-01-18,7,11,61,65,46,80,0
2026-01-18,7,12,56,56,47,65,0
2026-01-18,7,13,44,44,34,54,0
2026-01-18,7,14,48,48,40,56,0
2026-01-18,7,15,46,50,36,60,1
2026-01-18,7,16,61,85,54,92,1
2026-01-18,7,17,29,29,16,42,0
2026-01-18,7,18,51,51,37,65,1
2026-01-18,7,19,36,40,30,46,0
2026-01-18,7,20,60,85,47,98,1
2026-01-18,8,1,45,64,28,81,1
2026-01-18,8,2,43,61,28,76,1
2026-01-18,8,3,34,46,29,51,0
2026-01-18,8,4,50,52,38,64,1
2026-01-18,8,5,47,47,39,55,0
2026-01-18,8,6,41,60,28,73,0
2026-01-18,8,7,46,47,26,67,0
2026-01-18,8,8,33,43,28,48,0
2026-01-18,8,9,47,47,38,56,1
2026-01-18,8,10,29,34,19,44,0
2026-01-18,8,11,43,43,30,56,0
2026-01-18,8,12,45,55,27,73,1
2026-01-18,8,13,42,42,25,59,1
2026-01-18,8,14,48,71,30,89,0
2026-01-18,8,15,41,41,27,55,0
2026-01-18,8,16,34,34,28,40,0
2026-01-18,8,17,45,45,27,63,0
2026-01-18,8,18,39,56,24,71,0
2026-01-18,8,19,39,39,22,56,0
2026-01-18,8,20,22,31,17,36,0
2026-01-18,9,1,55,68,36,87,0
2026-01-18,9,2,86,86,67,105,1
2026-01-18,9,3,67,67,51,83,0
2026-01-18,9,4,56,56,44,68,0
2026-01-18,9,5,68,68,52,84,0
2026-01-18,9,6,68,68,50,86,1
2026-01-18,9,7,77,77,57,97,2
2026-01-18,9,8,62,79,49,92,2
2026-01-18,9,9,62,83,56,89,2
2026-01-18,9,10,52,61,43,70,1
2026-01-18,9,11,52,61,43,70,1
2026-01-18,9,12,72,100,58,114,2
2026-01-18,9,13,54,54,34,74,1
2026-01-18,9,14,59,60,54,65,1
2026-01-18,9,15,62,72,52,82,0
2026-01-18,9,16,64,93,48,109,2
2026-01-18,9,17,67,88,51,104,1
2026-01-18,9,18,47,57,39,65,0
2026-01-18,9,19,70,70,59,81,1
2026-01-18,9,20,61,84,48,97,1
2026-01-18,10,1,52,52,42,62,0
2026-01-18,10,2,75,98,64,109,1
2026-01-18,10,3,78,78,69,87,1
2026-01-18,10,4,62,62,51,73,0
2026-01-18,10,5,85,85,65,105,2
2026-01-18,10,6,83,90,63,110,1
2026-01-18,10,7,73,73,62,84,1
2026-01-18,10,8,77,86,68,95,0
2026-01-18,10,9,75,88,60,103,0
2026-01-18,10,10,81,118,61,138,1
2026-01-18,10,11,85,101,78,108,0
2026-01-18,10,12,95,95,77,113,1
2026-01-18,10,13,65,65,60,70,1
2026-01-18,10,14,69,97,58,108,1
2026-01-18,10,15,66,83,56,93,1
2026-01-18,10,16,88,88,68,108,1
2026-01-18,10,17,67,67,47,87,0
2026-01-18,10,18,68,79,60,87,1
2026-01-18,10,19,62,62,45,79,0
2026-01-18,10,20,57,60,41,76,1
2026-01-18,11,1,44,62,36,70,0
2026-01-18,11,2,47,47,39,55,0
2026-01-18,11,3,39,48,20,67,1
2026-01-18,11,4,46,60,41,65,0
2026-01-18,11,5,42,43,26,59,0
2026-01-18,11,6,52,60,43,69,1
2026-01-18,11,7,55,55,43,67,1
2026-01-18,11,8,62,62,47,77,0
2026-01-18,11,9,38,55,33,60,0
2026-01-18,11,10,58,58,41,75,0
2026-01-18,11,11,60,60,47,73,1
2026-01-18,11,12,53,53,42,64,0
2026-01-18,11,13,52,52,33,71,0
2026-01-18,11,14,52,58,32,78,0
2026-01-18,11,15,55,58,44,69,1
2026-01-18,11,16,56,80,43,93,1
2026-01-18,11,17,37,37,21,53,0
2026-01-18,11,18,44,44,29,59,0
2026-01-18,11,19,37,37,20,54,0
2026-01-18,11,20,50,61,37,74,1
2026-01-18,12,1,50,53,38,65,1
2026-01-18,12,2,38,48,31,55,0
2026-01-18,12,3,41,52,23,70,0
2026-01-18,12,4,63,75,51,87,1
2026-01-18,12,5,35,41,28,48,0
2026-01-18,12,6,75,106,68,113,0
2026-01-18,12,7,59,87,49,97,2
2026-01-18,12,8,50,74,37,87,1
2026-01-18,12,9,64,64,44,84,0
2026-01-18,12,10,49,58,35,72,0
2026-01-18,12,11,58,58,47,69,1
2026-01-18,12,12,48,50,39,59,1
2026-01-18,12,13,48,49,38,59,0
2026-01-18,12,14,67,75,54,88,0
2026-01-18,12,15,62,63,42,83,0
2026-01-18,12,16,48,64,32,80,1
2026-01-18,12,17,44,44,24,64,1
2026-01-18,12,18,58,58,45,71,0
2026-01-18,12,19,42,42,24,60,0
2026-01-18,12,20,39,51,24,66,0
2026-01-18,13,1,80,103,61,122,2
2026-01-18,13,2,77,98,58,117,1
2026-01-18,13,3,63,82,54,91,1
2026-01-18,13,4,97,132,86,143,3
2026-01-18,13,5,65,65,47,83,0
2026-01-18,13,6,67,67,52,82,1
2026-01-18,13,7,94,126,77,143,2
2026-01-18,13,8,74,74,57,91,0
2026-01-18,13,9,120,158,107,171,3
2026-01-18,13,10,69,69,61,77,0
2026-01-18,13,11,85,85,70,100,1
2026-01-18,13,12,90,90,73,107,1
2026-01-18,13,13,64,66,52,78,0
2026-01-18,13,14,72,72,62,82,1
2026-01-18,13,15,66,81,61,86,2
2026-01-18,13,16,77,77,70,84,1
2026-01-18,13,17,63,63,46,80,0
2026-01-18,13,18,65,65,45,85,0
2026-01-18,13,19,71,71,53,89,2
2026-01-18,13,20,66,88,60,94,2
2026-01-18,14,1,58,58,38,78,0
2026-01-18,14,2,47,47,41,53,1
2026-01-18,14,3,57,57,38,76,0
2026-01-18,14,4,55,60,46,69,0
2026-01-18,14,5,47,47,28,66,0
2026-01-18,14,6,42,42,36,48,0
2026-01-18,14,7,60,83,43,100,0
2026-01-18,14,8,47,47,37,57,1
2026-01-18,14,9,54,54,37,71,0
2026-01-18,14,10,38,39,33,44,0
2026-01-18,14,11,69,69,53,85,1
2026-01-18,14,12,66,66,46,86,0
2026-01-18,14,13,34,34,15,53,0
2026-01-18,14,14,57,58,39,76,0
2026-01-18,14,15,48,52,32,68,0
2026-01-18,14,16,65,70,48,87,1
2026-01-18,14,17,55,76,39,92,1
2026-01-18,14,18,40,52,32,60,0
2026-01-18,14,19,38,38,33,43,0
2026-01-18,14,20,50,67,34,83,0
2026-01-18,15,1,60,67,42,85,1
2026-01-18,15,2,48,67,39,76,1
2026-01-18,15,3,38,50,21,67,0
2026-01-18,15,4,51,51,31,71,1
2026-01-18,15,5,34,34,28,40,0
2026-01-18,15,6,41,41,28,54,0
2026-01-18,15,7,43,43,35,51,0
2026-01-18,15,8,52,52,37,67,1
2026-01-18,15,9,49,49,33,65,0
2026-01-18,15,10,36,36,30,42,0
2026-01-18,15,11,51,60,34,77,0
2026-01-18,15,12,42,42,34,50,1
2026-01-18,15,13,47,47,27,67,1
2026-01-18,15,14,59,59,45,73,1
2026-01-18,15,15,39,39,21,57,0
2026-01-18,15,16,33,33,24,42,0
2026-01-18,15,17,33,37,25,45,0
2026-01-18,15,18,46,63,40,69,0
2026-01-18,15,19,31,31,26,36,0
2026-01-18,15,20,42,54,34,62,1
2026-01-18,16,1,84,121,68,137,3
2026-01-18,16,2,54,54,34,74,0
2026-01-18,16,3,43,50,28,65,0
2026-01-18,16,4,46,46,35,57,0
2026-01-18,16,5,46,46,40,52,0
2026-01-18,16,6,53,53,41,65,0
2026-01-18,16,7,68,68,50,86,1
2026-01-18,16,8,59,76,41,94,1
2026-01-18,16,9,61,61,54,68,0
2026-01-18,16,10,36,36,29,43,0
2026-01-18,16,11,52,66,40,78,0
2026-01-18,16,12,55,55,44,66,0
2026-01-18,16,13,41,41,36,46,0
2026-01-18,16,14,58,62,42,78,1
2026-01-18,16,15,47,61,41,67,0
2026-01-18,16,16,60,60,41,79,1
2026-01-18,16,17,39,41,28,52,0
2026-01-18,16,18,47,57,42,62,1
2026-01-18,16,19,45,45,38,52,0
2026-01-18,16,20,38,38,30,46,0
2026-01-18,17,1,74,104,58,120,0
2026-01-18,17,2,58,58,46,70,1
2026-01-18,17,3,54,54,34,74,0
2026-01-18,17,4,40,40,35,45,0
2026-01-18,17,5,54,76,39,91,2
2026-01-18,17,6,61,63,48,76,1
2026-01-18,17,7,39,56,27,68,0
2026-01-18,17,8,38,38,31,45,0
2026-01-18,17,9,66,72,49,89,1
2026-01-18,17,10,31,42,24,49,1
2026-01-18,17,11,45,45,35,55,1
2026-01-18,17,12,40,40,30,50,0
2026-01-18,17,13,38,50,29,59,0
2026-01-18,17,14,49,51,43,57,0
2026-01-18,17,15,58,59,40,77,1
2026-01-18,17,16,49,49,36,62,0
2026-01-18,17,17,45,46,33,58,0
2026-01-18,17,18,42,42,32,52,1
2026-01-18,17,19,34,50,26,58,0
2026-01-18,17,20,38,55,33,60,0
2026-01-18,18,1,90,106,72,124,2
2026-01-18,18,2,75,99,57,117,2
2026-01-18,18,3,38,45,27,56,0
2026-01-18,18,4,68,68,62,74,0
2026-01-18,18,5,59,67,50,76,1
2026-01-18,18,6,78,78,61,95,2
2026-01-18,18,7,70,70,56,84,0
2026-01-18,18,8,50,61,43,68,0
2026-01-18,18,9,73,73,57,89,1
2026-01-18,18,10,68,94,51,111,0
2026-01-18,18,11,65,74,48,91,2
2026-01-18,18,12,65,87,55,97,1
2026-01-18,18,13,57,63,49,71,0
2026-01-18,18,14,80,80,61,99,1
2026-01-18,18,15,44,61,38,67,1
2026-01-18,18,16,82,82,68,96,1
2026-01-18,18,17,61,83,46,98,1
2026-01-18,18,18,85,85,65,105,0
2026-01-18,18,19,57,60,46,71,1
2026-01-18,18,20,64,95,47,112,2
2026-01-18,19,1,47,47,38,56,0
2026-01-18,19,2,54,62,35,81,0
2026-01-18,19,3,40,56,27,69,1
2026-01-18,19,4,49,71,36,84,0
2026-01-18,19,5,50,59,33,76,1
2026-01-18,19,6,48,48,34,62,0
2026-01-18,19,7,51,54,38,67,0
2026-01-18,19,8,48,48,30,66,0
2026-01-18,19,9,59,59,40,78,1
2026-01-18,19,10,37,54,27,64,0
2026-01-18,19,11,39,44,34,49,0
2026-01-18,19,12,43,43,35,51,0
2026-01-18,19,13,69,86,49,106,1
2026-01-18,19,14,56,56,36,76,0
2026-01-18,19,15,58,82,41,99,1
2026-01-18,19,16,58,72,44,86,0
2026-01-18,19,17,34,44,29,49,0
2026-01-18,19,18,52,65,45,72,1
2026-01-18,19,19,42,60,36,66,1
2026-01-18,19,20,49,54,34,69,1
2026-01-18,20,1,50,54,40,64,1
2026-01-18,20,2,68,92,56,104,2
2026-01-18,20,3,37,38,30,45,0
2026-01-18,20,4,51,51,35,67,0
2026-01-18,20,5,39,39,30,48,0
2026-01-18,20,6,55,68,36,87,0
2026-01-18,20,7,61,75,47,89,2
2026-01-18,20,8,50,50,32,68,1
2026-01-18,20,9,71,104,57,118,1
2026-01-18,20,10,48,48,43,53,1
2026-01-18,20,11,54,71,39,86,0
2026-01-18,20,12,61,61,42,80,0
2026-01-18,20,13,56,56,42,70,1
2026-01-18,20,14,49,64,39,74,0
2026-01-18,20,15,72,83,61,94,0
2026-01-18,20,16,44,61,34,71,1
2026-01-18,20,17,50,67,33,84,0
2026-01-18,20,18,53,72,41,84,1
2026-01-18,20,19,21,31,14,38,0
2026-01-18,20,20,42,52,37,57,0
2026-01-18,21,1,58,58,47,69,0
2026-01-18,21,2,54,55,40,69,1
2026-01-18,21,3,37,45,27,55,0
2026-01-18,21,4,53,53,34,72,0
2026-01-18,21,5,56,56,47,65,1
2026-01-18,21,6,48,71,28,91,0
2026-01-18,21,7,42,42,29,55,0
2026-01-18,21,8,41,41,36,46,0
2026-01-18,21,9,68,96,59,105,1
2026-01-18,21,10,39,42,34,47,0
2026-01-18,21,11,61,61,50,72,1
2026-01-18,21,12,54,75,37,92,0
2026-01-18,21,13,48,48,39,57,0
2026-01-18,21,14,60,60,43,77,0
2026-01-18,21,15,51,51,41,61,0
2026-01-18,21,16,45,57,39,63,0
2026-01-18,21,17,62,80,44,98,0
2026-01-18,21,18,67,80,52,95,2
2026-01-18,21,19,57,64,37,84,1
2026-01-18,21,20,34,34,29,39,0
2026-01-18,22,1,55,74,44,85,0
2026-01-18,22,2,40,40,31,49,1
2026-01-18,22,3,39,42,32,49,1
2026-01-18,22,4,58,66,45,79,1
2026-01-18,22,5,50,50,42,58,0
2026-01-18,22,6,36,36,28,44,0
2026-01-18,22,7,48,71,29,90,2
2026-01-18,22,8,54,70,35,89,1
2026-01-18,22,9,53,53,39,67,0
2026-01-18,22,10,42,42,32,52,0
2026-01-18,22,11,56,75,36,95,1
2026-01-18,22,12,46,68,36,78,1
2026-01-18,22,13,32,39,26,45,0
2026-01-18,22,14,42,42,30,54,0
2026-01-18,22,15,55,68,39,84,0
2026-01-18,22,16,48,50,43,55,1
2026-01-18,22,17,50,50,39,61,0
2026-01-18,22,18,45,45,34,56,0
2026-01-18,22,19,52,54,32,74,1
2026-01-18,22,20,64,82,44,102,1
2026-01-18,23,1,48,53,31,70,0
2026-01-18,23,2,48,55,38,65,0
2026-01-18,23,3,46,46,36,56,0
2026-01-18,23,4,56,56,44,68,0
2026-01-18,23,5,49,50,30,69,1
2026-01-18,23,6,44,63,29,78,1
2026-01-18,23,7,39,46,30,55,0
2026-01-18,23,8,44,59,28,75,1
2026-01-18,23,9,45,45,37,53,0
2026-01-18,23,10,47,55,31,71,1
2026-01-18,23,11,49,49,41,57,0
2026-01-18,23,12,55,55,42,68,0
2026-01-18,23,13,34,39,22,51,1
2026-01-18,23,14,58,64,43,79,1
2026-01-18,23,15,61,61,46,76,0
2026-01-18,23,16,62,62,43,81,1
2026-01-18,23,17,72,72,55,89,0
2026-01-18,23,18,54,65,36,83,1
2026-01-18,23,19,51,52,36,67,0
2026-01-18,23,20,38,38,33,43,0
2026-01-18,24,1,80,80,71,89,0
2026-01-18,24,2,65,75,47,93,0
2026-01-18,24,3,65,65,55,75,0
2026-01-18,24,4,58,61,49,70,1
2026-01-18,24,5,66,81,57,90,0
2026-01-18,24,6,66,66,49,83,1
2026-01-18,24,7,70,83,54,99,0
2026-01-18,24,8,65,69,49,85,1
2026-01-18,24,9,60,84,52,92,1
2026-01-18,24,10,58,86,52,92,2
2026-01-18,24,11,66,80,56,90,1
2026-01-18,24,12,74,102,59,117,0
2026-01-18,24,13,74,86,61,99,0
2026-01-18,24,14,73,73,56,90,0
2026-01-18,24,15,63,63,58,68,0
2026-01-18,24,16,69,72,54,87,1
2026-01-18,24,17,62,86,46,102,0
2026-01-18,24,18,53,53,48,58,0
2026-01-18,24,19,49,49,39,59,1
2026-01-18,24,20,75,106,56,125,0
2026-01-18,25,1,77,109,57,129,1
2026-01-18,25,2,68,98,62,104,0
2026-01-18,25,3,76,76,58,94,0
2026-01-18,25,4,93,93,82,104,1
2026-01-18,25,5,86,128,68,146,2
2026-01-18,25,6,91,119,73,137,3
2026-01-18,25,7,82,82,62,102,0
2026-01-18,25,8,68,68,56,80,1
2026-01-18,25,9,71,75,57,89,0
2026-01-18,25,10,71,93,60,104,1
2026-01-18,25,11,99,120,82,137,2
2026-01-18,25,12,83,83,70,96,2
2026-01-18,25,13,66,78,59,85,1
2026-01-18,25,14,78,78,61,95,1
2026-01-18,25,15,79,118,66,131,2
2026-01-18,25,16,80,101,69,112,1
2026-01-18,25,17,89,89,70,108,0
2026-01-18,25,18,83,100,65,118,0
2026-01-18,25,19,81,112,76,117,0
2026-01-18,25,20,52,74,38,88,1
2026-01-18,26,1,51,61,43,69,0
2026-01-18,26,2,41,41,29,53,0
2026-01-18,26,3,54,54,44,64,1
2026-01-18,26,4,52,77,35,94,1
2026-01-18,26,5,48,53,39,62,0
2026-01-18,26,6,52,76,46,82,1
2026-01-18,26,7,50,62,37,75,1
2026-01-18,26,8,72,72,52,92,0
2026-01-18,26,9,64,92,47,109,0
2026-01-18,26,10,46,55,40,61,1
2026-01-18,26,11,56,56,46,66,1
2026-01-18,26,12,54,58,45,67,0
2026-01-18,26,13,50,51,34,67,0
2026-01-18,26,14,57,64,43,78,1
2026-01-18,26,15,41,55,30,66,1
2026-01-18,26,16,31,31,26,36,0
2026-01-18,26,17,44,44,27,61,0
2026-01-18,26,18,49,68,29,88,1
2026-01-18,26,19,37,37,32,42,0
2026-01-18,26,20,44,44,32,56,0
2026-01-18,27,1,87,99,78,108,2
2026-01-18,27,2,44,44,36,52,0
2026-01-18,27,3,54,54,45,63,1
2026-01-18,27,4,45,45,35,55,0
2026-01-18,27,5,59,71,51,79,0
2026-01-18,27,6,69,92,49,112,2
2026-01-18,27,7,73,84,54,103,0
2026-01-18,27,8,49,69,38,80,0
2026-01-18,27,9,54,56,43,67,0
2026-01-18,27,10,67,67,48,86,0
2026-01-18,27,11,58,64,47,75,0
2026-01-18,27,12,54,54,49,59,0
2026-01-18,27,13,47,65,41,71,1
2026-01-18,27,14,51,51,42,60,0
2026-01-18,27,15,59,59,43,75,0
2026-01-18,27,16,51,51,39,63,0
2026-01-18,27,17,52,52,47,57,0
2026-01-18,27,18,51,56,45,62,0
2026-01-18,27,19,42,58,24,76,0
2026-01-18,27,20,59,63,45,77,0
2026-01-18,28,1,65,90,48,107,1
2026-01-18,28,2,51,66,46,71,0
2026-01-18,28,3,63,84,55,92,0
2026-01-18,28,4,66,97,52,111,1
2026-01-18,28,5,51,74,38,87,1
2026-01-18,28,6,53,72,43,82,0
2026-01-18,28,7,60,72,42,90,0
2026-01-18,28,8,70,75,59,86,2
2026-01-18,28,9,67,80,62,85,0
2026-01-18,28,10,63,63,46,80,0
2026-01-18,28,11,63,63,49,77,1
2026-01-18,28,12,72,80,58,94,0
2026-01-18,28,13,36,49,29,56,1
2026-01-18,28,14,69,79,55,93,1
2026-01-18,28,15,50,53,44,59,0
2026-01-18,28,16,69,69,63,75,0
2026-01-18,28,17,78,78,61,95,0
2026-01-18,28,18,57,57,42,72,1
2026-01-18,28,19,47,56,31,72,0
2026-01-18,28,20,49,49,33,65,0
2026-01-18,29,1,41,55,26,70,0
2026-01-18,29,2,49,60,31,78,1
2026-01-18,29,3,61,80,49,92,1
2026-01-18,29,4,62,90,43,109,2
2026-01-18,29,5,46,63,27,82,0
2026-01-18,29,6,71,71,55,87,1
2026-01-18,29,7,65,65,45,85,0
2026-01-18,29,8,48,67,41,74,0
2026-01-18,29,9,68,68,49,87,0
2026-01-18,29,10,53,56,36,73,0
2026-01-18,29,11,55,55,43,67,1
2026-01-18,29,12,59,59,41,77,0
2026-01-18,29,13,61,61,44,78,1
2026-01-18,29,14,46,52,41,57,0
2026-01-18,29,15,64,64,44,84,1
2026-01-18,29,16,50,50,34,66,0
2026-01-18,29,17,52,58,47,63,0
2026-01-18,29,18,57,57,51,63,0
2026-01-18,29,19,52,68,38,82,0
2026-01-18,29,20,42,44,36,50,0
2026-01-18,30,1,58,59,47,70,1
2026-01-18,30,2,46,68,39,75,0
2026-01-18,30,3,48,48,42,54,0
2026-01-18,30,4,65,65,48,82,1
2026-01-18,30,5,54,75,38,91,0
2026-01-18,30,6,41,41,29,53,1
2026-01-18,30,7,53,53,48,58,1
2026-01-18,30,8,63,63,46,80,0
2026-01-18,30,9,64,64,48,80,0
2026-01-18,30,10,52,67,38,81,1
2026-01-18,30,11,63,93,53,103,2
2026-01-18,30,12,49,62,39,72,1
2026-01-18,30,13,57,66,42,81,1
2026-01-18,30,14,63,88,50,101,2
2026-01-18,30,15,68,95,57,106,1
2026-01-18,30,16,53,53,39,67,1
2026-01-18,30,17,41,49,35,55,0
2026-01-18,30,18,63,63,44,82,0
2026-01-18,30,19,44,63,30,77,0
2026-01-18,30,20,56,56,49,63,1
2026-01-18,31,1,59,65,44,80,0
2026-01-18,31,2,54,61,38,77,0
2026-01-18,31,3,58,74,44,88,0
2026-01-18,31,4,47,60,36,71,1
2026-01-18,31,5,50,59,36,73,0
2026-01-18,31,6,55,76,43,88,2
2026-01-18,31,7,43,43,38,48,0
2026-01-18,31,8,56,75,43,88,1
2026-01-18,31,9,59,78,48,89,0
2026-01-18,31,10,61,61,45,77,0
2026-01-18,31,11,51,62,45,68,0
2026-01-18,31,12,37,54,26,65,1
2026-01-18,31,13,60,60,48,72,0
2026-01-18,31,14,50,74,43,81,0
2026-01-18,31,15,47,57,40,64,1
2026-01-18,31,16,64,64,46,82,0
2026-01-18,31,17,45,45,34,56,0
2026-01-18,31,18,55,55,46,64,1
2026-01-18,31,19,59,63,39,83,0
2026-01-18,31,20,47,47,33,61,0
2026-01-18,32,1,39,45,29,55,0
2026-01-18,32,2,41,41,28,54,0
2026-01-18,32,3,41,49,27,63,1
2026-01-18,32,4,58,68,47,79,1
2026-01-18,32,5,39,53,29,63,1
2026-01-18,32,6,47,47,28,66,1
2026-01-18,32,7,42,42,30,54,0
2026-01-18,32,8,52,72,39,85,0
2026-01-18,32,9,40,50,23,67,0
2026-01-18,32,10,27,29,17,39,0
2026-01-18,32,11,33,33,26,40,0
2026-01-18,32,12,49,67,29,87,1
2026-01-18,32,13,48,49,30,67,0
2026-01-18,32,14,39,42,21,60,0
2026-01-18,32,15,42,42,32,52,0
2026-01-18,32,16,55,55,36,74,0
2026-01-18,32,17,38,40,23,55,0
2026-01-18,32,18,40,40,29,51,0
2026-01-18,32,19,47,52,32,67,0
2026-01-18,32,20,45,66,27,84,1
2026-01-18,33,1,51,51,37,65,0
2026-01-18,33,2,47,63,37,73,0
2026-01-18,33,3,43,43,36,50,0
2026-01-18,33,4,66,66,46,86,1
2026-01-18,33,5,43,57,30,70,0
2026-01-18,33,6,47,56,27,76,1
2026-01-18,33,7,63,93,49,107,0
2026-01-18,33,8,84,109,65,128,2
2026-01-18,33,9,59,76,50,85,1
2026-01-18,33,10,49,49,34,64,0
2026-01-18,33,11,52,52,44,60,0
2026-01-18,33,12,53,53,47,59,1
2026-01-18,33,13,42,44,35,51,0
2026-01-18,33,14,67,83,52,98,2
2026-01-18,33,15,53,53,40,66,0
2026-01-18,33,16,47,47,39,55,0
2026-01-18,33,17,41,53,34,60,1
2026-01-18,33,18,39,46,33,52,0
2026-01-18,33,19,62,62,45,79,0
2026-01-18,33,20,59,59,41,77,0
2026-01-18,34,1,59,59,39,79,1
2026-01-18,34,2,34,34,29,39,0
2026-01-18,34,3,60,83,55,88,1
2026-01-18,34,4,53,53,38,68,1
2026-01-18,34,5,60,84,45,99,1
2026-01-18,34,6,53,61,42,72,0
2026-01-18,34,7,68,74,51,91,1
2026-01-18,34,8,75,94,62,107,0
2026-01-18,34,9,59,59,50,68,0
2026-01-18,34,10,51,51,45,57,0
2026-01-18,34,11,61,64,55,70,1
2026-01-18,34,12,57,71,41,87,0
2026-01-18,34,13,51,51,34,68,0
2026-01-18,34,14,68,86,60,94,1
2026-01-18,34,15,65,80,51,94,0
2026-01-18,34,16,66,66,47,85,0
2026-01-18,34,17,48,52,40,60,0
2026-01-18,34,18,57,67,51,73,1
2026-01-18,34,19,48,65,31,82,1
2026-01-18,34,20,45,45,40,50,0
2026-01-18,35,1,49,59,32,76,0
2026-01-18,35,2,51,51,37,65,0
2026-01-18,35,3,50,61,37,74,0
2026-01-18,35,4,33,33,28,38,0
2026-01-18,35,5,54,59,35,78,1
2026-01-18,35,6,40,54,34,60,0
2026-01-18,35,7,49,49,42,56,0
2026-01-18,35,8,55,55,37,73,0
2026-01-18,35,9,53,76,33,96,1
2026-01-18,35,10,51,51,41,61,1
2026-01-18,35,11,59,59,47,71,1
2026-01-18,35,12,41,41,32,50,0
2026-01-18,35,13,42,42,28,56,0
2026-01-18,35,14,52,52,36,68,0
2026-01-18,35,15,37,38,28,47,0
2026-01-18,35,16,41,51,22,70,1
2026-01-18,35,17,55,58,38,75,1
2026-01-18,35,18,47,47,28,66,1
2026-01-18,35,19,43,43,33,53,0
2026-01-18,35,20,46,46,34,58,0
2026-01-18,36,1,54,76,36,94,0
2026-01-18,36,2,44,62,30,76,0
2026-01-18,36,3,38,53,23,68,0
2026-01-18,36,4,61,61,44,78,0
2026-01-18,36,5,36,45,22,59,1
2026-01-18,36,6,47,65,31,81,0
2026-01-18,36,7,55,70,46,79,1
2026-01-18,36,8,46,47,35,58,0
2026-01-18,36,9,38,38,30,46,0
2026-01-18,36,10,47,63,33,77,1
2026-01-18,36,11,55,77,36,96,0
2026-01-18,36,12,45,45,37,53,1
2026-01-18,36,13,44,44,28,60,0
2026-01-18,36,14,66,93,46,113,2
2026-01-18,36,15,38,41,31,48,1
2026-01-18,36,16,37,44,29,52,0
2026-01-18,36,17,36,47,21,62,0
2026-01-18,36,18,50,50,33,67,1
2026-01-18,36,19,32,32,25,39,0
2026-01-18,36,20,35,44,27,52,0
2026-01-18,37,1,58,58,52,64,0
2026-01-18,37,2,52,69,41,80,1
2026-01-18,37,3,55,68,47,76,0
2026-01-18,37,4,69,69,52,86,0
2026-01-18,37,5,46,46,40,52,0
2026-01-18,37,6,65,65,46,84,0
2026-01-18,37,7,63,78,50,91,2
2026-01-18,37,8,56,56,46,66,0
2026-01-18,37,9,78,100,67,111,0
2026-01-18,37,10,85,124,66,143,2
2026-01-18,37,11,68,99,59,108,1
2026-01-18,37,12,56,57,51,62,0
2026-01-18,37,13,44,44,38,50,1
2026-01-18,37,14,63,63,49,77,0
2026-01-18,37,15,75,75,69,81,0
2026-01-18,37,16,57,57,41,73,1
2026-01-18,37,17,63,75,53,85,2
2026-01-18,37,18,59,79,40,98,0
2026-01-18,37,19,62,62,57,67,1
2026-01-18,37,20,71,71,59,83,0
2026-01-18,38,1,52,64,42,74,1
2026-01-18,38,2,34,47,25,56,1
2026-01-18,38,3,40,58,20,78,0
2026-01-18,38,4,57,59,45,71,1
2026-01-18,38,5,39,43,19,63,0
2026-01-18,38,6,46,46,29,63,0
2026-01-18,38,7,54,66,36,84,0
2026-01-18,38,8,56,76,36,96,0
2026-01-18,38,9,43,60,30,73,0
2026-01-18,38,10,67,67,56,78,1
2026-01-18,38,11,61,71,56,76,0
2026-01-18,38,12,62,73,46,89,1
2026-01-18,38,13,48,67,38,77,0
2026-01-18,38,14,58,58,39,77,1
2026-01-18,38,15,46,46,28,64,1
2026-01-18,38,16,41,47,30,58,1
2026-01-18,38,17,37,41,30,48,1
2026-01-18,38,18,42,47,35,54,0
2026-01-18,38,19,36,53,21,68,1
2026-01-18,38,20,45,53,29,69,0
2026-01-18,39,1,62,63,43,82,0
2026-01-18,39,2,51,51,37,65,1
2026-01-18,39,3,33,45,25,53,0
2026-01-18,39,4,45,45,36,54,0
2026-01-18,39,5,40,57,35,62,0
2026-01-18,39,6,50,56,34,72,0
2026-01-18,39,7,46,67,39,74,0
2026-01-18,39,8,45,66,26,85,1
2026-01-18,39,9,42,50,23,69,1
2026-01-18,39,10,46,46,36,56,1
2026-01-18,39,11,64,92,47,109,2
2026-01-18,39,12,44,44,38,50,0
2026-01-18,39,13,39,50,31,58,0
2026-01-18,39,14,49,49,35,63,0
2026-01-18,39,15,48,48,30,66,0
2026-01-18,39,16,57,57,37,77,1
2026-01-18,39,17,45,55,40,60,1
2026-01-18,39,18,33,33,27,39,0
2026-01-18,39,19,46,52,27,71,0
2026-01-18,39,20,32,38,23,47,0
2026-01-18,40,1,54,56,46,64,0
2026-01-18,40,2,63,68,46,85,0
2026-01-18,40,3,65,65,56,74,0
2026-01-18,40,4,62,75,47,90,1
2026-01-18,40,5,60,65,42,83,1
2026-01-18,40,6,68,95,49,114,0
2026-01-18,40,7,96,96,78,114,1
2026-01-18,40,8,64,64,49,79,0
2026-01-18,40,9,65,71,50,86,1
2026-01-18,40,10,64,80,45,99,0
2026-01-18,40,11,67,95,53,109,2
2026-01-18,40,12,67,85,53,99,0
2026-01-18,40,13,51,74,46,79,1
2026-01-18,40,14,63,63,58,68,0
2026-01-18,40,15,59,78,40,97,1
2026-01-18,40,16,81,96,73,104,1
2026-01-18,40,17,48,55,39,64,0
2026-01-18,40,18,76,76,57,95,1
2026-01-18,40,19,36,39,20,55,0
2026-01-18,40,20,75,105,61,119,1
2026-01-18,41,1,42,48,36,54,0
2026-01-18,41,2,46,61,33,74,0
2026-01-18,41,3,34,50,26,58,1
2026-01-18,41,4,50,72,38,84,0
2026-01-18,41,5,43,58,34,67,1
2026-01-18,41,6,61,61,49,73,0
2026-01-18,41,7,45,51,40,56,0
2026-01-18,41,8,57,85,40,102,2
2026-01-18,41,9,60,71,41,90,1
2026-01-18,41,10,57,71,38,90,0
2026-01-18,41,11,50,50,41,59,0
2026-01-18,41,12,66,86,50,102,2
2026-01-18,41,13,43,43,36,50,0
2026-01-18,41,14,48,54,34,68,0
2026-01-18,41,15,43,43,33,53,0
2026-01-18,41,16,78,96,62,112,0
2026-01-18,41,17,51,51,32,70,0
2026-01-18,41,18,31,31,25,37,0
2026-01-18,41,19,39,47,27,59,1
2026-01-18,41,20,58,58,50,66,0
2026-01-18,42,1,29,38,24,43,0
2026-01-18,42,2,40,56,32,64,0
2026-01-18,42,3,43,49,27,65,1
2026-01-18,42,4,48,66,33,81,1
2026-01-18,42,5,57,74,46,85,2
2026-01-18,42,6,56,58,36,78,1
2026-01-18,42,7,49,68,31,86,0
2026-01-18,42,8,46,46,31,61,0
2026-01-18,42,9,52,52,33,71,0
2026-01-18,42,10,29,38,23,44,0
2026-01-18,42,11,54,59,44,69,0
2026-01-18,42,12,41,41,31,51,0
2026-01-18,42,13,27,27,22,32,0
2026-01-18,42,14,34,48,25,57,0
2026-01-18,42,15,36,36,29,43,0
2026-01-18,42,16,51,65,39,77,0
2026-01-18,42,17,53,61,39,75,1
2026-01-18,42,18,52,74,36,90,1
2026-01-18,42,19,45,45,30,60,0
2026-01-18,42,20,37,37,18,56,0
2026-01-18,43,1,58,83,50,91,1
2026-01-18,43,2,56,79,37,98,0
2026-01-18,43,3,59,59,48,70,0
2026-01-18,43,4,59,82,52,89,1
2026-01-18,43,5,68,68,49,87,1
2026-01-18,43,6,51,54,40,65,1
2026-01-18,43,7,63,63,46,80,1
2026-01-18,43,8,58,58,47,69,1
2026-01-18,43,9,74,79,54,99,0
2026-01-18,43,10,67,78,54,91,0
2026-01-18,43,11,49,49,37,61,0
2026-01-18,43,12,72,103,56,119,0
2026-01-18,43,13,46,46,39,53,0
2026-01-18,43,14,74,74,67,81,1
2026-01-18,43,15,60,60,52,68,0
2026-01-18,43,16,72,94,52,114,0
2026-01-18,43,17,48,65,42,71,0
2026-01-18,43,18,48,66,36,78,0
2026-01-18,43,19,80,118,66,132,1
2026-01-18,43,20,51,56,41,66,0
2026-01-18,44,1,43,58,37,64,0
2026-01-18,44,2,41,41,29,53,0
2026-01-18,44,3,68,81,48,101,2
2026-01-18,44,4,44,45,38,51,0
2026-01-18,44,5,50,50,39,61,0
2026-01-18,44,6,49,49,41,57,1
2026-01-18,44,7,40,40,25,55,0
2026-01-18,44,8,57,57,44,70,1
2026-01-18,44,9,59,64,45,78,0
2026-01-18,44,10,54,72,41,85,1
2026-01-18,44,11,52,57,38,71,1
2026-01-18,44,12,53,53,36,70,0
2026-01-18,44,13,60,60,53,67,0
2026-01-18,44,14,51,60,39,72,0
2026-01-18,44,15,57,57,46,68,0
2026-01-18,44,16,44,44,35,53,0
2026-01-18,44,17,43,59,37,65,0
2026-01-18,44,18,68,98,48,118,2
2026-01-18,44,19,56,56,40,72,1
2026-01-18,44,20,42,58,26,74,0
2026-01-18,45,1,53,59,46,66,1
2026-01-18,45,2,65,65,53,77,0
2026-01-18,45,3,60,60,45,75,0
2026-01-18,45,4,62,62,43,81,0
2026-01-18,45,5,69,69,60,78,1
2026-01-18,45,6,80,80,68,92,1
2026-01-18,45,7,63,86,51,98,2
2026-01-18,45,8,64,76,44,96,1
2026-01-18,45,9,76,76,60,92,0
2026-01-18,45,10,63,63,52,74,1
2026-01-18,45,11,74,74,68,80,2
2026-01-18,45,12,66,66,57,75,0
2026-01-18,45,13,47,61,29,79,1
2026-01-18,45,14,51,58,39,70,0
2026-01-18,45,15,74,81,58,97,0
2026-01-18,45,16,61,61,52,70,0
2026-01-18,45,17,61,61,52,70,0
2026-01-18,45,18,64,89,54,99,0
2026-01-18,45,19,65,67,58,74,0
2026-01-18,45,20,51,51,37,65,0
2026-01-18,46,1,57,81,39,99,0
2026-01-18,46,2,78,99,64,113,0
2026-01-18,46,3,60,71,46,85,0
2026-01-18,46,4,61,61,44,78,0
2026-01-18,46,5,57,57,50,64,0
2026-01-18,46,6,60,86,50,96,1
2026-01-18,46,7,60,60,55,65,1
2026-01-18,46,8,54,73,36,91,1
2026-01-18,46,9,55,57,43,69,1
2026-01-18,46,10,60,60,40,80,0
2026-01-18,46,11,54,54,40,68,1
2026-01-18,46,12,58,58,43,73,1
2026-01-18,46,13,53,69,43,79,1
2026-01-18,46,14,59,65,40,84,1
2026-01-18,46,15,54,67,42,79,1
2026-01-18,46,16,55,58,46,67,0
2026-01-18,46,17,70,70,53,87,1
2026-01-18,46,18,75,75,68,82,0
2026-01-18,46,19,60,60,40,80,1
2026-01-18,46,20,40,40,35,45,0
2026-01-18,47,1,76,76,63,89,1
2026-01-18,47,2,85,113,65,133,0
2026-01-18,47,3,55,55,49,61,0
2026-01-18,47,4,63,74,58,79,0
2026-01-18,47,5,62,80,45,97,0
2026-01-18,47,6,59,59,40,78,1
2026-01-18,47,7,81,81,75,87,0
2026-01-18,47,8,72,103,55,120,1
2026-01-18,47,9,70,70,56,84,1
2026-01-18,47,10,71,78,56,93,1
2026-01-18,47,11,66,66,51,81,0
2026-01-18,47,12,58,79,43,94,1
2026-01-18,47,13,59,59,44,74,0
2026-01-18,47,14,58,71,50,79,0
2026-01-18,47,15,48,48,39,57,0
2026-01-18,47,16,58,58,39,77,0
2026-01-18,47,17,86,86,68,104,2
2026-01-18,47,18,60,60,43,77,1
2026-01-18,47,19,60,85,53,92,0
2026-01-18,47,20,66,91,51,106,2
2026-01-18,48,1,62,66,46,82,0
2026-01-18,48,2,50,60,39,71,1
2026-01-18,48,3,55,72,36,91,0
2026-01-18,48,4,59,77,45,91,0
2026-01-18,48,5,47,66,36,77,0
2026-01-18,48,6,61,61,47,75,1
2026-01-18,48,7,52,77,42,87,1
2026-01-18,48,8,60,73,51,82,2
2026-01-18,48,9,64,90,57,97,1
2026-01-18,48,10,52,52,36,68,0
2026-01-18,48,11,48,48,33,63,0
2026-01-18,48,12,36,36,27,45,0
2026-01-18,48,13,52,52,39,65,0
2026-01-18,48,14,66,79,48,97,1
2026-01-18,48,15,55,74,38,91,0
2026-01-18,48,16,60,60,41,79,0
2026-01-18,48,17,31,41,26,46,0
2026-01-18,48,18,42,43,35,50,0
2026-01-18,48,19,49,49,43,55,0
2026-01-18,48,20,33,44,24,53,0
2026-01-18,49,1,54,54,44,64,0
2026-01-18,49,2,52,68,44,76,0
2026-01-18,49,3,39,49,33,55,0
2026-01-18,49,4,31,42,21,52,0
2026-01-18,49,5,64,89,54,99,1
2026-01-18,49,6,43,58,33,68,0
2026-01-18,49,7,75,75,59,91,0
2026-01-18,49,8,46,46,36,56,0
2026-01-18,49,9,43,45,36,52,0
2026-01-18,49,10,38,54,31,61,1
2026-01-18,49,11,62,62,42,82,0
2026-01-18,49,12,70,86,52,104,1
2026-01-18,49,13,36,36,28,44,0
2026-01-18,49,14,44,44,28,60,0
2026-01-18,49,15,37,37,24,50,0
2026-01-18,49,16,51,66,34,83,0
2026-01-18,49,17,42,53,37,58,0
2026-01-18,49,18,36,36,26,46,0
2026-01-18,49,19,52,66,33,85,1
2026-01-18,49,20,44,63,30,77,0
2026-01-18,50,1,64,82,45,101,0
2026-01-18,50,2,59,82,43,98,0
2026-01-18,50,3,31,39,19,51,0
2026-01-18,50,4,51,54,45,60,1
2026-01-18,50,5,44,44,28,60,0
2026-01-18,50,6,41,41,25,57,0
2026-01-18,50,7,50,61,40,71,1
2026-01-18,50,8,44,44,33,55,0
2026-01-18,50,9,56,65,48,73,1
2026-01-18,50,10,51,58,39,70,1
2026-01-18,50,11,75,96,56,115,2
2026-01-18,50,12,50,50,41,59,0
2026-01-18,50,13,54,75,37,92,1
2026-01-18,50,14,67,67,59,75,1
2026-01-18,50,15,62,62,46,78,0
2026-01-18,50,16,57,59,42,74,1
2026-01-18,50,17,44,44,24,64,0
2026-01-18,50,18,45,45,31,59,0
2026-01-18,50,19,49,49,30,68,0
2026-01-18,50,20,50,50,30,70,0
2026-01-25,1,1,65,65,45,85,1
2026-01-25,1,2,54,61,48,67,0
2026-01-25,1,3,65,86,45,106,2
2026-01-25,1,4,69,69,57,81,0
2026-01-25,1,5,63,65,44,84,0
2026-01-25,1,6,53,53,41,65,1
2026-01-25,1,7,63,63,50,76,0
2026-01-25,1,8,57,57,52,62,0
2026-01-25,1,9,74,95,54,115,2
2026-01-25,1,10,49,69,35,83,0
2026-01-25,1,11,70,78,51,97,0
2026-01-25,1,12,77,82,61,98,0
2026-01-25,1,13,53,54,39,68,0
2026-01-25,1,14,77,93,65,105,0
2026-01-25,1,15,79,79,65,93,0
2026-01-25,1,16,71,71,63,79,1
2026-01-25,1,17,83,89,67,105,1
2026-01-25,1,18,57,64,52,69,1
2026-01-25,1,19,64,84,50,98,2
2026-01-25,1,20,64,64,53,75,0
2026-01-25,2,1,44,56,28,72,1
2026-01-25,2,2,53,53,37,69,0
2026-01-25,2,3,27,37,22,42,1
2026-01-25,2,4,45,60,33,72,0
2026-01-25,2,5,45,62,25,82,1
2026-01-25,2,6,56,71,42,85,1
2026-01-25,2,7,77,96,57,116,0
2026-01-25,2,8,36,42,23,55,0
2026-01-25,2,9,51,51,34,68,0
2026-01-25,2,10,37,48,19,66,1
2026-01-25,2,11,59,63,40,82,1
2026-01-25,2,12,59,75,42,92,1
2026-01-25,2,13,49,63,39,73,0
2026-01-25,2,14,43,50,31,62,0
2026-01-25,2,15,53,68,39,82,1
2026-01-25,2,16,55,69,35,89,0
2026-01-25,2,17,37,40,20,57,0
2026-01-25,2,18,48,63,32,79,0
2026-01-25,2,19,27,35,14,48,0
2026-01-25,2,20,40,40,27,53,0
2026-01-25,3,1,58,79,45,92,2
2026-01-25,3,2,65,71,52,84,0
2026-01-25,3,3,34,34,27,41,0
2026-01-25,3,4,56,67,48,75,0
2026-01-25,3,5,38,49,26,61,0
2026-01-25,3,6,48,54,37,65,0
2026-01-25,3,7,53,60,42,71,1
2026-01-25,3,8,44,47,32,59,0
2026-01-25,3,9,59,85,42,102,2
2026-01-25,3,10,42,49,32,59,0
2026-01-25,3,11,46,47,37,56,0
2026-01-25,3,12,55,80,37,98,0
2026-01-25,3,13,42,42,36,48,0
2026-01-25,3,14,39,39,28,50,0
2026-01-25,3,15,38,38,30,46,0
2026-01-25,3,16,69,69,52,86,0
2026-01-25,3,17,33,33,14,52,0
2026-01-25,3,18,52,52,37,67,0
2026-01-25,3,19,43,48,27,64,0
2026-01-25,3,20,49,65,39,75,1
2026-01-25,4,1,80,103,61,122,1
2026-01-25,4,2,60,89,48,101,1
2026-01-25,4,3,61,64,42,83,0
2026-01-25,4,4,58,83,43,98,0
2026-01-25,4,5,79,99,61,117,1
2026-01-25,4,6,57,69,40,86,0
2026-01-25,4,7,57,83,50,90,2
2026-01-25,4,8,54,75,44,85,0
2026-01-25,4,9,57,57,49,65,1
2026-01-25,4,10,51,62,35,78,0
2026-01-25,4,11,81,81,61,101,1
2026-01-25,4,12,70,94,63,101,1
2026-01-25,4,13,64,74,47,91,1
2026-01-25,4,14,80,80,63,97,2
2026-01-25,4,15,66,85,55,96,0
2026-01-25,4,16,66,66,48,84,1
2026-01-25,4,17,59,66,47,78,0
2026-01-25,4,18,78,94,58,114,1
2026-01-25,4,19,59,60,44,75,0
2026-01-25,4,20,62,72,57,77,0
2026-01-25,5,1,49,49,34,64,0
2026-01-25,5,2,30,44,25,49,1
2026-01-25,5,3,57,64,37,84,1
2026-01-25,5,4,45,49,31,63,0
2026-01-25,5,5,39,39,30,48,0
2026-01-25,5,6,47,47,27,67,1
2026-01-25,5,7,31,41,24,48,0
2026-01-25,5,8,56,81,44,93,0
2026-01-25,5,9,50,50,45,55,1
2026-01-25,5,10,41,42,25,58,1
2026-01-25,5,11,48,68,33,83,0
2026-01-25,5,12,40,45,29,56,1
2026-01-25,5,13,34,36,19,51,0
2026-01-25,5,14,52,62,39,75,0
2026-01-25,5,15,42,51,26,67,1
2026-01-25,5,16,43,43,28,58,0
2026-01-25,5,17,51,51,34,68,0
2026-01-25,5,18,51,51,34,68,0
2026-01-25,5,19,34,34,28,40,0
2026-01-25,5,20,43,43,25,61,1
2026-01-25,6,1,53,53,36,70,0
2026-01-25,6,2,44,54,38,60,0
2026-01-25,6,3,48,48,37,59,0
2026-01-25,6,4,48,48,37,59,1
2026-01-25,6,5,48,52,40,60,0
2026-01-25,6,6,63,77,50,90,1
2026-01-25,6,7,64,64,45,83,1
2026-01-25,6,8,51,51,31,71,0
2026-01-25,6,9,56,72,44,84,0
2026-01-25,6,10,56,56,38,74,0
2026-01-25,6,11,50,50,33,67,0
2026-01-25,6,12,37,44,20,61,1
2026-01-25,6,13,43,43,23,63,1
2026-01-25,6,14,47,56,40,63,0
2026-01-25,6,15,49,49,33,65,0
2026-01-25,6,16,51,57,40,68,0
2026-01-25,6,17,37,41,31,47,0
2026-01-25,6,18,61,77,42,96,1
2026-01-25,6,19,50,50,45,55,0
2026-01-25,6,20,33,36,27,42,0
2026-01-25,7,1,56,56,37,75,0
2026-01-25,7,2,58,58,47,69,1
2026-01-25,7,3,39,53,24,68,1
2026-01-25,7,4,57,79,41,95,1
2026-01-25,7,5,36,37,27,46,0
2026-01-25,7,6,61,61,42,80,0
2026-01-25,7,7,48,50,37,61,1
2026-01-25,7,8,50,50,32,68,0
2026-01-25,7,9,66,94,51,109,2
2026-01-25,7,10,48,66,35,79,1
2026-01-25,7,11,53,58,43,68,0
2026-01-25,7,12,61,63,50,74,0
2026-01-25,7,13,43,51,34,60,0
2026-01-25,7,14,53,53,40,66,1
2026-01-25,7,15,39,50,24,65,0
2026-01-25,7,16,50,57,39,68,0
2026-01-25,7,17,43,53,28,68,0
2026-01-25,7,18,58,77,44,91,1
2026-01-25,7,19,39,57,30,66,0
2026-01-25,7,20,35,43,29,49,1
2026-01-25,8,1,42,48,31,59,0
2026-01-25,8,2,44,44,31,57,1
2026-01-25,8,3,38,38,30,46,0
2026-01-25,8,4,40,52,34,58,1
2026-01-25,8,5,54,54,37,71,0
2026-01-25,8,6,40,40,29,51,1
2026-01-25,8,7,37,37,29,45,0
2026-01-25,8,8,36,50,31,55,0
2026-01-25,8,9,50,55,32,73,0
2026-01-25,8,10,38,43,21,60,0
2026-01-25,8,11,45,51,31,65,1
2026-01-25,8,12,33,33,28,38,0
2026-01-25,8,13,36,36,17,55,0
2026-01-25,8,14,48,49,31,66,0
2026-01-25,8,15,47,47,34,60,0
2026-01-25,8,16,45,61,32,74,1
2026-01-25,8,17,34,34,27,41,0
2026-01-25,8,18,47,53,32,68,0
2026-01-25,8,19,39,39,31,47,1
2026-01-25,8,20,41,41,28,54,1
2026-01-25,9,1,81,104,67,118,1
2026-01-25,9,2,57,61,44,74,0
2026-01-25,9,3,58,81,51,88,1
2026-01-25,9,4,61,61,51,71,1
2026-01-25,9,5,64,64,51,77,1
2026-01-25,9,6,79,102,64,117,2
2026-01-25,9,7,62,62,54,70,1
2026-01-25,9,8,54,63,48,69,0
2026-01-25,9,9,57,57,45,69,1
2026-01-25,9,10,80,113,64,129,2
2026-01-25,9,11,63,82,44,101,1
2026-01-25,9,12,52,64,46,70,0
2026-01-25,9,13,72,72,54,90,1
2026-01-25,9,14,64,64,50,78,0
2026-01-25,9,15,48,71,43,76,1
2026-01-25,9,16,64,77,47,94,1
2026-01-25,9,17,57,57,46,68,0
2026-01-25,9,18,57,71,42,86,1
2026-01-25,9,19,57,72,46,83,0
2026-01-25,9,20,70,70,58,82,1
2026-01-25,10,1,58,58,51,65,0
2026-01-25,10,2,108,130,88,150,2
2026-01-25,10,3,64,64,55,73,0
2026-01-25,10,4,73,93,64,102,2
2026-01-25,10,5,79,86,62,103,2
2026-01-25,10,6,69,83,49,103,0
2026-01-25,10,7,81,109,72,118,0
2026-01-25,10,8,75,75,58,92,0
2026-01-25,10,9,70,79,59,90,0
2026-01-25,10,10,65,89,55,99,1
2026-01-25,10,11,60,69,55,74,0
2026-01-25,10,12,87,127,72,142,2
2026-01-25,10,13,67,67,62,72,1
2026-01-25,10,14,52,52,45,59,0
2026-01-25,10,15,64,77,48,93,1
2026-01-25,10,16,103,137,97,143,3
2026-01-25,10,17,54,54,47,61,0
2026-01-25,10,18,76,86,64,98,1
2026-01-25,10,19,68,68,51,85,0
2026-01-25,10,20,82,82,68,96,1
2026-01-25,11,1,53,71,39,85,0
2026-01-25,11,2,56,80,44,92,0
2026-01-25,11,3,30,37,23,44,0
2026-01-25,11,4,55,71,36,90,2
2026-01-25,11,5,40,40,21,59,0
2026-01-25,11,6,69,69,51,87,0
2026-01-25,11,7,62,90,54,98,1
2026-01-25,11,8,35,44,15,64,0
2026-01-25,11,9,59,66,48,77,0
2026-01-25,11,10,45,59,31,73,0
2026-01-25,11,11,55,68,45,78,1
2026-01-25,11,12,48,54,40,62,1
2026-01-25,11,13,45,63,33,75,1
2026-01-25,11,14,52,76,39,89,1
2026-01-25,11,15,60,81,40,101,0
2026-01-25,11,16,43,60,30,73,1
2026-01-25,11,17,50,64,31,83,0
2026-01-25,11,18,48,71,43,76,0
2026-01-25,11,19,41,56,27,70,1
2026-01-25,11,20,49,56,32,73,0
2026-01-25,12,1,41,53,36,58,0
2026-01-25,12,2,56,56,40,72,1
2026-01-25,12,3,46,46,29,63,0
2026-01-25,12,4,48,48,30,66,0
2026-01-25,12,5,31,34,24,41,0
2026-01-25,12,6,49,49,43,55,1
2026-01-25,12,7,66,66,49,83,1
2026-01-25,12,8,36,52,22,66,1
2026-01-25,12,9,77,77,58,96,1
2026-01-25,12,10,58,74,45,87,1
2026-01-25,12,11,84,84,66,102,0
2026-01-25,12,12,66,68,49,85,0
2026-01-25,12,13,51,63,46,68,1
2026-01-25,12,14,50,67,40,77,0
2026-01-25,12,15,61,61,45,77,1
2026-01-25,12,16,61,68,48,81,0
2026-01-25,12,17,39,50,28,61,0
2026-01-25,12,18,53,72,44,81,1
2026-01-25,12,19,34,34,23,45,0
2026-01-25,12,20,49,49,44,54,1
2026-01-25,13,1,70,83,64,89,0
2026-01-25,13,2,71,93,64,100,2
2026-01-25,13,3,70,70,59,81,1
2026-01-25,13,4,81,114,61,134,2
2026-01-25,13,5,66,95,52,109,1
2026-01-25,13,6,82,118,63,137,0
2026-01-25,13,7,106,106,90,122,3
2026-01-25,13,8,70,96,56,110,1
2026-01-25,13,9,84,116,68,132,3
2026-01-25,13,10,56,76,43,89,1
2026-01-25,13,11,87,87,73,101,0
2026-01-25,13,12,83,119,64,138,1
2026-01-25,13,13,63,83,48,98,1
2026-01-25,13,14,75,81,67,89,1
2026-01-25,13,15,79,80,66,93,1
2026-01-25,13,16,89,96,74,111,0
2026-01-25,13,17,89,89,84,94,0
2026-01-25,13,18,72,89,55,106,2
2026-01-25,13,19,69,69,59,79,0
2026-01-25,13,20,67,67,62,72,0
2026-01-25,14,1,51,51,32,70,0
2026-01-25,14,2,52,52,43,61,1
2026-01-25,14,3,59,59,42,76,0
2026-01-25,14,4,44,45,35,54,0
2026-01-25,14,5,56,58,42,72,0
2026-01-25,14,6,48,63,41,70,0
2026-01-25,14,7,53,53,37,69,0
2026-01-25,14,8,63,68,44,87,0
2026-01-25,14,9,61,64,41,84,0
2026-01-25,14,10,34,34,29,39,0
2026-01-25,14,11,51,71,45,77,1
2026-01-25,14,12,48,70,38,80,1
2026-01-25,14,13,60,60,43,77,0
2026-01-25,14,14,53,53,46,60,1
2026-01-25,14,15,58,69,38,89,1
2026-01-25,14,16,50,52,37,65,0
2026-01-25,14,17,53,63,41,75,0
2026-01-25,14,18,36,36,27,45,0
2026-01-25,14,19,51,58,31,78,1
2026-01-25,14,20,35,50,30,55,1
2026-01-25,15,1,37,37,31,43,0
2026-01-25,15,2,51,75,32,94,1
2026-01-25,15,3,29,29,18,40,0
2026-01-25,15,4,47,56,34,69,0
2026-01-25,15,5,43,43,23,63,1
2026-01-25,15,6,57,57,37,77,0
2026-01-25,15,7,47,47,34,60,0
2026-01-25,15,8,38,56,27,67,0
2026-01-25,15,9,57,57,37,77,1
2026-01-25,15,10,36,44,27,53,1
2026-01-25,15,11,40,49,33,56,0
2026-01-25,15,12,59,72,42,89,0
2026-01-25,15,13,40,52,34,58,0
2026-01-25,15,14,37,37,25,49,0
2026-01-25,15,15,37,50,31,56,0
2026-01-25,15,16,52,76,34,94,0
2026-01-25,15,17,46,52,28,70,0
2026-01-25,15,18,45,57,34,68,0
2026-01-25,15,19,44,48,25,67,0
2026-01-25,15,20,51,51,36,66,0
2026-01-25,16,1,50,50,41,59,0
2026-01-25,16,2,58,85,45,98,0
2026-01-25,16,3,59,59,39,79,0
2026-01-25,16,4,51,60,44,67,0
2026-01-25,16,5,50,72,40,82,1
2026-01-25,16,6,53,60,45,68,1
2026-01-25,16,7,49,49,31,67,1
2026-01-25,16,8,53,59,47,65,0
2026-01-25,16,9,48,55,36,67,1
2026-01-25,16,10,37,37,30,44,0
2026-01-25,16,11,87,87,69,105,1
2026-01-25,16,12,48,48,42,54,0
2026-01-25,16,13,49,69,35,83,0
2026-01-25,16,14,68,68,52,84,1
2026-01-25,16,15,57,80,39,98,0
2026-01-25,16,16,51,52,38,65,0
2026-01-25,16,17,63,63,44,82,0
2026-01-25,16,18,57,57,45,69,1
2026-01-25,16,19,37,37,25,49,0
2026-01-25,16,20,46,68,28,86,0
2026-01-25,17,1,45,50,37,58,0
2026-01-25,17,2,43,63,32,74,1
2026-01-25,17,3,50,73,33,90,0
2026-01-25,17,4,38,46,32,52,0
2026-01-25,17,5,57,62,46,73,0
2026-01-25,17,6,41,50,33,58,0
2026-01-25,17,7,46,52,38,60,0
2026-01-25,17,8,37,37,31,43,1
2026-01-25,17,9,50,50,44,56,0
2026-01-25,17,10,30,30,23,37,0
2026-01-25,17,11,41,42,36,47,0
2026-01-25,17,12,49,55,39,65,0
2026-01-25,17,13,37,42,21,58,0
2026-01-25,17,14,50,55,41,64,1
2026-01-25,17,15,40,40,29,51,0
2026-01-25,17,16,49,49,39,59,1
2026-01-25,17,17,66,74,50,90,1
2026-01-25,17,18,53,68,40,81,1
2026-01-25,17,19,54,77,42,89,1
2026-01-25,17,20,53,58,34,77,0
2026-01-25,18,1,65,94,58,101,1
2026-01-25,18,2,76,79,64,91,0
2026-01-25,18,3,71,85,58,98,2
2026-01-25,18,4,98,140,85,153,3
2026-01-25,18,5,94,94,81,107,2
2026-01-25,18,6,93,93,82,104,0
2026-01-25,18,7,70,70,62,78,2
2026-01-25,18,8,60,60,48,72,0
2026-01-25,18,9,88,88,79,97,1
2026-01-25,18,10,83,104,65,122,1
2026-01-25,18,11,86,90,67,109,1
2026-01-25,18,12,73,73,68,78,0
2026-01-25,18,13,80,80,60,100,1
2026-01-25,18,14,56,58,46,68,0
2026-01-25,18,15,68,68,52,84,1
2026-01-25,18,16,72,72,61,83,0
2026-01-25,18,17,47,69,42,74,1
2026-01-25,18,18,89,90,69,110,0
2026-01-25,18,19,61,83,54,90,1
2026-01-25,18,20,72,72,58,86,1
2026-01-25,19,1,49,63,30,82,1
2026-01-25,19,2,60,60,42,78,1
2026-01-25,19,3,49,49,39,59,0
2026-01-25,19,4,60,63,42,81,1
2026-01-25,19,5,22,28,12,38,0
2026-01-25,19,6,59,59,42,76,1
2026-01-25,19,7,42,42,28,56,1
2026-01-25,19,8,48,48,32,64,1
2026-01-25,19,9,57,73,43,87,1
2026-01-25,19,10,49,62,31,80,0
2026-01-25,19,11,39,39,34,44,0
2026-01-25,19,12,61,66,41,86,1
2026-01-25,19,13,53,53,35,71,1
2026-01-25,19,14,54,73,47,80,2
2026-01-25,19,15,52,52,41,63,0
2026-01-25,19,16,53,69,40,82,1
2026-01-25,19,17,51,51,40,62,1
2026-01-25,19,18,54,54,42,66,0
2026-01-25,19,19,46,58,36,68,1
2026-01-25,19,20,49,64,37,76,0
2026-01-25,20,1,56,59,36,79,1
2026-01-25,20,2,51,60,42,69,0
2026-01-25,20,3,33,47,26,54,0
2026-01-25,20,4,62,92,48,106,1
2026-01-25,20,5,48,48,35,61,0
2026-01-25,20,6,51,51,42,60,0
2026-01-25,20,7,55,55,50,60,1
2026-01-25,20,8,65,91,46,110,1
2026-01-25,20,9,65,65,54,76,0
2026-01-25,20,10,55,79,35,99,1
2026-01-25,20,11,65,67,46,86,0
2026-01-25,20,12,51,51,35,67,0
2026-01-25,20,13,37,47,24,60,1
2026-01-25,20,14,47,51,28,70,0
2026-01-25,20,15,60,80,44,96,1
2026-01-25,20,16,50,59,37,72,1
2026-01-25,20,17,31,31,23,39,0
2026-01-25,20,18,61,67,55,73,0
2026-01-25,20,19,38,56,28,66,0
2026-01-25,20,20,48,63,35,76,0
2026-01-25,21,1,51,71,31,91,1
2026-01-25,21,2,46,63,30,79,1
2026-01-25,21,3,37,53,24,66,1
2026-01-25,21,4,39,39,33,45,0
2026-01-25,21,5,36,52,26,62,0
2026-01-25,21,6,34,34,28,40,0
2026-01-25,21,7,44,58,36,66,1
2026-01-25,21,8,61,61,41,81,0
2026-01-25,21,9,61,61,50,72,0
2026-01-25,21,10,47,56,29,74,0
2026-01-25,21,11,63,84,48,99,1
2026-01-25,21,12,40,47,33,54,0
2026-01-25,21,13,36,36,27,45,0
2026-01-25,21,14,59,61,41,79,0
2026-01-25,21,15,55,55,38,72,0
2026-01-25,21,16,63,74,48,89,1
2026-01-25,21,17,54,54,39,69,0
2026-01-25,21,18,41,47,34,54,0
2026-01-25,21,19,42,42,32,52,1
2026-01-25,21,20,54,54,39,69,0
2026-01-25,22,1,40,56,34,62,0
2026-01-25,22,2,53,63,39,77,0
2026-01-25,22,3,45,65,34,76,0
2026-01-25,22,4,53,53,36,70,1
2026-01-25,22,5,51,51,33,69,0
2026-01-25,22,6,54,73,44,83,0
2026-01-25,22,7,49,62,33,78,0
2026-01-25,22,8,53,53,38,68,0
2026-01-25,22,9,43,43,35,51,1
2026-01-25,22,10,46,49,38,57,0
2026-01-25,22,11,49,59,42,66,1
2026-01-25,22,12,42,44,37,49,0
2026-01-25,22,13,33,33,28,38,0
2026-01-25,22,14,64,64,44,84,0
2026-01-25,22,15,50,50,34,66,0
2026-01-25,22,16,59,59,46,72,1
2026-01-25,22,17,39,39,23,55,0
2026-01-25,22,18,50,66,39,77,1
2026-01-25,22,19,58,58,38,78,0
2026-01-25,22,20,57,57,37,77,0
2026-01-25,23,1,57,57,45,69,1
2026-01-25,23,2,66,66,48,84,1
2026-01-25,23,3,50,50,31,69,0
2026-01-25,23,4,50,71,31,90,0
2026-01-25,23,5,40,40,34,46,1
2026-01-25,23,6,51,65,31,85,0
2026-01-25,23,7,50,50,38,62,0
2026-01-25,23,8,56,56,37,75,1
2026-01-25,23,9,57,57,41,73,1
2026-01-25,23,10,48,48,31,65,0
2026-01-25,23,11,38,40,32,46,0
2026-01-25,23,12,40,56,33,63,1
2026-01-25,23,13,50,53,43,60,0
2026-01-25,23,14,59,85,42,102,0
2026-01-25,23,15,40,51,32,59,0
2026-01-25,23,16,55,55,38,72,1
2026-01-25,23,17,61,61,42,80,0
2026-01-25,23,18,69,69,54,84,0
2026-01-25,23,19,46,47,40,53,0
2026-01-25,23,20,30,32,23,39,0
2026-01-25,24,1,47,47,41,53,0
2026-01-25,24,2,54,61,43,72,0
2026-01-25,24,3,59,80,47,92,1
2026-01-25,24,4,44,48,39,53,0
2026-01-25,24,5,64,64,49,79,1
2026-01-25,24,6,78,78,64,92,1
2026-01-25,24,7,58,59,51,66,0
2026-01-25,24,8,62,62,53,71,0
2026-01-25,24,9,58,65,44,79,1
2026-01-25,24,10,55,55,40,70,0
2026-01-25,24,11,57,57,48,66,0
2026-01-25,24,12,49,51,40,60,1
2026-01-25,24,13,44,62,35,71,1
2026-01-25,24,14,58,61,39,80,0
2026-01-25,24,15,56,56,45,67,0
2026-01-25,24,16,59,79,51,87,1
2026-01-25,24,17,52,57,45,64,1
2026-01-25,24,18,55,55,40,70,0
2026-01-25,24,19,54,54,39,69,0
2026-01-25,24,20,69,101,61,109,2
2026-01-25,25,1,65,76,52,89,0
2026-01-25,25,2,66,66,53,79,1
2026-01-25,25,3,64,89,48,105,1
2026-01-25,25,4,91,127,77,141,1
2026-01-25,25,5,112,112,102,122,0
2026-01-25,25,6,83,83,65,101,1
2026-01-25,25,7,89,89,77,101,1
2026-01-25,25,8,74,89,54,109,0
2026-01-25,25,9,108,108,88,128,1
2026-01-25,25,10,83,111,69,125,3
2026-01-25,25,11,106,155,95,166,3
2026-01-25,25,12,94,131,76,149,2
2026-01-25,25,13,56,62,46,72,0
2026-01-25,25,14,77,77,59,95,2
2026-01-25,25,15,79,86,69,96,0
2026-01-25,25,16,90,120,76,134,3
2026-01-25,25,17,69,69,62,76,0
2026-01-25,25,18,64,64,51,77,1
2026-01-25,25,19,100,109,81,128,1
2026-01-25,25,20,73,73,63,83,1
2026-01-25,26,1,38,47,21,64,1
2026-01-25,26,2,45,55,30,70,0
2026-01-25,26,3,65,85,53,97,1
2026-01-25,26,4,58,58,41,75,1
2026-01-25,26,5,54,80,38,96,0
2026-01-25,26,6,46,46,36,56,0
2026-01-25,26,7,61,76,50,87,1
2026-01-25,26,8,68,73,54,87,0
2026-01-25,26,9,49,69,36,82,1
2026-01-25,26,10,43,55,23,75,0
2026-01-25,26,11,55,58,39,74,0
2026-01-25,26,12,56,67,48,75,1
2026-01-25,26,13,37,40,32,45,0
2026-01-25,26,14,67,99,48,118,1
2026-01-25,26,15,51,51,38,64,1
2026-01-25,26,16,45,45,31,59,0
2026-01-25,26,17,61,61,47,75,1
2026-01-25,26,18,59,60,49,70,1
2026-01-25,26,19,42,52,30,64,1
2026-01-25,26,20,49,59,34,74,1
2026-01-25,27,1,49,62,39,72,0
2026-01-25,27,2,61,61,54,68,1
2026-01-25,27,3,39,39,30,48,0
2026-01-25,27,4,42,55,34,63,0
2026-01-25,27,5,53,53,43,63,1
2026-01-25,27,6,72,96,52,116,0
2026-01-25,27,7,44,44,38,50,1
2026-01-25,27,8,53,72,40,85,0
2026-01-25,27,9,56,72,38,90,1
2026-01-25,27,10,53,67,46,74,0
2026-01-25,27,11,61,67,50,78,1
2026-01-25,27,12,50,66,36,80,0
2026-01-25,27,13,56,59,46,69,0
2026-01-25,27,14,53,53,37,69,0
2026-01-25,27,15,60,60,41,79,1
2026-01-25,27,16,52,55,35,72,0
2026-01-25,27,17,53,53,39,67,0
2026-01-25,27,18,56,70,48,78,1
2026-01-25,27,19,50,50,41,59,0
2026-01-25,27,20,69,92,49,112,0
2026-01-25,28,1,50,50,39,61,0
2026-01-25,28,2,76,101,60,117,2
2026-01-25,28,3,54,71,46,79,1
2026-01-25,28,4,72,102,63,111,2
2026-01-25,28,5,65,78,57,86,0
2026-01-25,28,6,61,84,54,91,2
2026-01-25,28,7,71,89,54,106,2
2026-01-25,28,8,66,87,47,106,0
2026-01-25,28,9,72,72,60,84,1
2026-01-25,28,10,47,64,31,80,1
2026-01-25,28,11,64,64,52,76,0
2026-01-25,28,12,73,97,57,113,1
2026-01-25,28,13,47,47,42,52,0
2026-01-25,28,14,51,60,45,66,0
2026-01-25,28,15,70,70,50,90,1
2026-01-25,28,16,67,67,62,72,1
2026-01-25,28,17,62,79,52,89,1
2026-01-25,28,18,45,45,35,55,0
2026-01-25,28,19,60,73,47,86,0
2026-01-25,28,20,71,103,51,123,2
2026-01-25,29,1,72,103,53,122,0
2026-01-25,29,2,53,53,40,66,1
2026-01-25,29,3,42,42,32,52,1
2026-01-25,29,4,72,80,52,100,1
2026-01-25,29,5,47,68,40,75,0
2026-01-25,29,6,53,77,43,87,0
2026-01-25,29,7,48,48,34,62,0
2026-01-25,29,8,45,45,35,55,0
2026-01-25,29,9,51,56,41,66,0
2026-01-25,29,10,56,62,37,81,1
2026-01-25,29,11,54,75,43,86,0
2026-01-25,29,12,54,60,41,73,1
2026-01-25,29,13,53,60,45,68,0
2026-01-25,29,14,54,54,36,72,0
2026-01-25,29,15,59,76,45,90,1
2026-01-25,29,16,51,51,43,59,1
2026-01-25,29,17,51,51,41,61,0
2026-01-25,29,18,58,58,48,68,1
2026-01-25,29,19,45,45,35,55,0
2026-01-25,29,20,52,60,33,79,0
2026-01-25,30,1,68,71,51,88,0
2026-01-25,30,2,43,43,38,48,0
2026-01-25,30,3,52,55,46,61,0
2026-01-25,30,4,57,57,52,62,1
2026-01-25,30,5,76,98,61,113,0
2026-01-25,30,6,58,58,41,75,1
2026-01-25,30,7,69,99,57,111,1
2026-01-25,30,8,60,74,45,89,0
2026-01-25,30,9,49,55,43,61,0
2026-01-25,30,10,50,50,33,67,0
2026-01-25,30,11,65,71,50,86,1
2026-01-25,30,12,57,59,50,66,1
2026-01-25,30,13,64,64,54,74,1
2026-01-25,30,14,73,73,54,92,1
2026-01-25,30,15,69,69,58,80,1
2026-01-25,30,16,51,75,44,82,1
2026-01-25,30,17,59,79,43,95,0
2026-01-25,30,18,47,63,41,69,1
2026-01-25,30,19,57,77,45,89,1
2026-01-25,30,20,51,61,34,78,0
2026-01-25,31,1,46,51,35,62,1
2026-01-25,31,2,56,77,40,93,2
2026-01-25,31,3,49,71,44,76,0
2026-01-25,31,4,48,48,41,55,0
2026-01-25,31,5,61,65,54,72,1
2026-01-25,31,6,53,78,36,95,1
2026-01-25,31,7,66,66,57,75,0
2026-01-25,31,8,59,87,49,97,1
2026-01-25,31,9,63,63,52,74,1
2026-01-25,31,10,41,46,36,51,0
2026-01-25,31,11,61,69,42,88,0
2026-01-25,31,12,56,76,48,84,1
2026-01-25,31,13,52,65,34,83,1
2026-01-25,31,14,56,59,47,68,0
2026-01-25,31,15,60,60,42,78,1
2026-01-25,31,16,64,64,48,80,1
2026-01-25,31,17,65,95,51,109,1
2026-01-25,31,18,66,66,46,86,0
2026-01-25,31,19,52,52,45,59,1
2026-01-25,31,20,46,51,40,57,0
2026-01-25,32,1,38,51,21,68,0
2026-01-25,32,2,45,53,36,62,1
2026-01-25,32,3,44,55,35,64,0
2026-01-25,32,4,54,54,39,69,1
2026-01-25,32,5,42,42,25,59,1
2026-01-25,32,6,40,55,30,65,0
2026-01-25,32,7,42,59,33,68,0
2026-01-25,32,8,37,41,25,53,1
2026-01-25,32,9,43,53,35,61,1
2026-01-25,32,10,40,40,35,45,0
2026-01-25,32,11,52,58,37,73,0
2026-01-25,32,12,41,41,26,56,0
2026-01-25,32,13,34,34,23,45,0
2026-01-25,32,14,44,44,34,54,0
2026-01-25,32,15,45,53,32,66,1
2026-01-25,32,16,52,62,33,81,0
2026-01-25,32,17,43,43,26,60,0
2026-01-25,32,18,39,47,28,58,1
2026-01-25,32,19,47,47,29,65,0
2026-01-25,32,20,38,52,21,69,0
2026-01-25,33,1,57,74,37,94,2
2026-01-25,33,2,56,81,47,90,1
2026-01-25,33,3,60,87,44,103,2
2026-01-25,33,4,77,77,70,84,0
2026-01-25,33,5,58,82,39,101,1
2026-01-25,33,6,65,65,48,82,0
2026-01-25,33,7,48,49,40,57,0
2026-01-25,33,8,59,82,42,99,1
2026-01-25,33,9,57,66,50,73,0
2026-01-25,33,10,50,50,41,59,1
2026-01-25,33,11,53,53,47,59,1
2026-01-25,33,12,51,67,44,74,0
2026-01-25,33,13,71,71,55,87,1
2026-01-25,33,14,50,50,42,58,0
2026-01-25,33,15,59,62,54,67,0
2026-01-25,33,16,56,56,43,69,0
2026-01-25,33,17,52,68,43,77,0
2026-01-25,33,18,53,53,40,66,0
2026-01-25,33,19,36,36,27,45,0
2026-01-25,33,20,47,61,36,72,0
2026-01-25,34,1,58,59,52,65,1
2026-01-25,34,2,61,61,41,81,0
2026-01-25,34,3,51,51,38,64,1
2026-01-25,34,4,56,83,42,97,1
2026-01-25,34,5,58,58,47,69,1
2026-01-25,34,6,65,65,60,70,0
2026-01-25,34,7,74,94,54,114,0
2026-01-25,34,8,61,61,47,75,1
2026-01-25,34,9,70,100,54,116,1
2026-01-25,34,10,46,46,29,63,0
2026-01-25,34,11,70,79,50,99,2
2026-01-25,34,12,57,72,42,87,0
2026-01-25,34,13,54,75,40,89,0
2026-01-25,34,14,67,68,49,86,0
2026-01-25,34,15,57,57,47,67,0
2026-01-25,34,16,63,90,56,97,0
2026-01-25,34,17,52,75,42,85,1
2026-01-25,34,18,77,77,58,96,0
2026-01-25,34,19,56,56,45,67,0
2026-01-25,34,20,58,79,47,90,2
2026-01-25,35,1,50,61,34,77,0
2026-01-25,35,2,51,51,37,65,0
2026-01-25,35,3,44,44,35,53,0
2026-01-25,35,4,54,70,43,81,1
2026-01-25,35,5,43,54,36,61,0
2026-01-25,35,6,53,59,34,78,0
2026-01-25,35,7,43,43,35,51,1
2026-01-25,35,8,51,63,32,82,0
2026-01-25,35,9,47,47,42,52,0
2026-01-25,35,10,52,63,37,78,0
2026-01-25,35,11,48,71,41,78,1
2026-01-25,35,12,38,46,27,57,0
2026-01-25,35,13,42,48,35,55,0
2026-01-25,35,14,31,42,25,48,1
2026-01-25,35,15,45,63,26,82,1
2026-01-25,35,16,31,32,13,50,0
2026-01-25,35,17,48,70,43,75,1
2026-01-25,35,18,65,66,45,86,0
2026-01-25,35,19,51,51,37,65,0
2026-01-25,35,20,40,52,29,63,0
2026-01-25,36,1,63,63,43,83,0
2026-01-25,36,2,55,78,39,94,2
2026-01-25,36,3,38,38,25,51,0
2026-01-25,36,4,62,83,44,101,1
2026-01-25,36,5,41,41,26,56,0
2026-01-25,36,6,62,89,45,106,1
2026-01-25,36,7,57,84,43,98,2
2026-01-25,36,8,54,54,35,73,0
2026-01-25,36,9,46,57,38,65,1
2026-01-25,36,10,47,61,30,78,0
2026-01-25,36,11,65,92,59,98,0
2026-01-25,36,12,38,54,28,64,0
2026-01-25,36,13,41,41,34,48,0
2026-01-25,36,14,64,77,44,97,0
2026-01-25,36,15,48,50,37,61,0
2026-01-25,36,16,47,67,40,74,0
2026-01-25,36,17,39,50,21,68,0
2026-01-25,36,18,34,42,29,47,0
2026-01-25,36,19,40,51,21,70,0
2026-01-25,36,20,54,66,34,86,0
2026-01-25,37,1,56,70,39,87,0
2026-01-25,37,2,86,109,71,124,1
2026-01-25,37,3,78,111,71,118,0
2026-01-25,37,4,75,75,55,95,1
2026-01-25,37,5,61,61,53,69,0
2026-01-25,37,6,72,96,65,103,1
2026-01-25,37,7,69,69,62,76,1
2026-01-25,37,8,53,76,43,86,0
2026-01-25,37,9,62,62,51,73,1
2026-01-25,37,10,64,85,45,104,1
2026-01-25,37,11,77,92,59,110,0
2026-01-25,37,12,66,66,59,73,1
2026-01-25,37,13,70,70,53,87,0
2026-01-25,37,14,92,125,87,130,2
2026-01-25,37,15,63,77,48,92,1
2026-01-25,37,16,87,99,68,118,0
2026-01-25,37,17,55,76,49,82,0
2026-01-25,37,18,56,75,41,90,0
2026-01-25,37,19,64,69,48,85,1
2026-01-25,37,20,47,47,39,55,0
2026-01-25,38,1,32,43,23,52,0
2026-01-25,38,2,45,45,33,57,0
2026-01-25,38,3,41,50,25,66,0
2026-01-25,38,4,36,46,30,52,0
2026-01-25,38,5,36,36,25,47,0
2026-01-25,38,6,52,68,35,85,1
2026-01-25,38,7,41,43,32,52,0
2026-01-25,38,8,32,39,21,50,0
2026-01-25,38,9,56,56,44,68,1
2026-01-25,38,10,50,64,42,72,1
2026-01-25,38,11,47,64,33,78,0
2026-01-25,38,12,49,68,30,87,0
2026-01-25,38,13,31,43,26,48,0
2026-01-25,38,14,35,39,28,46,0
2026-01-25,38,15,47,47,27,67,1
2026-01-25,38,16,51,68,41,78,0
2026-01-25,38,17,28,28,21,35,0
2026-01-25,38,18,40,43,30,53,0
2026-01-25,38,19,39,39,30,48,0
2026-01-25,38,20,40,55,24,71,1
2026-01-25,39,1,46,57,37,66,0
2026-01-25,39,2,42,50,29,63,0
2026-01-25,39,3,43,43,36,50,0
2026-01-25,39,4,61,61,47,75,0
2026-01-25,39,5,45,63,36,72,0
2026-01-25,39,6,54,66,35,85,0
2026-01-25,39,7,69,69,52,86,0
2026-01-25,39,8,44,44,25,63,1
2026-01-25,39,9,51,55,42,64,0
2026-01-25,39,10,47,53,31,69,0
2026-01-25,39,11,53,67,40,80,1
2026-01-25,39,12,56,60,46,70,1
2026-01-25,39,13,40,43,27,56,1
2026-01-25,39,14,56,58,43,71,0
2026-01-25,39,15,43,43,32,54,1
2026-01-25,39,16,40,47,29,58,0
2026-01-25,39,17,48,63,38,73,0
2026-01-25,39,18,43,64,34,73,0
2026-01-25,39,19,48,48,30,66,0
2026-01-25,39,20,52,52,40,64,1
2026-01-25,40,1,57,57,40,74,0
2026-01-25,40,2,66,66,46,86,0
2026-01-25,40,3,50,55,45,60,0
2026-01-25,40,4,70,91,59,102,0
2026-01-25,40,5,79,106,59,126,0
2026-01-25,40,6,46,61,36,71,0
2026-01-25,40,7,61,89,54,96,2
2026-01-25,40,8,58,59,51,66,0
2026-01-25,40,9,57,84,38,103,2
2026-01-25,40,10,42,42,27,57,1
2026-01-25,40,11,64,80,56,88,0
2026-01-25,40,12,61,79,55,85,0
2026-01-25,40,13,55,66,44,77,1
2026-01-25,40,14,76,105,60,121,0
2026-01-25,40,15,70,73,50,93,1
2026-01-25,40,16,77,77,58,96,2
2026-01-25,40,17,67,78,57,88,0
2026-01-25,40,18,85,85,68,102,1
2026-01-25,40,19,69,69,52,86,0
2026-01-25,40,20,48,48,43,53,0
2026-01-25,41,1,44,59,39,64,0
2026-01-25,41,2,53,53,43,63,0
2026-01-25,41,3,34,34,25,43,0
2026-01-25,41,4,59,60,41,78,1
2026-01-25,41,5,37,37,27,47,0
2026-01-25,41,6,47,66,30,83,0
2026-01-25,41,7,46,46,32,60,0
2026-01-25,41,8,49,51,40,60,0
2026-01-25,41,9,50,71,37,84,1
2026-01-25,41,10,39,39,33,45,0
2026-01-25,41,11,49,49,39,59,1
2026-01-25,41,12,50,50,40,60,0
2026-01-25,41,13,46,46,38,54,0
2026-01-25,41,14,51,58,40,69,0
2026-01-25,41,15,45,62,31,76,0
2026-01-25,41,16,65,65,45,85,0
2026-01-25,41,17,41,43,27,57,0
2026-01-25,41,18,51,58,43,66,1
2026-01-25,41,19,32,39,24,47,0
2026-01-25,41,20,28,28,23,33,0
2026-01-25,42,1,41,60,30,71,0
2026-01-25,42,2,48,71,38,81,1
2026-01-25,42,3,43,43,23,63,0
2026-01-25,42,4,41,49,27,63,0
2026-01-25,42,5,35,35,30,40,0
2026-01-25,42,6,44,63,33,74,0
2026-01-25,42,7,36,51,29,58,0
2026-01-25,42,8,46,46,31,61,0
2026-01-25,42,9,55,82,38,99,0
2026-01-25,42,10,37,52,22,67,0
2026-01-25,42,11,59,79,39,99,0
2026-01-25,42,12,45,64,30,79,1
2026-01-25,42,13,41,57,30,68,1
2026-01-25,42,14,52,52,38,66,0
2026-01-25,42,15,47,53,38,62,0
2026-01-25,42,16,57,64,43,78,0
2026-01-25,42,17,50,70,40,80,1
2026-01-25,42,18,55,65,40,80,0
2026-01-25,42,19,46,46,39,53,0
2026-01-25,42,20,44,44,27,61,0
2026-01-25,43,1,50,59,35,74,1
2026-01-25,43,2,78,93,64,107,2
2026-01-25,43,3,61,71,45,87,1
2026-01-25,43,4,45,49,26,68,1
2026-01-25,43,5,54,54,42,66,1
2026-01-25,43,6,61,88,52,97,1
2026-01-25,43,7,49,61,40,70,1
2026-01-25,43,8,70,91,56,105,1
2026-01-25,43,9,58,58,43,73,1
2026-01-25,43,10,57,57,50,64,1
2026-01-25,43,11,67,67,47,87,1
2026-01-25,43,12,60,60,43,77,0
2026-01-25,43,13,45,63,34,74,0
2026-01-25,43,14,45,45,40,50,0
2026-01-25,43,15,53,53,42,64,1
2026-01-25,43,16,54,54,38,70,1
2026-01-25,43,17,61,61,47,75,0
2026-01-25,43,18,56,56,47,65,0
2026-01-25,43,19,48,48,38,58,1
2026-01-25,43,20,62,84,44,102,1
2026-01-25,44,1,43,62,32,73,0
2026-01-25,44,2,55,55,48,62,1
2026-01-25,44,3,27,38,18,47,0
2026-01-25,44,4,56,72,38,90,0
2026-01-25,44,5,41,47,26,62,0
2026-01-25,44,6,43,43,37,49,0
2026-01-25,44,7,54,54,37,71,0
2026-01-25,44,8,59,87,42,104,2
2026-01-25,44,9,65,84,45,104,0
2026-01-25,44,10,50,64,30,84,0
2026-01-25,44,11,59,78,45,92,1
2026-01-25,44,12,52,52,44,60,0
2026-01-25,44,13,62,73,43,92,0
2026-01-25,44,14,44,44,36,52,0
2026-01-25,44,15,56,56,47,65,0
2026-01-25,44,16,77,91,60,108,2
2026-01-25,44,17,53,53,43,63,0
2026-01-25,44,18,58,58,38,78,1
2026-01-25,44,19,62,92,42,112,2
2026-01-25,44,20,52,75,37,90,2
2026-01-25,45,1,44,51,34,61,0
2026-01-25,45,2,53,53,44,62,0
2026-01-25,45,3,46,59,41,64,1
2026-01-25,45,4,68,101,53,116,0
2026-01-25,45,5,50,51,42,59,0
2026-01-25,45,6,62,69,52,79,0
2026-01-25,45,7,60,81,52,89,0
2026-01-25,45,8,65,87,48,104,0
2026-01-25,45,9,64,64,50,78,0
2026-01-25,45,10,63,71,44,90,1
2026-01-25,45,11,76,109,61,124,2
2026-01-25,45,12,74,102,54,122,2
2026-01-25,45,13,67,92,50,109,0
2026-01-25,45,14,61,61,56,66,1
2026-01-25,45,15,78,78,69,87,0
2026-01-25,45,16,62,62,49,75,1
2026-01-25,45,17,73,73,54,92,0
2026-01-25,45,18,57,64,48,73,0
2026-01-25,45,19,71,93,57,107,2
2026-01-25,45,20,71,71,54,88,0
2026-01-25,46,1,61,61,49,73,0
2026-01-25,46,2,79,79,63,95,0
2026-01-25,46,3,47,55,41,61,1
2026-01-25,46,4,75,75,55,95,1
2026-01-25,46,5,55,55,45,65,0
2026-01-25,46,6,55,64,37,82,1
2026-01-25,46,7,54,80,46,88,1
2026-01-25,46,8,58,58,51,65,0
2026-01-25,46,9,70,70,53,87,1
2026-01-25,46,10,62,88,47,103,0
2026-01-25,46,11,60,71,45,86,1
2026-01-25,46,12,59,71,39,91,0
2026-01-25,46,13,44,60,25,79,1
2026-01-25,46,14,56,75,48,83,0
2026-01-25,46,15,59,79,42,96,1
2026-01-25,46,16,74,74,56,92,0
2026-01-25,46,17,38,55,29,64,0
2026-01-25,46,18,69,94,52,111,0
2026-01-25,46,19,63,64,50,77,1
2026-01-25,46,20,38,54,24,68,0
2026-01-25,47,1,76,76,59,93,2
2026-01-25,47,2,73,107,68,112,1
2026-01-25,47,3,58,69,50,77,1
2026-01-25,47,4,65,89,45,109,0
2026-01-25,47,5,49,53,39,63,1
2026-01-25,47,6,61,61,51,71,0
2026-01-25,47,7,87,87,77,97,0
2026-01-25,47,8,59,85,41,103,2
2026-01-25,47,9,95,128,82,141,2
2026-01-25,47,10,64,64,56,72,0
2026-01-25,47,11,53,70,47,76,0
2026-01-25,47,12,73,105,54,124,1
2026-01-25,47,13,60,83,41,102,0
2026-01-25,47,14,91,98,76,113,0
2026-01-25,47,15,80,113,73,120,0
2026-01-25,47,16,51,51,45,57,0
2026-01-25,47,17,71,71,51,91,0
2026-01-25,47,18,51,64,37,78,1
2026-01-25,47,19,48,64,33,79,0
2026-01-25,47,20,62,72,50,84,1
2026-01-25,48,1,49,70,38,81,0
2026-01-25,48,2,40,51,35,56,1
2026-01-25,48,3,47,59,37,69,1
2026-01-25,48,4,54,74,42,86,1
2026-01-25,48,5,62,83,47,98,1
2026-01-25,48,6,56,74,40,90,0
2026-01-25,48,7,45,63,40,68,0
2026-01-25,48,8,54,54,36,72,1
2026-01-25,48,9,59,76,51,84,1
2026-01-25,48,10,42,42,34,50,1
2026-01-25,48,11,65,65,45,85,0
2026-01-25,48,12,59,73,43,89,0
2026-01-25,48,13,39,39,26,52,0
2026-01-25,48,14,50,50,45,55,1
2026-01-25,48,15,47,63,33,77,0
2026-01-25,48,16,54,54,43,65,0
2026-01-25,48,17,58,58,46,70,0
2026-01-25,48,18,47,57,36,68,1
2026-01-25,48,19,66,66,53,79,1
2026-01-25,48,20,55,70,39,86,1
2026-01-25,49,1,52,54,32,74,0
2026-01-25,49,2,33,33,19,47,0
2026-01-25,49,3,39,39,34,44,0
2026-01-25,49,4,48,61,37,72,0
2026-01-25,49,5,48,67,29,86,0
2026-01-25,49,6,53,53,35,71,1
2026-01-25,49,7,63,73,45,91,0
2026-01-25,49,8,63,63,49,77,0
2026-01-25,49,9,51,52,39,64,1
2026-01-25,49,10,31,34,24,41,0
2026-01-25,49,11,66,66,51,81,0
2026-01-25,49,12,56,69,38,87,0
2026-01-25,49,13,42,42,23,61,0
2026-01-25,49,14,49,49,36,62,0
2026-01-25,49,15,47,47,35,59,0
2026-01-25,49,16,38,38,29,47,0
2026-01-25,49,17,46,54,39,61,0
2026-01-25,49,18,46,46,32,60,0
2026-01-25,49,19,52,68,41,79,0
2026-01-25,49,20,38,39,25,52,0
2026-01-25,50,1,57,57,40,74,0
2026-01-25,50,2,68,77,52,93,0
2026-01-25,50,3,35,35,29,41,1
2026-01-25,50,4,68,96,53,111,2
2026-01-25,50,5,37,37,25,49,0
2026-01-25,50,6,46,55,41,60,0
2026-01-25,50,7,28,29,20,37,0
2026-01-25,50,8,46,46,37,55,0
2026-01-25,50,9,65,65,45,85,1
2026-01-25,50,10,38,41,31,48,0
2026-01-25,50,11,59,84,43,100,1
2026-01-25,50,12,47,47,34,60,0
2026-01-25,50,13,43,43,31,55,0
2026-01-25,50,14,60,86,52,94,1
2026-01-25,50,15,49,56,32,73,0
2026-01-25,50,16,54,62,43,73,0
2026-01-25,50,17,33,48,23,58,0
2026-01-25,50,18,44,52,38,58,1
2026-01-25,50,19,49,52,39,62,0
2026-01-25,50,20,54,54,39,69,0
2026-02-01,1,1,48,48,40,56,0
2026-02-01,1,2,63,63,49,77,0
2026-02-01,1,3,59,60,51,68,0
2026-02-01,1,4,51,51,45,57,0
2026-02-01,1,5,55,55,44,66,0
2026-02-01,1,6,45,63,40,68,1
2026-02-01,1,7,73,83,56,100,2
2026-02-01,1,8,64,92,50,106,2
2026-02-01,1,9,56,68,49,75,1
2026-02-01,1,10,61,61,45,77,0
2026-02-01,1,11,59,65,47,77,1
2026-02-01,1,12,57,75,42,90,0
2026-02-01,1,13,49,67,39,77,0
2026-02-01,1,14,79,79,62,96,0
2026-02-01,1,15,49,58,41,66,1
2026-02-01,1,16,72,94,52,114,0
2026-02-01,1,17,68,81,55,94,0
2026-02-01,1,18,64,93,48,109,1
2026-02-01,1,19,73,73,54,92,0
2026-02-01,1,20,53,60,39,74,1
2026-02-01,2,1,39,41,30,50,0
2026-02-01,2,2,46,46,26,66,0
2026-02-01,2,3,43,43,34,52,0
2026-02-01,2,4,54,54,47,61,0
2026-02-01,2,5,31,37,24,44,0
2026-02-01,2,6,42,42,35,49,0
2026-02-01,2,7,59,59,39,79,0
2026-02-01,2,8,53,58,44,67,0
2026-02-01,2,9,55,77,38,94,0
2026-02-01,2,10,37,37,29,45,0
2026-02-01,2,11,70,101,54,117,0
2026-02-01,2,12,56,68,44,80,0
2026-02-01,2,13,48,48,29,67,0
2026-02-01,2,14,49,66,38,77,0
2026-02-01,2,15,51,64,38,77,1
2026-02-01,2,16,35,44,20,59,0
2026-02-01,2,17,44,44,28,60,0
2026-02-01,2,18,42,43,31,54,0
2026-02-01,2,19,48,60,31,77,0
2026-02-01,2,20,26,26,21,31,0
2026-02-01,3,1,61,61,51,71,0
2026-02-01,3,2,64,75,45,94,0
2026-02-01,3,3,52,52,32,72,1
2026-02-01,3,4,48,49,40,57,0
2026-02-01,3,5,42,43,24,61,0
2026-02-01,3,6,26,31,17,40,0
2026-02-01,3,7,51,56,34,73,0
2026-02-01,3,8,54,54,43,65,0
2026-02-01,3,9,55,58,37,76,0
2026-02-01,3,10,55,81,47,89,1
2026-02-01,3,11,57,66,40,83,0
2026-02-01,3,12,67,76,49,94,0
2026-02-01,3,13,34,34,24,44,0
2026-02-01,3,14,52,73,44,81,0
2026-02-01,3,15,54,69,44,79,1
2026-02-01,3,16,67,69,48,88,0
2026-02-01,3,17,39,41,30,50,1
2026-02-01,3,18,43,43,38,48,0
2026-02-01,3,19,34,34,21,47,0
2026-02-01,3,20,45,51,28,68,0
2026-02-01,4,1,60,65,42,83,0
2026-02-01,4,2,82,116,64,134,0
2026-02-01,4,3,73,73,54,92,1
2026-02-01,4,4,92,120,87,125,1
2026-02-01,4,5,82,82,69,95,2
2026-02-01,4,6,51,76,40,87,1
2026-02-01,4,7,51,51,38,64,0
2026-02-01,4,8,45,45,39,51,0
2026-02-01,4,9,65,91,54,102,2
2026-02-01,4,10,74,82,57,99,0
2026-02-01,4,11,77,79,63,93,1
2026-02-01,4,12,60,60,47,73,0
2026-02-01,4,13,62,62,42,82,1
2026-02-01,4,14,78,81,60,99,0
2026-02-01,4,15,56,56,48,64,1
2026-02-01,4,16,36,36,26,46,0
2026-02-01,4,17,63,90,57,96,0
2026-02-01,4,18,60,80,44,96,1
2026-02-01,4,19,78,103,65,116,2
2026-02-01,4,20,58,58,38,78,0
2026-02-01,5,1,44,47,28,63,0
2026-02-01,5,2,36,36,29,43,0
2026-02-01,5,3,39,43,28,54,0
2026-02-01,5,4,36,36,27,45,0
2026-02-01,5,5,47,60,29,78,1
2026-02-01,5,6,36,36,26,46,0
2026-02-01,5,7,43,50,32,61,0
2026-02-01,5,8,44,44,32,56,0
2026-02-01,5,9,48,67,33,82,0
2026-02-01,5,10,34,50,21,63,0
2026-02-01,5,11,46,65,33,78,0
2026-02-01,5,12,40,50,26,64,0
2026-02-01,5,13,28,28,22,34,0
2026-02-01,5,14,34,38,27,45,0
2026-02-01,5,15,44,65,25,84,0
2026-02-01,5,16,46,46,31,61,0
2026-02-01,5,17,35,43,29,49,0
2026-02-01,5,18,47,47,31,63,0
2026-02-01,5,19,51,51,38,64,0
2026-02-01,5,20,28,28,22,34,0
2026-02-01,6,1,49,61,40,70,0
2026-02-01,6,2,41,44,33,52,0
2026-02-01,6,3,44,61,36,69,1
2026-02-01,6,4,61,66,49,78,0
2026-02-01,6,5,49,49,38,60,0
2026-02-01,6,6,50,50,42,58,1
2026-02-01,6,7,52,52,35,69,1
2026-02-01,6,8,22,22,17,27,0
2026-02-01,6,9,48,57,36,69,0
2026-02-01,6,10,46,46,35,57,0
2026-02-01,6,11,54,54,38,70,0
2026-02-01,6,12,53,53,36,70,1
2026-02-01,6,13,37,40,32,45,0
2026-02-01,6,14,69,69,57,81,0
2026-02-01,6,15,52,65,42,75,0
2026-02-01,6,16,47,47,40,54,1
2026-02-01,6,17,41,47,29,59,0
2026-02-01,6,18,54,69,38,85,0
2026-02-01,6,19,53,56,34,75,0
2026-02-01,6,20,40,47,30,57,0
2026-02-01,7,1,71,83,59,95,2
2026-02-01,7,2,54,63,46,71,0
2026-02-01,7,3,43,57,30,70,1
2026-02-01,7,4,63,63,46,80,1
2026-02-01,7,5,38,45,28,55,0
2026-02-01,7,6,68,68,48,88,0
2026-02-01,7,7,38,51,30,59,0
2026-02-01,7,8,57,79,43,93,1
2026-02-01,7,9,59,59,48,70,0
2026-02-01,7,10,50,62,37,75,0
2026-02-01,7,11,55,55,42,68,0
2026-02-01,7,12,42,42,34,50,0
2026-02-01,7,13,56,80,37,99,1
2026-02-01,7,14,67,67,57,77,0
2026-02-01,7,15,50,64,42,72,1
2026-02-01,7,16,59,87,40,106,0
2026-02-01,7,17,42,52,32,62,0
2026-02-01,7,18,53,62,37,78,1
2026-02-01,7,19,45,45,29,61,0
2026-02-01,7,20,48,48,34,62,1
2026-02-01,8,1,52,75,33,94,1
2026-02-01,8,2,49,51,32,68,0
2026-02-01,8,3,53,53,34,72,1
2026-02-01,8,4,48,48,37,59,0
2026-02-01,8,5,50,50,33,67,0
2026-02-01,8,6,35,35,29,41,0
2026-02-01,8,7,31,31,26,36,0
2026-02-01,8,8,52,52,32,72,0
2026-02-01,8,9,45,60,35,70,1
2026-02-01,8,10,41,41,22,60,1
2026-02-01,8,11,39,39,26,52,0
2026-02-01,8,12,41,41,33,49,0
2026-02-01,8,13,38,38,28,48,0
2026-02-01,8,14,41,41,33,49,0
2026-02-01,8,15,46,62,40,68,0
2026-02-01,8,16,56,56,37,75,1
2026-02-01,8,17,38,38,24,52,0
2026-02-01,8,18,31,31,26,36,0
2026-02-01,8,19,42,43,28,57,0
2026-02-01,8,20,34,34,21,47,0
2026-02-01,9,1,57,57,40,74,0
2026-02-01,9,2,71,94,53,112,1
2026-02-01,9,3,67,87,52,102,2
2026-02-01,9,4,48,52,32,68,0
2026-02-01,9,5,61,85,48,98,2
2026-02-01,9,6,58,61,43,76,0
2026-02-01,9,7,66,66,54,78,0
2026-02-01,9,8,68,77,59,86,0
2026-02-01,9,9,53,53,46,60,1
2026-02-01,9,10,72,72,53,91,0
2026-02-01,9,11,65,65,56,74,0
2026-02-01,9,12,70,102,63,109,1
2026-02-01,9,13,49,49,40,58,0
2026-02-01,9,14,57,64,52,69,1
2026-02-01,9,15,70,99,51,118,0
2026-02-01,9,16,61,70,48,83,1
2026-02-01,9,17,61,71,54,78,1
2026-02-01,9,18,84,124,65,143,3
2026-02-01,9,19,58,71,42,87,1
2026-02-01,9,20,41,47,29,59,1
2026-02-01,10,1,78,78,69,87,1
2026-02-01,10,2,69,97,53,113,1
2026-02-01,10,3,66,71,48,89,1
2026-02-01,10,4,92,122,72,142,2
2026-02-01,10,5,44,44,39,49,0
2026-02-01,10,6,66,66,48,84,1
2026-02-01,10,7,70,78,60,88,1
2026-02-01,10,8,65,65,51,79,1
2026-02-01,10,9,85,123,70,138,2
2026-02-01,10,10,83,83,70,96,1
2026-02-01,10,11,78,78,73,83,0
2026-02-01,10,12,80,119,66,133,3
2026-02-01,10,13,73,79,65,87,0
2026-02-01,10,14,73,97,60,110,2
2026-02-01,10,15,71,85,63,93,2
2026-02-01,10,16,78,78,59,97,1
2026-02-01,10,17,81,119,63,137,1
2026-02-01,10,18,56,64,43,77,1
2026-02-01,10,19,61,89,51,99,0
2026-02-01,10,20,94,103,76,121,2
2026-02-01,11,1,69,73,56,86,0
2026-02-01,11,2,52,59,39,72,0
2026-02-01,11,3,45,45,33,57,1
2026-02-01,11,4,55,55,50,60,0
2026-02-01,11,5,47,47,30,64,1
2026-02-01,11,6,58,76,41,93,0
2026-02-01,11,7,63,63,56,70,0
2026-02-01,11,8,56,56,49,63,1
2026-02-01,11,9,51,67,39,79,0
2026-02-01,11,10,57,73,38,92,0
2026-02-01,11,11,59,59,51,67,0
2026-02-01,11,12,47,60,34,73,0
2026-02-01,11,13,45,65,40,70,1
2026-02-01,11,14,62,83,49,96,0
2026-02-01,11,15,50,70,34,86,0
2026-02-01,11,16,41,41,36,46,1
2026-02-01,11,17,30,37,19,48,0
2026-02-01,11,18,53,77,45,85,0
2026-02-01,11,19,46,56,35,67,0
2026-02-01,11,20,50,50,43,57,0
2026-02-01,12,1,52,52,47,57,1
2026-02-01,12,2,54,61,46,69,0
2026-02-01,12,3,49,53,30,72,0
2026-02-01,12,4,55,55,45,65,0
2026-02-01,12,5,50,55,37,68,1
2026-02-01,12,6,44,59,38,65,0
2026-02-01,12,7,59,80,48,91,1
2026-02-01,12,8,65,67,48,84,1
2026-02-01,12,9,49,69,36,82,0
2026-02-01,12,10,49,69,39,79,0
2026-02-01,12,11,69,69,49,89,1
2026-02-01,12,12,62,62,44,80,0
2026-02-01,12,13,59,63,43,79,0
2026-02-01,12,14,67,67,49,85,1
2026-02-01,12,15,64,64,48,80,0
2026-02-01,12,16,56,63,42,77,1
2026-02-01,12,17,45,47,36,56,0
2026-02-01,12,18,45,54,33,66,0
2026-02-01,12,19,46,46,33,59,0
2026-02-01,12,20,50,50,45,55,1
2026-02-01,13,1,74,109,67,116,0
2026-02-01,13,2,81,81,69,93,0
2026-02-01,13,3,69,69,52,86,1
2026-02-01,13,4,77,79,63,93,0
2026-02-01,13,5,70,75,60,85,1
2026-02-01,13,6,72,72,59,85,1
2026-02-01,13,7,101,118,93,126,2
2026-02-01,13,8,70,93,59,104,0
2026-02-01,13,9,79,95,62,112,0
2026-02-01,13,10,80,80,61,99,1
2026-02-01,13,11,73,91,65,99,0
2026-02-01,13,12,60,60,55,65,1
2026-02-01,13,13,64,64,55,73,1
2026-02-01,13,14,109,109,95,123,0
2026-02-01,13,15,83,88,68,103,0
2026-02-01,13,16,83,96,64,115,1
2026-02-01,13,17,80,93,60,113,1
2026-02-01,13,18,72,97,62,107,2
2026-02-01,13,19,80,80,69,91,1
2026-02-01,13,20,79,110,65,124,1
2026-02-01,14,1,46,46,41,51,0
2026-02-01,14,2,44,57,39,62,0
2026-02-01,14,3,54,66,42,78,0
2026-02-01,14,4,43,57,37,63,1
2026-02-01,14,5,55,74,41,88,1
2026-02-01,14,6,48,48,33,63,1
2026-02-01,14,7,49,49,43,55,1
2026-02-01,14,8,48,51,37,62,0
2026-02-01,14,9,48,55,39,64,1
2026-02-01,14,10,43,56,33,66,0
2026-02-01,14,11,67,67,59,75,1
2026-02-01,14,12,60,60,42,78,1
2026-02-01,14,13,41,45,33,53,0
2026-02-01,14,14,44,56,34,66,0
2026-02-01,14,15,66,72,56,82,0
2026-02-01,14,16,51,70,34,87,1
2026-02-01,14,17,50,50,43,57,0
2026-02-01,14,18,52,66,44,74,0
2026-02-01,14,19,49,53,42,60,1
2026-02-01,14,20,45,45,37,53,0
2026-02-01,15,1,41,41,27,55,1
2026-02-01,15,2,55,66,50,71,0
2026-02-01,15,3,29,34,18,45,1
2026-02-01,15,4,53,53,36,70,0
2026-02-01,15,5,22,22,17,27,0
2026-02-01,15,6,42,42,32,52,0
2026-02-01,15,7,48,55,40,63,1
2026-02-01,15,8,29,29,23,35,0
2026-02-01,15,9,50,62,35,77,1
2026-02-01,15,10,41,49,33,57,0
2026-02-01,15,11,51,58,32,77,0
2026-02-01,15,12,53,53,33,73,0
2026-02-01,15,13,47,47,31,63,1
2026-02-01,15,14,43,43,35,51,1
2026-02-01,15,15,56,57,40,73,0
2026-02-01,15,16,42,42,26,58,0
2026-02-01,15,17,40,59,27,72,1
2026-02-01,15,18,46,59,37,68,0
2026-02-01,15,19,32,32,21,43,0
2026-02-01,15,20,55,78,42,91,1
2026-02-01,16,1,49,73,30,92,0
2026-02-01,16,2,56,76,41,91,1
2026-02-01,16,3,61,77,44,94,1
2026-02-01,16,4,50,74,45,79,1
2026-02-01,16,5,62,62,45,79,1
2026-02-01,16,6,50,50,34,66,0
2026-02-01,16,7,58,58,52,64,0
2026-02-01,16,8,51,65,36,80,1
2026-02-01,16,9,51,51,40,62,0
2026-02-01,16,10,47,47,38,56,0
2026-02-01,16,11,81,115,66,130,0
2026-02-01,16,12,56,56,37,75,0
2026-02-01,16,13,46,46,36,56,0
2026-02-01,16,14,49,54,39,64,0
2026-02-01,16,15,48,50,34,64,0
2026-02-01,16,16,51,51,45,57,1
2026-02-01,16,17,59,59,48,70,0
2026-02-01,16,18,55,68,37,86,1
2026-02-01,16,19,56,67,50,73,1
2026-02-01,16,20,40,58,35,63,0
2026-02-01,17,1,45,62,34,73,0
2026-02-01,17,2,42,42,32,52,0
2026-02-01,17,3,50,74,35,89,0
2026-02-01,17,4,58,82,38,102,1
2026-02-01,17,5,43,45,30,58,0
2026-02-01,17,6,44,44,34,54,0
2026-02-01,17,7,59,73,46,86,0
2026-02-01,17,8,47,62,33,76,0
2026-02-01,17,9,55,80,48,87,1
2026-02-01,17,10,59,59,39,79,0
2026-02-01,17,11,55,55,38,72,1
2026-02-01,17,12,39,39,32,46,0
2026-02-01,17,13,47,47,30,64,1
2026-02-01,17,14,52,62,35,79,0
2026-02-01,17,15,50,57,39,68,1
2026-02-01,17,16,61,86,41,106,1
2026-02-01,17,17,47,62,34,75,0
2026-02-01,17,18,47,50,38,59,0
2026-02-01,17,19,25,25,20,30,0
2026-02-01,17,20,44,53,25,72,0
2026-02-01,18,1,78,78,62,94,0
2026-02-01,18,2,58,85,51,92,1
2026-02-01,18,3,78,82,63,97,1
2026-02-01,18,4,92,92,74,110,2
2026-02-01,18,5,66,66,54,78,1
2026-02-01,18,6,71,79,61,89,0
2026-02-01,18,7,90,127,78,139,0
2026-02-01,18,8,77,82,59,100,1
2026-02-01,18,9,68,97,48,117,1
2026-02-01,18,10,73,73,62,84,1
2026-02-01,18,11,87,87,77,97,1
2026-02-01,18,12,55,62,49,68,1
2026-02-01,18,13,71,71,66,76,2
2026-02-01,18,14,65,87,58,94,2
2026-02-01,18,15,71,104,60,115,3
2026-02-01,18,16,51,57,34,74,0
2026-02-01,18,17,61,81,42,100,1
2026-02-01,18,18,70,99,57,112,2
2026-02-01,18,19,67,80,47,100,0
2026-02-01,18,20,70,90,57,103,0
2026-02-01,19,1,49,64,44,69,1
2026-02-01,19,2,47,49,30,66,0
2026-02-01,19,3,51,60,39,72,1
2026-02-01,19,4,41,49,27,63,0
2026-02-01,19,5,55,79,48,86,1
2026-02-01,19,6,58,58,44,72,1
2026-02-01,19,7,42,48,37,53,0
2026-02-01,19,8,35,35,29,41,0
2026-02-01,19,9,48,54,41,61,0
2026-02-01,19,10,50,65,31,84,1
2026-02-01,19,11,59,85,49,95,1
2026-02-01,19,12,56,57,39,74,0
2026-02-01,19,13,42,59,28,73,0
2026-02-01,19,14,52,56,42,66,0
2026-02-01,19,15,57,57,37,77,0
2026-02-01,19,16,54,54,42,66,1
2026-02-01,19,17,47,68,32,83,1
2026-02-01,19,18,64,92,45,111,0
2026-02-01,19,19,46,54,40,60,1
2026-02-01,19,20,49,54,42,61,0
2026-02-01,20,1,59,59,46,72,1
2026-02-01,20,2,75,75,56,94,0
2026-02-01,20,3,34,44,19,59,0
2026-02-01,20,4,60,86,43,103,1
2026-02-01,20,5,31,31,24,38,0
2026-02-01,20,6,70,90,59,101,0
2026-02-01,20,7,70,70,56,84,2
2026-02-01,20,8,66,66,47,85,0
2026-02-01,20,9,60,76,47,89,0
2026-02-01,20,10,33,33,27,39,0
2026-02-01,20,11,60,83,51,92,0
2026-02-01,20,12,50,63,41,72,0
2026-02-01,20,13,65,86,47,104,0
2026-02-01,20,14,94,124,74,144,3
2026-02-01,20,15,48,51,37,62,0
2026-02-01,20,16,69,94,49,114,1
2026-02-01,20,17,45,51,29,67,0
2026-02-01,20,18,65,65,46,84,0
2026-02-01,20,19,49,60,31,78,0
2026-02-01,20,20,46,55,27,74,0
2026-02-01,21,1,55,59,42,72,1
2026-02-01,21,2,45,67,35,77,0
2026-02-01,21,3,52,66,39,79,0
2026-02-01,21,4,53,53,48,58,1
2026-02-01,21,5,50,72,34,88,0
2026-02-01,21,6,43,43,34,52,1
2026-02-01,21,7,54,61,45,70,1
2026-02-01,21,8,45,59,38,66,0
2026-02-01,21,9,35,38,21,52,0
2026-02-01,21,10,34,34,26,42,0
2026-02-01,21,11,62,67,44,85,0
2026-02-01,21,12,50,65,35,80,0
2026-02-01,21,13,43,43,24,62,1
2026-02-01,21,14,64,64,50,78,1
2026-02-01,21,15,44,45,32,57,1
2026-02-01,21,16,45,58,31,72,1
2026-02-01,21,17,61,61,41,81,0
2026-02-01,21,18,43,44,34,53,0
2026-02-01,21,19,54,61,46,69,1
2026-02-01,21,20,47,62,32,77,0
2026-02-01,22,1,53,78,34,97,0
2026-02-01,22,2,60,80,40,100,1
2026-02-01,22,3,54,80,34,100,1
2026-02-01,22,4,51,51,40,62,0
2026-02-01,22,5,58,58,40,76,1
2026-02-01,22,6,57,83,38,102,1
2026-02-01,22,7,60,77,40,97,0
2026-02-01,22,8,52,52,41,63,1
2026-02-01,22,9,46,46,38,54,0
2026-02-01,22,10,57,57,47,67,0
2026-02-01,22,11,57,72,43,86,0
2026-02-01,22,12,67,67,50,84,1
2026-02-01,22,13,40,54,31,63,0
2026-02-01,22,14,52,65,45,72,0
2026-02-01,22,15,42,42,34,50,0
2026-02-01,22,16,41,46,34,53,0
2026-02-01,22,17,42,60,36,66,0
2026-02-01,22,18,50,50,32,68,1
2026-02-01,22,19,55,55,48,62,0
2026-02-01,22,20,40,59,33,66,1
2026-02-01,23,1,53,72,43,82,0
2026-02-01,23,2,68,73,51,90,1
2026-02-01,23,3,51,60,43,68,0
2026-02-01,23,4,44,58,36,66,0
2026-02-01,23,5,41,41,29,53,1
2026-02-01,23,6,48,69,34,83,2
2026-02-01,23,7,56,60,42,74,1
2026-02-01,23,8,62,89,45,106,0
2026-02-01,23,9,50,50,43,57,0
2026-02-01,23,10,51,72,33,90,0
2026-02-01,23,11,56,62,39,79,0
2026-02-01,23,12,56,79,39,96,1
2026-02-01,23,13,51,51,32,70,0
2026-02-01,23,14,55,56,45,66,1
2026-02-01,23,15,46,58,38,66,1
2026-02-01,23,16,49,71,35,85,0
2026-02-01,23,17,44,47,25,66,0
2026-02-01,23,18,41,58,33,66,0
2026-02-01,23,19,53,58,33,78,1
2026-02-01,23,20,44,50,34,60,0
2026-02-01,24,1,72,72,58,86,1
2026-02-01,24,2,53,54,40,67,0
2026-02-01,24,3,60,60,41,79,0
2026-02-01,24,4,60,89,50,99,1
2026-02-01,24,5,46,53,40,59,1
2026-02-01,24,6,72,72,67,77,1
2026-02-01,24,7,59,74,45,88,0
2026-02-01,24,8,71,71,51,91,1
2026-02-01,24,9,50,50,44,56,1
2026-02-01,24,10,61,75,46,90,1
2026-02-01,24,11,56,75,51,80,1
2026-02-01,24,12,59,69,46,82,1
2026-02-01,24,13,60,60,49,71,1
2026-02-01,24,14,57,59,39,77,1
2026-02-01,24,15,67,97,58,106,0
2026-02-01,24,16,69,101,49,121,2
2026-02-01,24,17,41,59,28,72,0
2026-02-01,24,18,56,56,49,63,0
2026-02-01,24,19,63,73,43,93,1
2026-02-01,24,20,52,52,46,58,0
2026-02-01,25,1,68,68,63,73,0
2026-02-01,25,2,71,71,62,80,0
2026-02-01,25,3,64,64,56,72,1
2026-02-01,25,4,82,82,65,99,1
2026-02-01,25,5,79,79,61,97,1
2026-02-01,25,6,78,78,64,92,0
2026-02-01,25,7,95,99,76,118,0
2026-02-01,25,8,55,55,46,64,1
2026-02-01,25,9,55,55,49,61,0
2026-02-01,25,10,79,115,68,126,2
2026-02-01,25,11,70,94,56,108,0
2026-02-01,25,12,73,73,62,84,0
2026-02-01,25,13,82,94,69,107,1
2026-02-01,25,14,95,95,88,102,2
2026-02-01,25,15,75,87,64,98,2
2026-02-01,25,16,75,75,65,85,2
2026-02-01,25,17,53,53,43,63,1
2026-02-01,25,18,68,68,57,79,1
2026-02-01,25,19,58,58,52,64,1
2026-02-01,25,20,71,73,58,86,2
2026-02-01,26,1,41,41,28,54,0
2026-02-01,26,2,53,53,33,73,1
2026-02-01,26,3,48,48,39,57,0
2026-02-01,26,4,42,54,37,59,1
2026-02-01,26,5,54,61,35,80,0
2026-02-01,26,6,55,75,43,87,0
2026-02-01,26,7,42,51,35,58,0
2026-02-01,26,8,48,48,39,57,1
2026-02-01,26,9,44,64,38,70,0
2026-02-01,26,10,60,60,40,80,1
2026-02-01,26,11,43,52,34,61,0
2026-02-01,26,12,54,73,47,80,1
2026-02-01,26,13,51,51,42,60,1
2026-02-01,26,14,53,53,43,63,0
2026-02-01,26,15,46,62,41,67,1
2026-02-01,26,16,53,53,37,69,0
2026-02-01,26,17,46,61,36,71,1
2026-02-01,26,18,57,68,38,87,1
2026-02-01,26,19,43,43,36,50,0
2026-02-01,26,20,49,61,32,78,0
2026-02-01,27,1,61,61,41,81,0
2026-02-01,27,2,67,68,51,84,1
2026-02-01,27,3,56,56,42,70,1
2026-02-01,27,4,58,58,49,67,1
2026-02-01,27,5,45,59,27,77,1
2026-02-01,27,6,63,65,45,83,0
2026-02-01,27,7,72,72,53,91,2
2026-02-01,27,8,53,53,46,60,0
2026-02-01,27,9,64,64,49,79,0
2026-02-01,27,10,54,74,40,88,0
2026-02-01,27,11,62,79,50,91,2
2026-02-01,27,12,49,66,42,73,0
2026-02-01,27,13,54,77,41,90,1
2026-02-01,27,14,58,66,38,86,0
2026-02-01,27,15,54,55,44,65,1
2026-02-01,27,16,57,81,46,92,1
2026-02-01,27,17,64,64,52,76,1
2026-02-01,27,18,36,36,27,45,0
2026-02-01,27,19,52,52,45,59,0
2026-02-01,27,20,54,62,40,76,0
2026-02-01,28,1,86,106,68,124,3
2026-02-01,28,2,61,61,48,74,0
2026-02-01,28,3,71,93,51,113,1
2026-02-01,28,4,74,105,55,124,1
2026-02-01,28,5,55,55,43,67,1
2026-02-01,28,6,50,52,43,59,1
2026-02-01,28,7,82,82,62,102,2
2026-02-01,28,8,69,69,52,86,1
2026-02-01,28,9,55,55,47,63,1
2026-02-01,28,10,58,72,46,84,1
2026-02-01,28,11,59,80,47,92,0
2026-02-01,28,12,64,84,47,101,1
2026-02-01,28,13,45,45,32,58,0
2026-02-01,28,14,59,59,54,64,1
2026-02-01,28,15,52,70,43,79,1
2026-02-01,28,16,59,62,51,70,1
2026-02-01,28,17,58,83,41,100,0
2026-02-01,28,18,63,90,53,100,1
2026-02-01,28,19,68,85,49,104,2
2026-02-01,28,20,51,54,36,69,0
2026-02-01,29,1,58,83,42,99,2
2026-02-01,29,2,58,58,45,71,1
2026-02-01,29,3,43,52,36,59,1
2026-02-01,29,4,45,45,39,51,0
2026-02-01,29,5,40,51,35,56,0
2026-02-01,29,6,46,46,32,60,0
2026-02-01,29,7,56,56,42,70,0
2026-02-01,29,8,46,55,37,64,1
2026-02-01,29,9,62,62,45,79,1
2026-02-01,29,10,49,65,42,72,0
2026-02-01,29,11,49,64,43,70,1
2026-02-01,29,12,52,62,37,77,1
2026-02-01,29,13,50,72,36,86,2
2026-02-01,29,14,55,60,44,71,0
2026-02-01,29,15,67,67,55,79,1
2026-02-01,29,16,56,68,39,85,0
2026-02-01,29,17,59,72,52,79,0
2026-02-01,29,18,47,47,37,57,1
2026-02-01,29,19,50,63,37,76,1
2026-02-01,29,20,62,86,45,103,1
2026-02-01,30,1,59,59,42,76,1
2026-02-01,30,2,66,66,49,83,0
2026-02-01,30,3,54,71,46,79,1
2026-02-01,30,4,64,65,48,81,1
2026-02-01,30,5,70,85,51,104,2
2026-02-01,30,6,72,99,53,118,0
2026-02-01,30,7,73,73,54,92,2
2026-02-01,30,8,51,67,46,72,0
2026-02-01,30,9,58,58,40,76,0
2026-02-01,30,10,54,55,39,70,0
2026-02-01,30,11,60,60,44,76,1
2026-02-01,30,12,75,82,61,96,1
2026-02-01,30,13,55,78,42,91,1
2026-02-01,30,14,53,71,47,77,1
2026-02-01,30,15,75,75,56,94,0
2026-02-01,30,16,71,71,57,85,2
2026-02-01,30,17,73,75,60,88,0
2026-02-01,30,18,55,80,47,88,1
2026-02-01,30,19,51,51,44,58,0
2026-02-01,30,20,37,37,32,42,0
2026-02-01,31,1,58,58,46,70,1
2026-02-01,31,2,55,71,43,83,1
2026-02-01,31,3,49,55,38,66,1
2026-02-01,31,4,50,50,43,57,0
2026-02-01,31,5,57,57,47,67,0
2026-02-01,31,6,63,63,52,74,1
2026-02-01,31,7,61,87,51,97,1
2026-02-01,31,8,75,75,55,95,1
2026-02-01,31,9,55,67,49,73,1
2026-02-01,31,10,48,48,29,67,0
2026-02-01,31,11,72,89,61,100,1
2026-02-01,31,12,49,68,41,76,1
2026-02-01,31,13,55,55,43,67,0
2026-02-01,31,14,58,59,39,78,1
2026-02-01,31,15,53,53,47,59,0
2026-02-01,31,16,60,60,45,75,0
2026-02-01,31,17,43,43,37,49,0
2026-02-01,31,18,55,67,43,79,0
2026-02-01,31,19,50,50,39,61,0
2026-02-01,31,20,69,102,59,112,1
2026-02-01,32,1,37,39,32,44,0
2026-02-01,32,2,58,68,42,84,0
2026-02-01,32,3,48,54,31,71,0
2026-02-01,32,4,33,33,28,38,0
2026-02-01,32,5,33,36,27,42,0
2026-02-01,32,6,59,82,39,102,0
2026-02-01,32,7,51,51,39,63,1
2026-02-01,32,8,34,34,27,41,0
2026-02-01,32,9,56,64,36,84,0
2026-02-01,32,10,43,61,29,75,0
2026-02-01,32,11,40,54,29,65,1
2026-02-01,32,12,37,37,30,44,0
2026-02-01,32,13,37,42,25,54,0
2026-02-01,32,14,54,64,41,77,1
2026-02-01,32,15,42,42,34,50,0
2026-02-01,32,16,58,77,46,89,1
2026-02-01,32,17,43,54,38,59,0
2026-02-01,32,18,42,45,33,54,0
2026-02-01,32,19,44,54,28,70,0
2026-02-01,32,20,37,37,30,44,0
2026-02-01,33,1,58,77,40,95,0
2026-02-01,33,2,53,76,37,92,0
2026-02-01,33,3,53,53,39,67,0
2026-02-01,33,4,42,54,36,60,0
2026-02-01,33,5,45,50,40,55,0
2026-02-01,33,6,55,81,44,92,2
2026-02-01,33,7,61,83,44,100,2
2026-02-01,33,8,54,62,35,81,0
2026-02-01,33,9,58,61,41,78,0
2026-02-01,33,10,51,51,44,58,0
2026-02-01,33,11,60,69,44,85,0
2026-02-01,33,12,62,87,43,106,1
2026-02-01,33,13,55,55,35,75,0
2026-02-01,33,14,54,59,35,78,0
2026-02-01,33,15,62,62,44,80,0
2026-02-01,33,16,67,72,48,91,1
2026-02-01,33,17,59,67,39,87,1
2026-02-01,33,18,50,58,43,65,1
2026-02-01,33,19,40,40,32,48,0
2026-02-01,33,20,46,58,39,65,0
2026-02-01,34,1,58,85,47,96,1
2026-02-01,34,2,77,81,58,100,0
2026-02-01,34,3,53,53,40,66,1
2026-02-01,34,4,65,70,52,83,1
2026-02-01,34,5,54,54,46,62,0
2026-02-01,34,6,61,61,41,81,0
2026-02-01,34,7,63,63,57,69,0
2026-02-01,34,8,62,77,46,93,1
2026-02-01,34,9,97,97,83,111,2
2026-02-01,34,10,65,90,51,104,1
2026-02-01,34,11,58,73,45,86,1
2026-02-01,34,12,69,69,54,84,0
2026-02-01,34,13,58,71,43,86,0
2026-02-01,34,14,68,101,52,117,1
2026-02-01,34,15,64,64,54,74,0
2026-02-01,34,16,61,80,47,94,0
2026-02-01,34,17,62,77,44,95,2
2026-02-01,34,18,48,48,39,57,1
2026-02-01,34,19,56,77,49,84,1
2026-02-01,34,20,62,62,45,79,0
2026-02-01,35,1,57,61,41,77,0
2026-02-01,35,2,32,32,19,45,0
2026-02-01,35,3,47,59,38,68,1
2026-02-01,35,4,43,43,29,57,0
2026-02-01,35,5,43,43,29,57,0
2026-02-01,35,6,33,45,27,51,0
2026-02-01,35,7,38,48,31,55,0
2026-02-01,35,8,50,50,35,65,1
2026-02-01,35,9,48,48,35,61,1
2026-02-01,35,10,45,49,27,67,1
2026-02-01,35,11,71,91,57,105,2
2026-02-01,35,12,53,53,45,61,0
2026-02-01,35,13,41,41,35,47,0
2026-02-01,35,14,60,60,41,79,0
2026-02-01,35,15,36,36,30,42,0
2026-02-01,35,16,46,47,39,54,0
2026-02-01,35,17,52,52,34,70,0
2026-02-01,35,18,53,79,44,88,2
2026-02-01,35,19,52,52,36,68,0
2026-02-01,35,20,45,58,38,65,0
2026-02-01,36,1,48,55,43,60,1
2026-02-01,36,2,38,52,33,57,0
2026-02-01,36,3,43,55,28,70,0
2026-02-01,36,4,48,48,38,58,0
2026-02-01,36,5,47,60,28,79,0
2026-02-01,36,6,50,50,35,65,0
2026-02-01,36,7,41,50,34,57,0
2026-02-01,36,8,55,75,41,89,0
2026-02-01,36,9,59,65,49,75,0
2026-02-01,36,10,43,63,36,70,0
2026-02-01,36,11,42,43,36,49,0
2026-02-01,36,12,52,52,36,68,0
2026-02-01,36,13,59,68,53,74,1
2026-02-01,36,14,64,85,44,105,2
2026-02-01,36,15,66,85,48,103,1
2026-02-01,36,16,55,55,39,71,0
2026-02-01,36,17,36,36,25,47,0
2026-02-01,36,18,61,88,42,107,1
2026-02-01,36,19,39,39,23,55,0
2026-02-01,36,20,43,43,30,56,0
2026-02-01,37,1,58,66,42,82,0
2026-02-01,37,2,69,69,56,82,1
2026-02-01,37,3,55,81,44,92,2
2026-02-01,37,4,54,76,46,84,1
2026-02-01,37,5,66,85,61,90,2
2026-02-01,37,6,63,63,54,72,0
2026-02-01,37,7,76,76,62,90,0
2026-02-01,37,8,61,61,51,71,0
2026-02-01,37,9,57,62,45,74,0
2026-02-01,37,10,55,55,44,66,1
2026-02-01,37,11,71,71,52,90,0
2026-02-01,37,12,71,71,54,88,0
2026-02-01,37,13,60,89,45,104,1
2026-02-01,37,14,74,79,61,92,0
2026-02-01,37,15,70,70,55,85,1
2026-02-01,37,16,65,65,55,75,0
2026-02-01,37,17,64,83,57,90,0
2026-02-01,37,18,69,84,60,93,2
2026-02-01,37,19,74,74,54,94,0
2026-02-01,37,20,48,48,42,54,0
2026-02-01,38,1,43,43,32,54,0
2026-02-01,38,2,38,38,29,47,0
2026-02-01,38,3,28,28,21,35,0
2026-02-01,38,4,37,37,28,46,0
2026-02-01,38,5,33,33,24,42,0
2026-02-01,38,6,48,48,38,58,0
2026-02-01,38,7,50,55,35,70,1
2026-02-01,38,8,50,71,33,88,0
2026-02-01,38,9,47,49,36,60,1
2026-02-01,38,10,59,73,46,86,1
2026-02-01,38,11,42,42,32,52,1
2026-02-01,38,12,58,71,42,87,0
2026-02-01,38,13,32,32,18,46,0
2026-02-01,38,14,42,49,36,55,0
2026-02-01,38,15,42,45,35,52,1
2026-02-01,38,16,55,55,39,71,0
2026-02-01,38,17,36,50,16,70,0
2026-02-01,38,18,53,53,41,65,1
2026-02-01,38,19,36,39,27,48,0
2026-02-01,38,20,38,54,30,62,1
2026-02-01,39,1,45,55,40,60,1
2026-02-01,39,2,48,67,40,75,1
2026-02-01,39,3,60,60,43,77,0
2026-02-01,39,4,65,69,46,88,1
2026-02-01,39,5,44,44,35,53,0
2026-02-01,39,6,54,55,38,71,0
2026-02-01,39,7,46,46,40,52,1
2026-02-01,39,8,49,49,38,60,0
2026-02-01,39,9,49,69,33,85,1
2026-02-01,39,10,47,48,38,57,0
2026-02-01,39,11,58,77,40,95,1
2026-02-01,39,12,62,85,54,93,0
2026-02-01,39,13,50,56,44,62,0
2026-02-01,39,14,50,50,43,57,0
2026-02-01,39,15,47,50,40,57,1
2026-02-01,39,16,37,37,28,46,0
2026-02-01,39,17,62,77,42,97,2
2026-02-01,39,18,51,51,33,69,0
2026-02-01,39,19,44,44,35,53,1
2026-02-01,39,20,39,50,33,56,0
2026-02-01,40,1,72,72,56,88,1
2026-02-01,40,2,61,79,50,90,1
2026-02-01,40,3,60,78,50,88,1
2026-02-01,40,4,83,91,76,98,2
2026-02-01,40,5,61,61,52,70,0
2026-02-01,40,6,55,55,50,60,1
2026-02-01,40,7,52,54,47,59,1
2026-02-01,40,8,58,80,40,98,1
2026-02-01,40,9,59,75,47,87,1
2026-02-01,40,10,49,55,44,60,1
2026-02-01,40,11,79,79,67,91,1
2026-02-01,40,12,62,62,54,70,1
2026-02-01,40,13,69,93,64,98,0
2026-02-01,40,14,54,66,47,73,1
2026-02-01,40,15,66,66,46,86,0
2026-02-01,40,16,69,82,57,94,1
2026-02-01,40,17,69,83,53,99,0
2026-02-01,40,18,59,70,43,86,0
2026-02-01,40,19,76,94,61,109,1
2026-02-01,40,20,49,69,40,78,1
2026-02-01,41,1,50,54,34,70,1
2026-02-01,41,2,45,51,39,57,0
2026-02-01,41,3,38,54,25,67,1
2026-02-01,41,4,49,49,41,57,0
2026-02-01,41,5,38,46,20,64,0
2026-02-01,41,6,54,54,41,67,0
2026-02-01,41,7,49,60,33,76,1
2026-02-01,41,8,42,42,34,50,1
2026-02-01,41,9,47,68,31,84,1
2026-02-01,41,10,37,52,27,62,0
2026-02-01,41,11,50,50,40,60,0
2026-02-01,41,12,54,54,34,74,0
2026-02-01,41,13,53,60,41,72,1
2026-02-01,41,14,58,84,43,99,1
2026-02-01,41,15,55,72,36,91,1
2026-02-01,41,16,45,58,33,70,0
2026-02-01,41,17,33,33,21,45,0
2026-02-01,41,18,58,84,46,96,1
2026-02-01,41,19,30,30,18,42,0
2026-02-01,41,20,51,58,36,73,0
2026-02-01,42,1,50,50,34,66,0
2026-02-01,42,2,56,56,36,76,0
2026-02-01,42,3,50,59,41,68,0
2026-02-01,42,4,46,50,34,62,1
2026-02-01,42,5,55,57,36,76,0
2026-02-01,42,6,57,66,38,85,0
2026-02-01,42,7,35,51,28,58,0
2026-02-01,42,8,53,63,35,81,0
2026-02-01,42,9,24,30,17,37,0
2026-02-01,42,10,45,45,32,58,0
2026-02-01,42,11,54,54,38,70,0
2026-02-01,42,12,41,41,30,52,0
2026-02-01,42,13,39,39,26,52,1
2026-02-01,42,14,54,57,37,74,1
2026-02-01,42,15,47,60,32,75,0
2026-02-01,42,16,57,60,48,69,1
2026-02-01,42,17,48,48,30,66,0
2026-02-01,42,18,49,54,34,69,0
2026-02-01,42,19,32,32,27,37,0
2026-02-01,42,20,49,52,34,67,0
2026-02-01,43,1,75,105,68,112,1
2026-02-01,43,2,43,44,37,50,0
2026-02-01,43,3,45,45,35,55,0
2026-02-01,43,4,61,67,47,81,1
2026-02-01,43,5,35,44,26,53,0
2026-02-01,43,6,76,76,64,88,0
2026-02-01,43,7,70,100,55,115,1
2026-02-01,43,8,61,68,56,73,0
2026-02-01,43,9,65,72,52,85,0
2026-02-01,43,10,62,67,43,86,1
2026-02-01,43,11,55,67,50,72,0
2026-02-01,43,12,78,100,59,119,1
2026-02-01,43,13,44,50,38,56,0
2026-02-01,43,14,56,62,51,67,0
2026-02-01,43,15,65,65,57,73,1
2026-02-01,43,16,63,86,45,104,0
2026-02-01,43,17,66,94,52,108,2
2026-02-01,43,18,63,63,48,78,0
2026-02-01,43,19,53,79,48,84,1
2026-02-01,43,20,54,54,49,59,0
2026-02-01,44,1,31,38,26,43,0
2026-02-01,44,2,66,88,46,108,2
2026-02-01,44,3,46,59,41,64,0
2026-02-01,44,4,55,55,46,64,1
2026-02-01,44,5,47,49,39,57,1
2026-02-01,44,6,52,70,47,75,1
2026-02-01,44,7,51,65,41,75,0
2026-02-01,44,8,57,63,50,70,1
2026-02-01,44,9,69,90,50,109,1
2026-02-01,44,10,51,51,34,68,0
2026-02-01,44,11,58,72,46,84,0
2026-02-01,44,12,70,70,50,90,0
2026-02-01,44,13,24,24,11,37,0
2026-02-01,44,14,58,78,38,98,1
2026-02-01,44,15,58,58,47,69,0
2026-02-01,44,16,38,47,32,53,0
2026-02-01,44,17,45,60,29,76,0
2026-02-01,44,18,55,64,43,76,0
2026-02-01,44,19,45,45,32,58,0
2026-02-01,44,20,51,52,41,62,0
2026-02-01,45,1,61,91,45,107,2
2026-02-01,45,2,101,150,84,167,3
2026-02-01,45,3,72,98,53,117,0
2026-02-01,45,4,61,63,51,73,0
2026-02-01,45,5,93,136,75,154,1
2026-02-01,45,6,55,58,42,71,1
2026-02-01,45,7,66,67,49,84,1
2026-02-01,45,8,62,67,44,85,1
2026-02-01,45,9,65,86,48,103,1
2026-02-01,45,10,51,51,43,59,0
2026-02-01,45,11,64,79,51,92,1
2026-02-01,45,12,61,71,49,83,0
2026-02-01,45,13,58,71,48,81,1
2026-02-01,45,14,91,101,72,120,0
2026-02-01,45,15,58,58,53,63,0
2026-02-01,45,16,63,90,49,104,0
2026-02-01,45,17,63,82,43,102,0
2026-02-01,45,18,83,90,65,108,2
2026-02-01,45,19,60,60,49,71,0
2026-02-01,45,20,63,67,44,86,0
2026-02-01,46,1,58,62,48,72,0
2026-02-01,46,2,87,87,76,98,0
2026-02-01,46,3,60,65,43,82,0
2026-02-01,46,4,56,83,48,91,1
2026-02-01,46,5,64,64,56,72,0
2026-02-01,46,6,62,91,43,110,2
2026-02-01,46,7,44,44,30,58,0
2026-02-01,46,8,69,69,50,88,1
2026-02-01,46,9,83,83,67,99,0
2026-02-01,46,10,53,56,43,66,1
2026-02-01,46,11,71,100,54,117,0
2026-02-01,46,12,63,80,57,86,1
2026-02-01,46,13,54,80,43,91,0
2026-02-01,46,14,54,54,49,59,0
2026-02-01,46,15,57,81,40,98,0
2026-02-01,46,16,67,88,47,108,1
2026-02-01,46,17,61,61,42,80,1
2026-02-01,46,18,60,60,41,79,1
2026-02-01,46,19,61,61,53,69,0
2026-02-01,46,20,58,74,49,83,1
2026-02-01,47,1,49,49,43,55,1
2026-02-01,47,2,63,63,44,82,0
2026-02-01,47,3,58,86,46,98,1
2026-02-01,47,4,74,74,64,84,1
2026-02-01,47,5,106,106,87,125,1
2026-02-01,47,6,62,62,57,67,0
2026-02-01,47,7,73,87,68,92,2
2026-02-01,47,8,84,84,73,95,1
2026-02-01,47,9,73,73,54,92,1
2026-02-01,47,10,77,77,58,96,1
2026-02-01,47,11,87,101,82,106,0
2026-02-01,47,12,58,73,53,78,1
2026-02-01,47,13,75,75,57,93,0
2026-02-01,47,14,63,76,51,88,1
2026-02-01,47,15,67,67,61,73,1
2026-02-01,47,16,77,88,59,106,1
2026-02-01,47,17,77,83,59,101,2
2026-02-01,47,18,103,130,83,150,0
2026-02-01,47,19,92,93,84,101,1
2026-02-01,47,20,59,59,43,75,0
2026-02-01,48,1,61,61,42,80,1
2026-02-01,48,2,46,46,41,51,1
2026-02-01,48,3,63,85,58,90,0
2026-02-01,48,4,61,63,53,71,1
2026-02-01,48,5,60,82,45,97,2
2026-02-01,48,6,62,92,43,111,0
2026-02-01,48,7,64,83,44,103,0
2026-02-01,48,8,52,74,41,85,0
2026-02-01,48,9,60,74,47,87,1
2026-02-01,48,10,62,86,53,95,1
2026-02-01,48,11,74,74,58,90,0
2026-02-01,48,12,57,64,51,70,1
2026-02-01,48,13,52,73,33,92,0
2026-02-01,48,14,45,65,36,74,1
2026-02-01,48,15,56,58,49,65,0
2026-02-01,48,16,50,70,40,80,1
2026-02-01,48,17,62,63,48,77,1
2026-02-01,48,18,63,85,44,104,2
2026-02-01,48,19,53,64,39,78,1
2026-02-01,48,20,47,47,36,58,0
2026-02-01,49,1,47,47,41,53,1
2026-02-01,49,2,44,46,35,55,0
2026-02-01,49,3,42,50,36,56,0
2026-02-01,49,4,55,80,41,94,1
2026-02-01,49,5,49,66,35,80,0
2026-02-01,49,6,42,46,27,61,0
2026-02-01,49,7,43,56,33,66,0
2026-02-01,49,8,54,70,35,89,1
2026-02-01,49,9,51,51,41,61,0
2026-02-01,49,10,38,38,27,49,0
2026-02-01,49,11,54,73,36,91,1
2026-02-01,49,12,53,70,43,80,0
2026-02-01,49,13,49,49,29,69,0
2026-02-01,49,14,50,59,39,70,0
2026-02-01,49,15,61,66,42,85,1
2026-02-01,49,16,58,58,41,75,1
2026-02-01,49,17,53,53,39,67,1
2026-02-01,49,18,51,70,39,82,0
2026-02-01,49,19,54,54,35,73,0
2026-02-01,49,20,40,48,28,60,0
2026-02-01,50,1,39,39,34,44,1
2026-02-01,50,2,53,63,48,68,0
2026-02-01,50,3,45,45,32,58,0
2026-02-01,50,4,46,65,27,84,1
2026-02-01,50,5,28,41,21,48,0
2026-02-01,50,6,48,48,41,55,0
2026-02-01,50,7,63,78,53,88,2
2026-02-01,50,8,54,54,44,64,0
2026-02-01,50,9,53,53,37,69,0
2026-02-01,50,10,56,56,41,71,0
2026-02-01,50,11,47,47,35,59,0
2026-02-01,50,12,55,55,45,65,0
2026-02-01,50,13,58,61,38,81,1
2026-02-01,50,14,60,60,48,72,0
2026-02-01,50,15,50,65,41,74,0
2026-02-01,50,16,61,75,44,92,1
2026-02-01,50,17,42,59,32,69,0
2026-02-01,50,18,62,62,50,74,1
2026-02-01,50,19,47,47,28,66,0
2026-02-01,50,20,62,62,50,74,1
2026-02-08,1,1,63,76,53,86,1
2026-02-08,1,2,72,87,63,96,1
2026-02-08,1,3,54,74,48,80,1
2026-02-08,1,4,41,47,36,52,0
2026-02-08,1,5,69,69,57,81,0
2026-02-08,1,6,53,53,33,73,0
2026-02-08,1,7,66,90,53,103,0
2026-02-08,1,8,52,67,44,75,0
2026-02-08,1,9,67,67,49,85,0
2026-02-08,1,10,61,61,47,75,0
2026-02-08,1,11,74,102,55,121,0
2026-02-08,1,12,76,108,58,126,2
2026-02-08,1,13,48,48,41,55,1
2026-02-08,1,14,70,70,54,86,0
2026-02-08,1,15,53,71,46,78,1
2026-02-08,1,16,60,72,45,87,0
2026-02-08,1,17,60,60,45,75,1
2026-02-08,1,18,52,71,38,85,1
2026-02-08,1,19,53,73,44,82,1
2026-02-08,1,20,57,57,42,72,1
2026-02-08,2,1,41,50,33,58,1
2026-02-08,2,2,53,58,41,70,1
2026-02-08,2,3,41,43,23,61,1
2026-02-08,2,4,42,42,35,49,0
2026-02-08,2,5,30,39,25,44,0
2026-02-08,2,6,50,54,32,72,1
2026-02-08,2,7,47,47,42,52,1
2026-02-08,2,8,42,60,30,72,1
2026-02-08,2,9,56,56,45,67,1
2026-02-08,2,10,40,56,30,66,0
2026-02-08,2,11,58,58,41,75,0
2026-02-08,2,12,45,52,33,64,0
2026-02-08,2,13,45,57,32,70,0
2026-02-08,2,14,45,48,35,58,0
2026-02-08,2,15,53,53,36,70,1
2026-02-08,2,16,51,72,32,91,0
2026-02-08,2,17,37,38,29,46,0
2026-02-08,2,18,53,64,43,74,0
2026-02-08,2,19,38,45,19,64,1
2026-02-08,2,20,43,43,33,53,1
2026-02-08,3,1,62,69,45,86,0
2026-02-08,3,2,56,56,40,72,0
2026-02-08,3,3,39,39,23,55,0
2026-02-08,3,4,65,66,47,84,0
2026-02-08,3,5,40,40,32,48,0
2026-02-08,3,6,56,79,51,84,0
2026-02-08,3,7,64,66,52,78,0
2026-02-08,3,8,62,62,43,81,1
2026-02-08,3,9,70,95,57,108,0
2026-02-08,3,10,33,46,27,52,0
2026-02-08,3,11,52,75,33,94,2
2026-02-08,3,12,48,48,35,61,0
2026-02-08,3,13,36,44,26,54,0
2026-02-08,3,14,47,47,38,56,1
2026-02-08,3,15,73,106,53,126,1
2026-02-08,3,16,52,52,44,60,1
2026-02-08,3,17,43,43,28,58,0
2026-02-08,3,18,59,59,45,73,0
2026-02-08,3,19,35,35,28,42,0
2026-02-08,3,20,50,50,34,66,1
2026-02-08,4,1,58,86,44,100,2
2026-02-08,4,2,67,67,55,79,1
2026-02-08,4,3,106,154,97,163,2
2026-02-08,4,4,58,67,53,72,0
2026-02-08,4,5,50,57,45,62,0
2026-02-08,4,6,61,61,44,78,1
2026-02-08,4,7,72,95,63,104,0
2026-02-08,4,8,55,55,46,64,1
2026-02-08,4,9,75,75,58,92,0
2026-02-08,4,10,58,58,39,77,1
2026-02-08,4,11,67,67,49,85,0
2026-02-08,4,12,69,69,55,83,0
2026-02-08,4,13,60,60,42,78,1
2026-02-08,4,14,75,75,65,85,0
2026-02-08,4,15,57,57,50,64,0
2026-02-08,4,16,73,73,59,87,0
2026-02-08,4,17,61,61,47,75,0
2026-02-08,4,18,77,108,64,121,1
2026-02-08,4,19,53,54,37,70,0
2026-02-08,4,20,95,95,78,112,2
2026-02-08,5,1,45,45,28,62,1
2026-02-08,5,2,62,62,49,75,1
2026-02-08,5,3,48,54,30,72,1
2026-02-08,5,4,36,44,23,57,0
2026-02-08,5,5,52,63,37,78,1
2026-02-08,5,6,35,37,25,47,0
2026-02-08,5,7,34,35,28,41,0
2026-02-08,5,8,43,43,29,57,0
2026-02-08,5,9,37,37,31,43,0
2026-02-08,5,10,39,39,28,50,0
2026-02-08,5,11,35,35,30,40,0
2026-02-08,5,12,49,49,35,63,0
2026-02-08,5,13,23,23,17,29,0
2026-02-08,5,14,48,55,41,62,0
2026-02-08,5,15,49,62,31,80,1
2026-02-08,5,16,47,47,31,63,1
2026-02-08,5,17,42,47,34,55,1
2026-02-08,5,18,44,44,25,63,1
2026-02-08,5,19,42,43,30,55,0
2026-02-08,5,20,37,54,28,63,0
2026-02-08,6,1,59,59,41,77,0
2026-02-08,6,2,36,46,28,54,1
2026-02-08,6,3,47,52,31,68,1
2026-02-08,6,4,59,59,46,72,1
2026-02-08,6,5,44,65,35,74,0
2026-02-08,6,6,36,45,27,54,0
2026-02-08,6,7,44,46,35,55,0
2026-02-08,6,8,59,59,42,76,1
2026-02-08,6,9,53,53,43,63,0
2026-02-08,6,10,46,67,39,74,0
2026-02-08,6,11,44,44,39,49,1
2026-02-08,6,12,43,43,38,48,0
2026-02-08,6,13,61,61,41,81,1
2026-02-08,6,14,51,51,44,58,0
2026-02-08,6,15,59,71,44,86,0
2026-02-08,6,16,50,55,40,65,1
2026-02-08,6,17,54,61,44,71,0
2026-02-08,6,18,81,106,65,122,0
2026-02-08,6,19,54,70,34,90,1
2026-02-08,6,20,43,60,32,71,1
2026-02-08,7,1,52,52,45,59,0
2026-02-08,7,2,89,90,70,109,1
2026-02-08,7,3,37,37,30,44,0
2026-02-08,7,4,60,60,40,80,0
2026-02-08,7,5,35,35,28,42,0
2026-02-08,7,6,61,61,45,77,0
2026-02-08,7,7,39,42,31,50,0
2026-02-08,7,8,28,28,20,36,0
2026-02-08,7,9,61,61,48,74,0
2026-02-08,7,10,47,70,35,82,0
2026-02-08,7,11,47,58,39,66,1
2026-02-08,7,12,62,66,49,79,1
2026-02-08,7,13,59,69,42,86,0
2026-02-08,7,14,54,61,43,72,0
2026-02-08,7,15,47,50,38,59,0
2026-02-08,7,16,64,64,45,83,0
2026-02-08,7,17,45,51,26,70,0
2026-02-08,7,18,56,56,47,65,1
2026-02-08,7,19,39,39,22,56,1
2026-02-08,7,20,46,48,41,53,1
2026-02-08,8,1,34,34,29,39,0
2026-02-08,8,2,52,65,38,79,1
2026-02-08,8,3,35,52,28,59,0
2026-02-08,8,4,48,70,40,78,0
2026-02-08,8,5,49,64,31,82,1
2026-02-08,8,6,35,35,30,40,0
2026-02-08,8,7,34,43,27,50,0
2026-02-08,8,8,49,53,33,69,0
2026-02-08,8,9,44,50,35,59,0
2026-02-08,8,10,36,36,26,46,0
2026-02-08,8,11,38,38,31,45,0
2026-02-08,8,12,44,58,37,65,0
2026-02-08,8,13,55,78,40,93,1
2026-02-08,8,14,50,50,34,66,0
2026-02-08,8,15,61,88,45,104,1
2026-02-08,8,16,56,60,45,71,1
2026-02-08,8,17,45,66,25,86,1
2026-02-08,8,18,53,59,33,79,0
2026-02-08,8,19,36,36,31,41,0
2026-02-08,8,20,41,41,22,60,0
2026-02-08,9,1,69,83,53,99,1
2026-02-08,9,2,80,90,61,109,0
2026-02-08,9,3,70,70,53,87,0
2026-02-08,9,4,64,73,56,81,0
2026-02-08,9,5,49,51,42,58,0
2026-02-08,9,6,54,54,48,60,0
2026-02-08,9,7,63,84,49,98,0
2026-02-08,9,8,62,63,50,75,0
2026-02-08,9,9,60,85,43,102,0
2026-02-08,9,10,68,97,59,106,2
2026-02-08,9,11,85,100,68,117,0
2026-02-08,9,12,75,75,63,87,1
2026-02-08,9,13,53,73,45,81,1
2026-02-08,9,14,68,68,50,86,0
2026-02-08,9,15,70,70,51,89,1
2026-02-08,9,16,57,57,52,62,1
2026-02-08,9,17,57,57,43,71,0
2026-02-08,9,18,58,80,43,95,2
2026-02-08,9,19,50,50,41,59,0
2026-02-08,9,20,86,116,69,133,0
2026-02-08,10,1,55,55,44,66,0
2026-02-08,10,2,65,66,57,74,1
2026-02-08,10,3,66,66,52,80,0
2026-02-08,10,4,60,60,51,69,0
2026-02-08,10,5,94,94,75,113,1
2026-02-08,10,6,63,63,48,78,0
2026-02-08,10,7,75,79,70,84,0
2026-02-08,10,8,77,92,61,108,1
2026-02-08,10,9,70,97,62,105,2
2026-02-08,10,10,63,63,53,73,1
2026-02-08,10,11,62,62,47,77,0
2026-02-08,10,12,69,69,63,75,1
2026-02-08,10,13,78,78,58,98,0
2026-02-08,10,14,76,76,65,87,0
2026-02-08,10,15,81,101,65,117,2
2026-02-08,10,16,96,96,78,114,0
2026-02-08,10,17,83,83,70,96,2
2026-02-08,10,18,53,53,46,60,0
2026-02-08,10,19,50,50,43,57,0
2026-02-08,10,20,64,68,44,88,0
2026-02-08,11,1,60,81,41,100,0
2026-02-08,11,2,59,59,46,72,0
2026-02-08,11,3,46,65,26,85,1
2026-02-08,11,4,52,74,43,83,0
2026-02-08,11,5,36,36,25,47,0
2026-02-08,11,6,45,45,38,52,0
2026-02-08,11,7,57,57,44,70,0
2026-02-08,11,8,42,43,32,53,0
2026-02-08,11,9,52,52,40,64,1
2026-02-08,11,10,75,93,68,100,0
2026-02-08,11,11,44,58,31,71,0
2026-02-08,11,12,61,61,51,71,0
2026-02-08,11,13,54,54,34,74,0
2026-02-08,11,14,61,61,54,68,0
2026-02-08,11,15,36,36,25,47,0
2026-02-08,11,16,50,61,37,74,1
2026-02-08,11,17,46,46,32,60,1
2026-02-08,11,18,60,60,40,80,0
2026-02-08,11,19,42,43,35,50,0
2026-02-08,11,20,51,55,32,74,1
2026-02-08,12,1,61,61,44,78,0
2026-02-08,12,2,64,85,50,99,0
2026-02-08,12,3,42,42,25,59,0
2026-02-08,12,4,63,89,43,109,2
2026-02-08,12,5,48,68,37,79,0
2026-02-08,12,6,69,71,54,86,1
2026-02-08,12,7,56,58,46,68,0
2026-02-08,12,8,68,68,48,88,0
2026-02-08,12,9,52,52,42,62,0
2026-02-08,12,10,47,47,28,66,0
2026-02-08,12,11,71,103,54,120,1
2026-02-08,12,12,57,59,45,71,1
2026-02-08,12,13,50,50,45,55,0
2026-02-08,12,14,65,80,52,93,0
2026-02-08,12,15,72,76,66,82,0
2026-02-08,12,16,68,71,53,86,1
2026-02-08,12,17,47,67,32,82,1
2026-02-08,12,18,63,63,52,74,0
2026-02-08,12,19,42,49,29,62,0
2026-02-08,12,20,65,77,45,97,1
2026-02-08,13,1,68,68,61,75,1
2026-02-08,13,2,94,111,74,131,1
2026-02-08,13,3,70,70,55,85,0
2026-02-08,13,4,74,97,64,107,1
2026-02-08,13,5,56,68,49,75,1
2026-02-08,13,6,53,60,41,72,1
2026-02-08,13,7,61,61,55,67,1
2026-02-08,13,8,71,76,60,87,1
2026-02-08,13,9,77,99,59,117,2
2026-02-08,13,10,86,99,76,109,1
2026-02-08,13,11,66,67,56,77,1
2026-02-08,13,12,84,86,64,106,2
2026-02-08,13,13,54,55,41,68,0
2026-02-08,13,14,81,90,63,108,0
2026-02-08,13,15,108,124,91,141,2
2026-02-08,13,16,79,112,59,132,2
2026-02-08,13,17,66,66,53,79,0
2026-02-08,13,18,108,115,96,127,2
2026-02-08,13,19,73,73,66,80,0
2026-02-08,13,20,67,67,47,87,0
2026-02-08,14,1,59,63,44,78,1
2026-02-08,14,2,60,83,43,100,0
2026-02-08,14,3,54,54,37,71,1
2026-02-08,14,4,62,70,42,90,1
2026-02-08,14,5,61,64,41,84,1
2026-02-08,14,6,54,68,36,86,0
2026-02-08,14,7,48,59,36,71,0
2026-02-08,14,8,53,76,42,87,1
2026-02-08,14,9,58,58,44,72,0
2026-02-08,14,10,66,83,48,101,0
2026-02-08,14,11,41,41,35,47,0
2026-02-08,14,12,48,48,38,58,0
2026-02-08,14,13,44,54,37,61,0
2026-02-08,14,14,59,59,47,71,1
2026-02-08,14,15,69,69,49,89,1
2026-02-08,14,16,54,61,47,68,0
2026-02-08,14,17,55,77,36,96,2
2026-02-08,14,18,63,94,45,112,1
2026-02-08,14,19,40,51,26,65,0
2026-02-08,14,20,44,44,36,52,1
2026-02-08,15,1,45,45,33,57,0
2026-02-08,15,2,54,67,39,82,0
2026-02-08,15,3,34,34,21,47,0
2026-02-08,15,4,43,60,35,68,0
2026-02-08,15,5,17,17,0,34,0
2026-02-08,15,6,35,42,21,56,0
2026-02-08,15,7,64,83,49,98,2
2026-02-08,15,8,47,55,42,60,0
2026-02-08,15,9,52,52,40,64,0
2026-02-08,15,10,45,45,35,55,1
2026-02-08,15,11,44,60,31,73,1
2026-02-08,15,12,49,51,39,61,1
2026-02-08,15,13,46,62,30,78,0
2026-02-08,15,14,61,63,42,82,0
2026-02-08,15,15,43,49,33,59,0
2026-02-08,15,16,44,51,31,64,0
2026-02-08,15,17,40,58,27,71,1
2026-02-08,15,18,41,41,24,58,0
2026-02-08,15,19,35,36,18,53,0
2026-02-08,15,20,58,79,40,97,0
2026-02-08,16,1,57,82,46,93,2
2026-02-08,16,2,40,43,34,49,1
2026-02-08,16,3,73,73,60,86,0
2026-02-08,16,4,68,73,48,93,2
2026-02-08,16,5,67,67,53,81,0
2026-02-08,16,6,64,73,46,91,0
2026-02-08,16,7,62,74,47,89,0
2026-02-08,16,8,46,46,39,53,0
2026-02-08,16,9,71,71,55,87,0
2026-02-08,16,10,47,52,34,65,0
2026-02-08,16,11,62,78,45,95,1
2026-02-08,16,12,71,87,55,103,0
2026-02-08,16,13,40,40,31,49,0
2026-02-08,16,14,47,47,36,58,0
2026-02-08,16,15,44,56,38,62,0
2026-02-08,16,16,63,68,47,84,1
2026-02-08,16,17,60,65,46,79,0
2026-02-08,16,18,49,49,40,58,0
2026-02-08,16,19,38,39,30,47,1
2026-02-08,16,20,46,67,38,75,1
2026-02-08,17,1,50,74,34,90,0
2026-02-08,17,2,40,40,31,49,0
2026-02-08,17,3,38,43,33,48,0
2026-02-08,17,4,44,51,33,62,1
2026-02-08,17,5,42,57,33,66,1
2026-02-08,17,6,44,44,37,51,0
2026-02-08,17,7,59,59,45,73,1
2026-02-08,17,8,49,49,32,66,0
2026-02-08,17,9,57,81,40,98,2
2026-02-08,17,10,47,55,41,61,1
2026-02-08,17,11,60,87,44,103,0
2026-02-08,17,12,57,73,41,89,0
2026-02-08,17,13,37,37,22,52,1
2026-02-08,17,14,22,30,9,43,0
2026-02-08,17,15,48,68,37,79,0
2026-02-08,17,16,52,75,42,85,0
2026-02-08,17,17,45,45,40,50,0
2026-02-08,17,18,52,67,42,77,0
2026-02-08,17,19,48,48,37,59,1
2026-02-08,17,20,42,51,22,71,0
2026-02-08,18,1,97,144,87,154,0
2026-02-08,18,2,70,70,59,81,1
2026-02-08,18,3,72,77,52,97,0
2026-02-08,18,4,67,67,58,76,1
2026-02-08,18,5,82,82,71,93,0
2026-02-08,18,6,74,90,62,102,0
2026-02-08,18,7,88,88,79,97,0
2026-02-08,18,8,65,65,52,78,1
2026-02-08,18,9,87,87,67,107,0
2026-02-08,18,10,71,71,62,80,1
2026-02-08,18,11,88,117,70,135,0
2026-02-08,18,12,70,90,55,105,1
2026-02-08,18,13,55,55,50,60,1
2026-02-08,18,14,63,91,49,105,0
2026-02-08,18,15,72,101,57,116,1
2026-02-08,18,16,63,72,57,78,0
2026-02-08,18,17,62,92,50,104,1
2026-02-08,18,18,79,79,65,93,1
2026-02-08,18,19,61,83,56,88,0
2026-02-08,18,20,69,92,49,112,1
2026-02-08,19,1,53,53,38,68,1
2026-02-08,19,2,58,86,41,103,2
2026-02-08,19,3,57,57,42,72,0
2026-02-08,19,4,58,58,48,68,0
2026-02-08,19,5,54,69,40,83,0
2026-02-08,19,6,42,42,34,50,0
2026-02-08,19,7,61,61,44,78,0
2026-02-08,19,8,52,52,39,65,0
2026-02-08,19,9,61,65,43,83,0
2026-02-08,19,10,52,64,36,80,1
2026-02-08,19,11,59,87,42,104,0
2026-02-08,19,12,46,67,34,79,0
2026-02-08,19,13,56,78,45,89,1
2026-02-08,19,14,48,51,39,60,0
2026-02-08,19,15,54,58,49,63,1
2026-02-08,19,16,54,54,39,69,0
2026-02-08,19,17,41,41,33,49,0
2026-02-08,19,18,53,53,47,59,1
2026-02-08,19,19,48,51,36,63,1
2026-02-08,19,20,49,60,30,79,0
2026-02-08,20,1,59,64,43,80,0
2026-02-08,20,2,51,60,45,66,0
2026-02-08,20,3,55,59,37,77,0
2026-02-08,20,4,55,67,47,75,0
2026-02-08,20,5,29,29,21,37,0
2026-02-08,20,6,56,73,43,86,0
2026-02-08,20,7,67,67,51,83,1
2026-02-08,20,8,59,59,45,73,0
2026-02-08,20,9,68,100,49,119,2
2026-02-08,20,10,52,52,35,69,0
2026-02-08,20,11,61,83,56,88,0
2026-02-08,20,12,60,60,48,72,0
2026-02-08,20,13,56,71,41,86,0
2026-02-08,20,14,60,68,52,76,0
2026-02-08,20,15,57,59,44,72,1
2026-02-08,20,16,59,83,44,98,1
2026-02-08,20,17,58,78,38,98,1
2026-02-08,20,18,57,57,43,71,0
2026-02-08,20,19,39,39,33,45,0
2026-02-08,20,20,55,55,43,67,0
2026-02-08,21,1,62,62,43,81,0
2026-02-08,21,2,42,51,32,61,0
2026-02-08,21,3,41,48,30,59,1
2026-02-08,21,4,46,46,34,58,0
2026-02-08,21,5,43,59,36,66,1
2026-02-08,21,6,63,92,44,111,1
2026-02-08,21,7,42,49,33,58,0
2026-02-08,21,8,45,45,32,58,1
2026-02-08,21,9,50,72,39,83,1
2026-02-08,21,10,51,51,34,68,0
2026-02-08,21,11,40,43,34,49,0
2026-02-08,21,12,50,50,31,69,0
2026-02-08,21,13,43,57,34,66,0
2026-02-08,21,14,52,61,37,76,1
2026-02-08,21,15,45,59,37,67,1
2026-02-08,21,16,49,49,31,67,1
2026-02-08,21,17,54,54,36,72,0
2026-02-08,21,18,57,57,40,74,1
2026-02-08,21,19,53,53,34,72,0
2026-02-08,21,20,50,50,34,66,0
2026-02-08,22,1,42,54,31,65,0
2026-02-08,22,2,50,50,31,69,0
2026-02-08,22,3,68,68,49,87,0
2026-02-08,22,4,46,57,39,64,0
2026-02-08,22,5,45,45,38,52,0
2026-02-08,22,6,53,53,38,68,0
2026-02-08,22,7,66,87,46,107,1
2026-02-08,22,8,59,59,44,74,0
2026-02-08,22,9,51,63,34,80,0
2026-02-08,22,10,55,55,35,75,1
2026-02-08,22,11,64,64,53,75,1
2026-02-08,22,12,45,50,35,60,0
2026-02-08,22,13,44,63,29,78,0
2026-02-08,22,14,51,51,37,65,0
2026-02-08,22,15,64,71,45,90,0
2026-02-08,22,16,47,60,41,66,0
2026-02-08,22,17,50,51,39,62,0
2026-02-08,22,18,56,56,45,67,0
2026-02-08,22,19,74,78,66,86,0
2026-02-08,22,20,59,59,54,64,0
2026-02-08,23,1,46,61,29,78,1
2026-02-08,23,2,62,72,43,91,2
2026-02-08,23,3,47,49,41,55,0
2026-02-08,23,4,45,59,40,64,1
2026-02-08,23,5,33,41,25,49,0
2026-02-08,23,6,40,40,31,49,1
2026-02-08,23,7,72,73,55,90,1
2026-02-08,23,8,48,48,42,54,0
2026-02-08,23,9,45,45,28,62,0
2026-02-08,23,10,42,42,27,57,1
2026-02-08,23,11,47,54,35,66,0
2026-02-08,23,12,56,56,37,75,0
2026-02-08,23,13,56,56,41,71,1
2026-02-08,23,14,55,66,39,82,1
2026-02-08,23,15,51,70,39,82,1
2026-02-08,23,16,46,46,38,54,1
2026-02-08,23,17,54,54,36,72,0
2026-02-08,23,18,59,77,40,96,2
2026-02-08,23,19,55,55,38,72,0
2026-02-08,23,20,61,61,47,75,1
2026-02-08,24,1,38,45,31,52,0
2026-02-08,24,2,71,71,62,80,1
2026-02-08,24,3,56,56,39,73,0
2026-02-08,24,4,76,76,57,95,0
2026-02-08,24,5,68,68,48,88,1
2026-02-08,24,6,62,65,53,74,1
2026-02-08,24,7,60,64,42,82,1
2026-02-08,24,8,55,60,36,79,0
2026-02-08,24,9,71,100,54,117,2
2026-02-08,24,10,50,53,34,69,0
2026-02-08,24,11,83,118,68,133,3
2026-02-08,24,12,92,92,80,104,2
2026-02-08,24,13,57,57,41,73,0
2026-02-08,24,14,73,73,53,93,0
2026-02-08,24,15,74,74,56,92,1
2026-02-08,24,16,92,112,80,124,3
2026-02-08,24,17,45,45,39,51,0
2026-02-08,24,18,58,58,47,69,1
2026-02-08,24,19,66,73,53,86,1
2026-02-08,24,20,52,52,41,63,0
2026-02-08,25,1,73,73,60,86,1
2026-02-08,25,2,65,85,59,91,0
2026-02-08,25,3,64,84,58,90,2
2026-02-08,25,4,84,92,67,109,0
2026-02-08,25,5,70,70,64,76,0
2026-02-08,25,6,71,99,51,119,1
2026-02-08,25,7,106,106,93,119,0
2026-02-08,25,8,81,108,67,122,2
2026-02-08,25,9,64,64,55,73,1
2026-02-08,25,10,63,78,52,89,0
2026-02-08,25,11,67,95,49,113,0
2026-02-08,25,12,85,92,72,105,1
2026-02-08,25,13,82,101,62,121,2
2026-02-08,25,14,83,102,70,115,1
2026-02-08,25,15,56,59,44,71,0
2026-02-08,25,16,73,95,65,103,0
2026-02-08,25,17,76,103,60,119,0
2026-02-08,25,18,91,91,74,108,1
2026-02-08,25,19,60,68,45,83,1
2026-02-08,25,20,67,67,49,85,0
2026-02-08,26,1,56,56,41,71,0
2026-02-08,26,2,46,46,40,52,0
2026-02-08,26,3,60,60,40,80,0
2026-02-08,26,4,50,50,37,63,0
2026-02-08,26,5,51,72,37,86,0
2026-02-08,26,6,57,61,51,67,0
2026-02-08,26,7,53,61,43,71,0
2026-02-08,26,8,60,60,40,80,0
2026-02-08,26,9,46,46,39,53,1
2026-02-08,26,10,53,76,35,94,0
2026-02-08,26,11,71,92,52,111,0
2026-02-08,26,12,46,49,38,57,0
2026-02-08,26,13,38,39,26,51,0
2026-02-08,26,14,73,88,57,104,0
2026-02-08,26,15,48,65,38,75,0
2026-02-08,26,16,49,49,40,58,1
2026-02-08,26,17,52,68,39,81,1
2026-02-08,26,18,48,48,39,57,0
2026-02-08,26,19,45,62,34,73,0
2026-02-08,26,20,48,48,34,62,1
2026-02-08,27,1,65,65,51,79,1
2026-02-08,27,2,69,98,52,115,1
2026-02-08,27,3,59,59,46,72,1
2026-02-08,27,4,58,58,52,64,0
2026-02-08,27,5,57,57,46,68,1
2026-02-08,27,6,72,72,58,86,2
2026-02-08,27,7,39,40,21,58,1
2026-02-08,27,8,62,62,43,81,0
2026-02-08,27,9,65,65,53,77,1
2026-02-08,27,10,44,44,39,49,1
2026-02-08,27,11,79,79,60,98,1
2026-02-08,27,12,69,69,54,84,0
2026-02-08,27,13,44,53,35,62,1
2026-02-08,27,14,68,94,52,110,1
2026-02-08,27,15,35,35,25,45,1
2026-02-08,27,16,71,71,53,89,1
2026-02-08,27,17,56,70,38,88,1
2026-02-08,27,18,53,53,47,59,0
2026-02-08,27,19,55,55,49,61,1
2026-02-08,27,20,51,58,44,65,1
2026-02-08,28,1,56,56,37,75,0
2026-02-08,28,2,68,68,52,84,0
2026-02-08,28,3,72,72,53,91,1
2026-02-08,28,4,83,83,75,91,2
2026-02-08,28,5,53,66,34,85,0
2026-02-08,28,6,63,88,55,96,0
2026-02-08,28,7,60,62,47,75,1
2026-02-08,28,8,57,57,52,62,0
2026-02-08,28,9,72,72,57,87,0
2026-02-08,28,10,56,56,36,76,1
2026-02-08,28,11,66,91,56,101,2
2026-02-08,28,12,67,79,48,98,1
2026-02-08,28,13,59,59,41,77,1
2026-02-08,28,14,66,66,58,74,1
2026-02-08,28,15,66,66,49,83,0
2026-02-08,28,16,85,85,65,105,1
2026-02-08,28,17,46,52,26,72,0
2026-02-08,28,18,55,63,44,74,1
2026-02-08,28,19,64,93,47,110,0
2026-02-08,28,20,53,53,42,64,0
2026-02-08,29,1,54,58,44,68,1
2026-02-08,29,2,55,55,41,69,0
2026-02-08,29,3,48,53,30,71,0
2026-02-08,29,4,42,42,37,47,0
2026-02-08,29,5,56,64,47,73,0
2026-02-08,29,6,50,68,40,78,1
2026-02-08,29,7,54,54,44,64,0
2026-02-08,29,8,51,51,36,66,0
2026-02-08,29,9,51,68,43,76,0
2026-02-08,29,10,71,71,52,90,2
2026-02-08,29,11,52,59,35,76,0
2026-02-08,29,12,49,70,38,81,2
2026-02-08,29,13,33,42,28,47,1
2026-02-08,29,14,44,49,39,54,0
2026-02-08,29,15,53,78,41,90,2
2026-02-08,29,16,68,70,56,82,1
2026-02-08,29,17,63,77,45,95,0
2026-02-08,29,18,48,63,42,69,1
2026-02-08,29,19,57,57,40,74,0
2026-02-08,29,20,47,59,36,70,0
2026-02-08,30,1,60,60,45,75,0
2026-02-08,30,2,50,58,42,66,1
2026-02-08,30,3,65,65,52,78,0
2026-02-08,30,4,62,83,55,90,0
2026-02-08,30,5,68,68,49,87,0
2026-02-08,30,6,57,57,49,65,0
2026-02-08,30,7,53,53,44,62,0
2026-02-08,30,8,59,59,46,72,0
2026-02-08,30,9,62,86,56,92,1
2026-02-08,30,10,67,67,48,86,1
2026-02-08,30,11,73,74,55,92,0
2026-02-08,30,12,66,88,51,103,0
2026-02-08,30,13,43,43,35,51,1
2026-02-08,30,14,56,59,50,65,1
2026-02-08,30,15,65,92,47,110,0
2026-02-08,30,16,73,91,58,106,0
2026-02-08,30,17,57,57,39,75,0
2026-02-08,30,18,49,59,30,78,0
2026-02-08,30,19,53,60,46,67,0
2026-02-08,30,20,70,85,57,98,2
2026-02-08,31,1,60,80,41,99,2
2026-02-08,31,2,74,74,60,88,1
2026-02-08,31,3,60,81,42,99,0
2026-02-08,31,4,65,89,53,101,1
2026-02-08,31,5,73,105,65,113,0
2026-02-08,31,6,58,85,50,93,0
2026-02-08,31,7,52,52,43,61,1
2026-02-08,31,8,73,105,53,125,0
2026-02-08,31,9,49,69,43,75,1
2026-02-08,31,10,47,47,34,60,1
2026-02-08,31,11,57,57,47,67,1
2026-02-08,31,12,82,116,69,129,3
2026-02-08,31,13,62,84,52,94,0
2026-02-08,31,14,72,72,52,92,0
2026-02-08,31,15,45,64,39,70,1
2026-02-08,31,16,60,87,45,102,0
2026-02-08,31,17,48,70,38,80,0
2026-02-08,31,18,65,65,50,80,1
2026-02-08,31,19,55,55,39,71,1
2026-02-08,31,20,61,90,50,101,1
2026-02-08,32,1,38,38,25,51,0
2026-02-08,32,2,35,42,30,47,0
2026-02-08,32,3,42,42,25,59,1
2026-02-08,32,4,54,71,36,89,1
2026-02-08,32,5,46,55,35,66,1
2026-02-08,32,6,37,37,31,43,0
2026-02-08,32,7,37,37,32,42,0
2026-02-08,32,8,39,41,31,49,0
2026-02-08,32,9,53,76,37,92,0
2026-02-08,32,10,27,27,20,34,0
2026-02-08,32,11,36,52,25,63,0
2026-02-08,32,12,40,40,26,54,0
2026-02-08,32,13,39,39,22,56,0
2026-02-08,32,14,38,38,33,43,0
2026-02-08,32,15,60,76,47,89,0
2026-02-08,32,16,71,71,51,91,2
2026-02-08,32,17,34,34,26,42,0
2026-02-08,32,18,44,51,25,70,0
2026-02-08,32,19,52,52,32,72,0
2026-02-08,32,20,25,31,16,40,0
2026-02-08,33,1,73,92,62,103,1
2026-02-08,33,2,40,40,35,45,0
2026-02-08,33,3,60,79,43,96,1
2026-02-08,33,4,53,60,47,66,0
2026-02-08,33,5,77,96,60,113,1
2026-02-08,33,6,59,80,44,95,0
2026-02-08,33,7,56,56,46,66,1
2026-02-08,33,8,51,68,36,83,1
2026-02-08,33,9,54,57,47,64,1
2026-02-08,33,10,67,69,57,79,0
2026-02-08,33,11,47,66,30,83,0
2026-02-08,33,12,53,53,43,63,0
2026-02-08,33,13,32,44,27,49,0
2026-02-08,33,14,67,67,48,86,0
2026-02-08,33,15,64,91,46,109,0
2026-02-08,33,16,59,68,43,84,1
2026-02-08,33,17,34,34,26,42,0
2026-02-08,33,18,58,58,41,75,1
2026-02-08,33,19,42,42,37,47,0
2026-02-08,33,20,54,59,37,76,0
2026-02-08,34,1,61,69,43,87,0
2026-02-08,34,2,83,83,69,97,1
2026-02-08,34,3,62,62,48,76,1
2026-02-08,34,4,59,59,50,68,0
2026-02-08,34,5,52,52,41,63,0
2026-02-08,34,6,57,57,47,67,1
2026-02-08,34,7,63,72,45,90,0
2026-02-08,34,8,45,57,40,62,0
2026-02-08,34,9,73,73,54,92,0
2026-02-08,34,10,58,58,45,71,0
2026-02-08,34,11,73,73,57,89,1
2026-02-08,34,12,63,76,45,94,0
2026-02-08,34,13,59,63,48,74,0
2026-02-08,34,14,58,58,47,69,0
2026-02-08,34,15,67,67,57,77,0
2026-02-08,34,16,76,107,71,112,0
2026-02-08,34,17,49,67,43,73,1
2026-02-08,34,18,56,56,45,67,1
2026-02-08,34,19,52,57,38,71,1
2026-02-08,34,20,62,83,48,97,0
2026-02-08,35,1,70,74,60,84,1
2026-02-08,35,2,42,48,32,58,1
2026-02-08,35,3,44,47,39,52,0
2026-02-08,35,4,53,63,37,79,0
2026-02-08,35,5,52,52,33,71,0
2026-02-08,35,6,53,57,47,63,0
2026-02-08,35,7,58,58,38,78,1
2026-02-08,35,8,59,73,41,91,1
2026-02-08,35,9,66,66,49,83,1
2026-02-08,35,10,17,20,5,32,0
2026-02-08,35,11,48,50,42,56,0
2026-02-08,35,12,62,75,42,95,2
2026-02-08,35,13,52,57,32,77,1
2026-02-08,35,14,48,55,41,62,0
2026-02-08,35,15,53,61,38,76,0
2026-02-08,35,16,43,60,32,71,0
2026-02-08,35,17,43,50,34,59,1
2026-02-08,35,18,49,49,35,63,0
2026-02-08,35,19,66,66,48,84,1
2026-02-08,35,20,40,40,27,53,0
2026-02-08,36,1,46,46,35,57,0
2026-02-08,36,2,47,64,39,72,0
2026-02-08,36,3,29,29,20,38,0
2026-02-08,36,4,41,41,23,59,1
2026-02-08,36,5,29,38,23,44,0
2026-02-08,36,6,52,72,39,85,1
2026-02-08,36,7,56,56,46,66,1
2026-02-08,36,8,58,58,39,77,0
2026-02-08,36,9,70,70,50,90,1
2026-02-08,36,10,40,40,23,57,0
2026-02-08,36,11,48,69,40,77,0
2026-02-08,36,12,57,62,43,76,0
2026-02-08,36,13,47,67,33,81,0
2026-02-08,36,14,39,55,33,61,0
2026-02-08,36,15,47,61,38,70,0
2026-02-08,36,16,48,50,43,55,1
2026-02-08,36,17,41,51,34,58,0
2026-02-08,36,18,47,51,37,61,1
2026-02-08,36,19,46,46,33,59,0
2026-02-08,36,20,50,50,38,62,0
2026-02-08,37,1,75,75,67,83,1
2026-02-08,37,2,42,42,34,50,1
2026-02-08,37,3,49,65,41,73,1
2026-02-08,37,4,72,72,53,91,0
2026-02-08,37,5,65,75,47,93,1
2026-02-08,37,6,52,66,39,79,1
2026-02-08,37,7,67,80,50,97,0
2026-02-08,37,8,66,66,61,71,1
2026-02-08,37,9,67,67,55,79,0
2026-02-08,37,10,72,95,53,114,2
2026-02-08,37,11,61,88,54,95,1
2026-02-08,37,12,52,62,47,67,1
2026-02-08,37,13,61,61,54,68,0
2026-02-08,37,14,68,71,58,81,0
2026-02-08,37,15,70,103,60,113,1
2026-02-08,37,16,58,80,53,85,1
2026-02-08,37,17,63,83,55,91,0
2026-02-08,37,18,80,106,65,121,3
2026-02-08,37,19,54,54,48,60,0
2026-02-08,37,20,68,101,58,111,0
2026-02-08,38,1,50,59,33,76,1
2026-02-08,38,2,52,52,34,70,0
2026-02-08,38,3,45,59,25,79,0
2026-02-08,38,4,36,47,24,59,1
2026-02-08,38,5,35,35,28,42,0
2026-02-08,38,6,47,61,41,67,0
2026-02-08,38,7,62,80,42,100,1
2026-02-08,38,8,54,54,43,65,0
2026-02-08,38,9,62,85,48,99,1
2026-02-08,38,10,41,41,31,51,0
2026-02-08,38,11,29,29,20,38,0
2026-02-08,38,12,47,47,37,57,0
2026-02-08,38,13,43,49,29,63,1
2026-02-08,38,14,55,61,41,75,1
2026-02-08,38,15,46,52,36,62,0
2026-02-08,38,16,47,47,29,65,0
2026-02-08,38,17,25,32,19,38,0
2026-02-08,38,18,47,55,33,69,0
2026-02-08,38,19,36,44,20,60,1
2026-02-08,38,20,40,40,35,45,0
2026-02-08,39,1,47,59,33,73,1
2026-02-08,39,2,63,63,47,79,0
2026-02-08,39,3,37,44,29,52,0
2026-02-08,39,4,45,58,32,71,1
2026-02-08,39,5,44,44,30,58,0
2026-02-08,39,6,37,46,31,52,0
2026-02-08,39,7,51,51,38,64,0
2026-02-08,39,8,46,46,36,56,0
2026-02-08,39,9,53,69,39,83,1
2026-02-08,39,10,51,51,45,57,1
2026-02-08,39,11,44,58,36,66,1
2026-02-08,39,12,41,41,34,48,0
2026-02-08,39,13,51,51,36,66,0
2026-02-08,39,14,60,89,40,109,1
2026-02-08,39,15,64,64,44,84,0
2026-02-08,39,16,50,50,43,57,0
2026-02-08,39,17,55,73,37,91,1
2026-02-08,39,18,61,77,44,94,1
2026-02-08,39,19,50,71,42,79,1
2026-02-08,39,20,44,44,29,59,0
2026-02-08,40,1,80,92,62,110,1
2026-02-08,40,2,68,77,49,96,2
2026-02-08,40,3,55,55,37,73,1
2026-02-08,40,4,41,41,33,49,0
2026-02-08,40,5,64,76,50,90,0
2026-02-08,40,6,63,63,57,69,1
2026-02-08,40,7,43,43,37,49,0
2026-02-08,40,8,52,62,42,72,0
2026-02-08,40,9,67,67,47,87,0
2026-02-08,40,10,67,70,50,87,2
2026-02-08,40,11,74,74,62,86,1
2026-02-08,40,12,53,53,47,59,0
2026-02-08,40,13,63,92,45,110,2
2026-02-08,40,14,54,73,45,82,0
2026-02-08,40,15,60,60,48,72,1
2026-02-08,40,16,57,59,50,66,1
2026-02-08,40,17,90,90,72,108,1
2026-02-08,40,18,64,88,47,105,2
2026-02-08,40,19,63,63,54,72,1
2026-02-08,40,20,57,62,41,78,1
2026-02-08,41,1,48,53,41,60,0
2026-02-08,41,2,53,66,37,82,1
2026-02-08,41,3,33,49,28,54,0
2026-02-08,41,4,44,45,32,57,0
2026-02-08,41,5,38,38,25,51,0
2026-02-08,41,6,52,70,37,85,0
2026-02-08,41,7,52,53,40,65,0
2026-02-08,41,8,51,62,38,75,0
2026-02-08,41,9,42,42,36,48,0
2026-02-08,41,10,48,55,32,71,1
2026-02-08,41,11,67,91,47,111,0
2026-02-08,41,12,52,58,32,78,0
2026-02-08,41,13,47,61,28,80,0
2026-02-08,41,14,43,61,34,70,0
2026-02-08,41,15,47,52,37,62,1
2026-02-08,41,16,64,64,52,76,0
2026-02-08,41,17,39,39,23,55,0
2026-02-08,41,18,44,44,27,61,0
2026-02-08,41,19,29,38,24,43,0
2026-02-08,41,20,42,42,32,52,0
2026-02-08,42,1,47,54,41,60,0
2026-02-08,42,2,38,38,32,44,0
2026-02-08,42,3,51,72,39,84,2
2026-02-08,42,4,47,57,37,67,1
2026-02-08,42,5,47,64,28,83,0
2026-02-08,42,6,52,67,40,79,0
2026-02-08,42,7,55,70,35,90,2
2026-02-08,42,8,46,46,39,53,0
2026-02-08,42,9,53,53,42,64,0
2026-02-08,42,10,53,64,37,80,0
2026-02-08,42,11,48,70,36,82,0
2026-02-08,42,12,56,56,46,66,0
2026-02-08,42,13,35,47,25,57,1
2026-02-08,42,14,49,49,37,61,0
2026-02-08,42,15,55,82,35,102,0
2026-02-08,42,16,50,66,36,80,0
2026-02-08,42,17,58,60,38,80,1
2026-02-08,42,18,53,58,48,63,1
2026-02-08,42,19,48,52,40,60,0
2026-02-08,42,20,46,56,29,73,0
2026-02-08,43,1,72,92,60,104,0
2026-02-08,43,2,69,93,54,108,2
2026-02-08,43,3,65,65,50,80,0
2026-02-08,43,4,74,74,55,93,0
2026-02-08,43,5,68,98,49,117,0
2026-02-08,43,6,58,58,50,66,0
2026-02-08,43,7,51,51,46,56,1
2026-02-08,43,8,48,66,43,71,1
2026-02-08,43,9,55,55,41,69,0
2026-02-08,43,10,61,72,47,86,1
2026-02-08,43,11,61,61,52,70,0
2026-02-08,43,12,67,83,47,103,1
2026-02-08,43,13,58,61,43,76,0
2026-02-08,43,14,83,83,63,103,1
2026-02-08,43,15,45,53,37,61,0
2026-02-08,43,16,60,60,49,71,0
2026-02-08,43,17,44,62,39,67,0
2026-02-08,43,18,67,67,48,86,1
2026-02-08,43,19,68,68,49,87,1
2026-02-08,43,20,43,43,38,48,0
2026-02-08,44,1,57,57,51,63,0
2026-02-08,44,2,58,58,52,64,0
2026-02-08,44,3,47,47,42,52,0
2026-02-08,44,4,49,53,40,62,0
2026-02-08,44,5,55,58,45,68,1
2026-02-08,44,6,58,83,43,98,0
2026-02-08,44,7,54,71,46,79,1
2026-02-08,44,8,65,94,48,111,0
2026-02-08,44,9,51,51,44,58,1
2026-02-08,44,10,52,54,34,72,1
2026-02-08,44,11,63,63,44,82,0
2026-02-08,44,12,56,58,39,75,1
2026-02-08,44,13,47,47,33,61,1
2026-02-08,44,14,55,55,42,68,1
2026-02-08,44,15,51,51,40,62,0
2026-02-08,44,16,52,52,42,62,0
2026-02-08,44,17,65,77,45,97,0
2026-02-08,44,18,66,68,47,87,1
2026-02-08,44,19,49,58,40,67,0
2026-02-08,44,20,27,34,17,44,0
2026-02-08,45,1,50,50,40,60,1
2026-02-08,45,2,85,100,74,111,0
2026-02-08,45,3,45,45,40,50,0
2026-02-08,45,4,72,72,61,83,0
2026-02-08,45,5,79,79,68,90,0
2026-02-08,45,6,56,56,49,63,1
2026-02-08,45,7,63,69,55,77,1
2026-02-08,45,8,55,58,48,65,0
2026-02-08,45,9,83,117,67,133,2
2026-02-08,45,10,85,85,67,103,2
2026-02-08,45,11,56,82,45,93,0
2026-02-08,45,12,68,81,59,90,1
2026-02-08,45,13,60,83,55,88,0
2026-02-08,45,14,69,73,49,93,0
2026-02-08,45,15,77,98,57,118,1
2026-02-08,45,16,59,85,49,95,0
2026-02-08,45,17,55,62,47,70,0
2026-02-08,45,18,64,92,52,104,1
2026-02-08,45,19,78,103,58,123,2
2026-02-08,45,20,42,60,36,66,0
2026-02-08,46,1,55,55,49,61,0
2026-02-08,46,2,49,73,42,80,1
2026-02-08,46,3,55,69,43,81,1
2026-02-08,46,4,71,82,52,101,1
2026-02-08,46,5,45,52,32,65,0
2026-02-08,46,6,91,102,71,122,0
2026-02-08,46,7,50,50,42,58,1
2026-02-08,46,8,54,54,47,61,1
2026-02-08,46,9,47,60,37,70,1
2026-02-08,46,10,62,62,54,70,0
2026-02-08,46,11,71,98,56,113,1
2026-02-08,46,12,58,74,45,87,1
2026-02-08,46,13,54,54,37,71,0
2026-02-08,46,14,61,86,53,94,0
2026-02-08,46,15,52,52,39,65,0
2026-02-08,46,16,55,55,46,64,0
2026-02-08,46,17,65,65,51,79,0
2026-02-08,46,18,64,81,52,93,0
2026-02-08,46,19,58,58,44,72,0
2026-02-08,46,20,57,58,50,65,1
2026-02-08,47,1,72,72,54,90,0
2026-02-08,47,2,80,110,60,130,1
2026-02-08,47,3,90,90,73,107,2
2026-02-08,47,4,68,68,50,86,1
2026-02-08,47,5,67,67,48,86,1
2026-02-08,47,6,55,58,37,76,1
2026-02-08,47,7,95,101,82,114,2
2026-02-08,47,8,72,72,64,80,0
2026-02-08,47,9,66,83,57,92,1
2026-02-08,47,10,74,74,64,84,1
2026-02-08,47,11,85,85,65,105,2
2026-02-08,47,12,57,62,43,76,1
2026-02-08,47,13,67,88,61,94,1
2026-02-08,47,14,72,90,67,95,0
2026-02-08,47,15,65,65,50,80,1
2026-02-08,47,16,29,40,19,50,0
2026-02-08,47,17,77,77,59,95,0
2026-02-08,47,18,72,72,55,89,0
2026-02-08,47,19,68,68,57,79,0
2026-02-08,47,20,57,70,41,86,1
2026-02-08,48,1,75,75,55,95,0
2026-02-08,48,2,44,52,37,59,1
2026-02-08,48,3,39,49,31,57,0
2026-02-08,48,4,65,65,50,80,0
2026-02-08,48,5,67,67,48,86,1
2026-02-08,48,6,61,65,41,85,0
2026-02-08,48,7,66,66,46,86,0
2026-02-08,48,8,59,60,49,70,1
2026-02-08,48,9,65,65,51,79,0
2026-02-08,48,10,60,69,45,84,1
2026-02-08,48,11,43,52,29,66,0
2026-02-08,48,12,62,71,49,84,1
2026-02-08,48,13,58,78,39,97,1
2026-02-08,48,14,58,80,49,89,0
2026-02-08,48,15,55,67,48,74,0
2026-02-08,48,16,73,73,53,93,0
2026-02-08,48,17,51,57,42,66,1
2026-02-08,48,18,56,56,40,72,1
2026-02-08,48,19,58,58,40,76,1
2026-02-08,48,20,38,40,29,49,1
2026-02-08,49,1,48,48,29,67,0
2026-02-08,49,2,45,60,40,65,1
2026-02-08,49,3,46,59,37,68,0
2026-02-08,49,4,58,75,40,93,1
2026-02-08,49,5,34,34,24,44,0
2026-02-08,49,6,46,48,32,62,0
2026-02-08,49,7,47,54,38,63,0
2026-02-08,49,8,47,63,31,79,1
2026-02-08,49,9,44,63,39,68,0
2026-02-08,49,10,38,38,27,49,0
2026-02-08,49,11,51,56,45,62,0
2026-02-08,49,12,49,61,35,75,1
2026-02-08,49,13,34,35,28,41,0
2026-02-08,49,14,49,55,29,75,1
2026-02-08,49,15,57,62,50,69,1
2026-02-08,49,16,56,56,49,63,1
2026-02-08,49,17,34,37,29,42,0
2026-02-08,49,18,41,41,36,46,0
2026-02-08,49,19,46,46,36,56,1
2026-02-08,49,20,31,40,24,47,0
2026-02-08,50,1,55,55,41,69,0
2026-02-08,50,2,49,69,34,84,0
2026-02-08,50,3,42,46,29,59,1
2026-02-08,50,4,76,76,67,85,1
2026-02-08,50,5,42,52,29,65,0
2026-02-08,50,6,62,87,44,105,1
2026-02-08,50,7,51,68,44,75,0
2026-02-08,50,8,47,53,40,60,0
2026-02-08,50,9,45,47,39,53,0
2026-02-08,50,10,46,53,41,58,0
2026-02-08,50,11,53,76,37,92,1
2026-02-08,50,12,53,61,45,69,1
2026-02-08,50,13,51,51,37,65,1
2026-02-08,50,14,49,56,35,70,0
2026-02-08,50,15,60,79,47,92,1
2026-02-08,50,16,53,65,42,76,1
2026-02-08,50,17,45,58,31,72,0
2026-02-08,50,18,40,49,23,66,0
2026-02-08,50,19,31,36,25,42,0
2026-02-08,50,20,57,68,47,78,0
2026-02-15,1,1,83,107,67,123,0
2026-02-15,1,2,72,72,59,85,1
2026-02-15,1,3,60,60,42,78,1
2026-02-15,1,4,62,87,57,92,0
2026-02-15,1,5,62,87,53,96,0
2026-02-15,1,6,57,60,42,75,1
2026-02-15,1,7,62,62,46,78,1
2026-02-15,1,8,79,96,63,112,2
2026-02-15,1,9,64,64,48,80,1
2026-02-15,1,10,51,51,38,64,1
2026-02-15,1,11,77,77,66,88,0
2026-02-15,1,12,51,51,46,56,0
2026-02-15,1,13,57,57,44,70,1
2026-02-15,1,14,78,82,58,102,0
2026-02-15,1,15,52,56,41,67,0
2026-02-15,1,16,94,118,76,136,3
2026-02-15,1,17,50,50,42,58,1
2026-02-15,1,18,64,64,57,71,0
2026-02-15,1,19,56,74,45,85,0
2026-02-15,1,20,39,48,30,57,0
2026-02-15,2,1,52,52,42,62,0
2026-02-15,2,2,52,64,38,78,0
2026-02-15,2,3,33,35,19,49,0
2026-02-15,2,4,64,64,44,84,0
2026-02-15,2,5,33,47,22,58,0
2026-02-15,2,6,36,53,24,65,0
2026-02-15,2,7,64,95,49,110,0
2026-02-15,2,8,45,46,40,51,0
2026-02-15,2,9,57,57,42,72,0
2026-02-15,2,10,58,62,41,79,0
2026-02-15,2,11,65,92,45,112,0
2026-02-15,2,12,49,64,41,72,0
2026-02-15,2,13,50,60,34,76,0
2026-02-15,2,14,51,51,34,68,0
2026-02-15,2,15,45,55,35,65,0
2026-02-15,2,16,29,41,24,46,0
2026-02-15,2,17,34,34,18,50,0
2026-02-15,2,18,54,60,40,74,0
2026-02-15,2,19,39,39,30,48,0
2026-02-15,2,20,40,48,34,54,1
2026-02-15,3,1,50,50,40,60,0
2026-02-15,3,2,58,58,46,70,0
2026-02-15,3,3,47,47,38,56,0
2026-02-15,3,4,60,60,50,70,0
2026-02-15,3,5,43,43,28,58,0
2026-02-15,3,6,46,46,34,58,1
2026-02-15,3,7,46,63,38,71,0
2026-02-15,3,8,42,48,29,61,1
2026-02-15,3,9,64,64,47,81,0
2026-02-15,3,10,52,71,44,79,0
2026-02-15,3,11,44,44,39,49,0
2026-02-15,3,12,67,67,47,87,1
2026-02-15,3,13,56,56,40,72,1
2026-02-15,3,14,44,54,25,73,1
2026-02-15,3,15,50,70,31,89,0
2026-02-15,3,16,40,55,30,65,0
2026-02-15,3,17,44,44,37,51,0
2026-02-15,3,18,58,58,43,73,0
2026-02-15,3,19,36,36,27,45,0
2026-02-15,3,20,42,50,33,59,0
2026-02-15,4,1,62,62,47,77,0
2026-02-15,4,2,63,63,50,76,0
2026-02-15,4,3,67,67,48,86,1
2026-02-15,4,4,69,90,54,105,1
2026-02-15,4,5,67,94,58,103,2
2026-02-15,4,6,60,89,44,105,1
2026-02-15,4,7,65,79,53,91,2
2026-02-15,4,8,60,65,50,75,0
2026-02-15,4,9,86,121,70,137,2
2026-02-15,4,10,61,88,55,94,1
2026-02-15,4,11,55,55,44,66,1
2026-02-15,4,12,57,75,52,80,1
2026-02-15,4,13,52,52,42,62,0
2026-02-15,4,14,57,61,44,74,0
2026-02-15,4,15,73,103,56,120,0
2026-02-15,4,16,65,72,46,91,1
2026-02-15,4,17,79,79,69,89,1
2026-02-15,4,18,77,80,61,96,1
2026-02-15,4,19,60,60,53,67,1
2026-02-15,4,20,74,107,64,117,1
2026-02-15,5,1,43,43,32,54,0
2026-02-15,5,2,47,52,32,67,0
2026-02-15,5,3,42,42,28,56,0
2026-02-15,5,4,32,47,21,58,0
2026-02-15,5,5,49,49,31,67,1
2026-02-15,5,6,45,58,26,77,0
2026-02-15,5,7,46,51,39,58,1
2026-02-15,5,8,31,43,26,48,0
2026-02-15,5,9,53,54,39,68,0
2026-02-15,5,10,32,42,23,51,0
2026-02-15,5,11,35,35,29,41,0
2026-02-15,5,12,38,38,26,50,1
2026-02-15,5,13,24,30,18,36,0
2026-02-15,5,14,59,59,45,73,1
2026-02-15,5,15,42,43,28,57,1
2026-02-15,5,16,43,43,38,48,1
2026-02-15,5,17,39,39,27,51,0
2026-02-15,5,18,44,44,27,61,0
2026-02-15,5,19,53,57,42,68,0
2026-02-15,5,20,38,38,29,47,0
2026-02-15,6,1,46,50,36,60,0
2026-02-15,6,2,39,47,33,53,0
2026-02-15,6,3,55,60,35,80,1
2026-02-15,6,4,58,66,38,86,1
2026-02-15,6,5,44,61,33,72,1
2026-02-15,6,6,68,68,61,75,0
2026-02-15,6,7,73,97,55,115,2
2026-02-15,6,8,49,49,36,62,0
2026-02-15,6,9,62,92,51,103,1
2026-02-15,6,10,53,78,37,94,0
2026-02-15,6,11,49,53,37,65,1
2026-02-15,6,12,58,65,40,83,1
2026-02-15,6,13,48,54,34,68,0
2026-02-15,6,14,50,50,32,68,0
2026-02-15,6,15,42,42,37,47,1
2026-02-15,6,16,74,74,56,92,1
2026-02-15,6,17,44,59,35,68,0
2026-02-15,6,18,59,71,44,86,0
2026-02-15,6,19,59,59,44,74,0
2026-02-15,6,20,59,74,40,93,1
2026-02-15,7,1,59,68,45,82,0
2026-02-15,7,2,55,71,49,77,0
2026-02-15,7,3,34,34,27,41,0
2026-02-15,7,4,49,55,39,65,0
2026-02-15,7,5,38,38,32,44,0
2026-02-15,7,6,51,58,45,64,1
2026-02-15,7,7,47,47,41,53,0
2026-02-15,7,8,57,77,45,89,1
2026-02-15,7,9,50,50,39,61,0
2026-02-15,7,10,59,79,42,96,1
2026-02-15,7,11,44,44,39,49,0
2026-02-15,7,12,57,79,40,96,1
2026-02-15,7,13,39,48,34,53,0
2026-02-15,7,14,75,75,69,81,1
2026-02-15,7,15,62,68,49,81,0
2026-02-15,7,16,50,58,43,65,0
2026-02-15,7,17,29,29,22,36,0
2026-02-15,7,18,54,55,39,70,1
2026-02-15,7,19,34,35,21,48,0
2026-02-15,7,20,47,53,38,62,0
2026-02-15,8,1,33,47,23,57,0
2026-02-15,8,2,41,51,28,64,0
2026-02-15,8,3,31,35,23,43,1
2026-02-15,8,4,51,71,41,81,0
2026-02-15,8,5,38,46,33,51,0
2026-02-15,8,6,42,61,36,67,0
2026-02-15,8,7,56,70,36,90,0
2026-02-15,8,8,41,49,25,65,1
2026-02-15,8,9,39,49,30,58,0
2026-02-15,8,10,39,39,24,54,0
2026-02-15,8,11,42,42,34,50,1
2026-02-15,8,12,45,54,25,74,0
2026-02-15,8,13,38,38,25,51,0
2026-02-15,8,14,56,65,37,84,0
2026-02-15,8,15,55,59,37,77,0
2026-02-15,8,16,46,46,32,60,0
2026-02-15,8,17,42,58,30,70,0
2026-02-15,8,18,43,43,30,56,0
2026-02-15,8,19,45,65,27,83,1
2026-02-15,8,20,56,65,36,85,1
2026-02-15,9,1,47,47,42,52,0
2026-02-15,9,2,59,82,48,93,1
2026-02-15,9,3,88,88,68,108,1
2026-02-15,9,4,72,72,62,82,0
2026-02-15,9,5,80,80,69,91,2
2026-02-15,9,6,70,76,52,94,0
2026-02-15,9,7,74,74,58,90,0
2026-02-15,9,8,54,57,41,70,0
2026-02-15,9,9,54,54,46,62,1
2026-02-15,9,10,52,63,45,70,0
2026-02-15,9,11,50,50,39,61,0
2026-02-15,9,12,60,78,53,85,0
2026-02-15,9,13,69,69,64,74,1
2026-02-15,9,14,62,78,49,91,1
2026-02-15,9,15,53,72,46,79,0
2026-02-15,9,16,49,49,42,56,0
2026-02-15,9,17,53,54,48,59,0
2026-02-15,9,18,73,73,63,83,1
2026-02-15,9,19,67,67,55,79,0
2026-02-15,9,20,72,72,64,80,0
2026-02-15,10,1,75,110,59,126,0
2026-02-15,10,2,71,103,53,121,1
2026-02-15,10,3,53,53,46,60,0
2026-02-15,10,4,69,69,62,76,1
2026-02-15,10,5,70,85,59,96,1
2026-02-15,10,6,71,71,61,81,0
2026-02-15,10,7,70,99,65,104,1
2026-02-15,10,8,65,85,47,103,2
2026-02-15,10,9,94,132,78,148,3
2026-02-15,10,10,53,53,40,66,1
2026-02-15,10,11,73,86,60,99,2
2026-02-15,10,12,66,66,57,75,1
2026-02-15,10,13,60,75,49,86,0
2026-02-15,10,14,75,75,59,91,1
2026-02-15,10,15,68,68,62,74,1
2026-02-15,10,16,53,53,47,59,0
2026-02-15,10,17,62,62,54,70,1
2026-02-15,10,18,65,81,58,88,1
2026-02-15,10,19,84,96,65,115,2
2026-02-15,10,20,86,116,68,134,0
2026-02-15,11,1,60,64,42,82,1
2026-02-15,11,2,45,59,36,68,0
2026-02-15,11,3,43,43,25,61,0
2026-02-15,11,4,56,82,41,97,1
2026-02-15,11,5,33,48,21,60,0
2026-02-15,11,6,56,81,47,90,2
2026-02-15,11,7,56,56,39,73,0
2026-02-15,11,8,49,71,32,88,0
2026-02-15,11,9,55,77,44,88,1
2026-02-15,11,10,62,66,43,85,0
2026-02-15,11,11,52,52,47,57,1
2026-02-15,11,12,41,60,34,67,0
2026-02-15,11,13,54,73,44,83,1
2026-02-15,11,14,54,54,40,68,1
2026-02-15,11,15,41,57,35,63,0
2026-02-15,11,16,57,57,47,67,1
2026-02-15,11,17,35,39,30,44,0
2026-02-15,11,18,53,53,47,59,0
2026-02-15,11,19,50,70,32,88,1
2026-02-15,11,20,44,63,36,71,1
2026-02-15,12,1,50,50,44,56,1
2026-02-15,12,2,62,68,42,88,0
2026-02-15,12,3,55,80,36,99,1
2026-02-15,12,4,68,79,48,99,1
2026-02-15,12,5,38,47,23,62,0
2026-02-15,12,6,50,69,44,75,0
2026-02-15,12,7,63,67,56,74,1
2026-02-15,12,8,55,62,43,74,1
2026-02-15,12,9,54,75,47,82,0
2026-02-15,12,10,59,59,54,64,0
2026-02-15,12,11,70,70,56,84,1
2026-02-15,12,12,48,52,43,57,0
2026-02-15,12,13,82,82,63,101,1
2026-02-15,12,14,62,66,44,84,0
2026-02-15,12,15,52,76,44,84,1
2026-02-15,12,16,77,102,57,122,0
2026-02-15,12,17,41,42,30,53,0
2026-02-15,12,18,51,51,32,70,1
2026-02-15,12,19,45,58,30,73,1
2026-02-15,12,20,66,66,46,86,0
2026-02-15,13,1,75,75,56,94,0
2026-02-15,13,2,88,88,68,108,0
2026-02-15,13,3,73,104,63,114,1
2026-02-15,13,4,70,70,63,77,2
2026-02-15,13,5,59,59,52,66,1
2026-02-15,13,6,76,93,58,111,1
2026-02-15,13,7,74,82,55,101,0
2026-02-15,13,8,76,86,58,104,2
2026-02-15,13,9,68,93,55,106,0
2026-02-15,13,10,74,84,61,97,0
2026-02-15,13,11,70,70,62,78,1
2026-02-15,13,12,76,76,67,85,1
2026-02-15,13,13,90,90,75,105,1
2026-02-15,13,14,71,101,64,108,0
2026-02-15,13,15,82,97,69,110,1
2026-02-15,13,16,70,86,61,95,2
2026-02-15,13,17,98,113,83,128,2
2026-02-15,13,18,115,115,96,134,2
2026-02-15,13,19,61,68,52,77,0
2026-02-15,13,20,78,78,71,85,1
2026-02-15,14,1,39,39,34,44,1
2026-02-15,14,2,51,51,43,59,0
2026-02-15,14,3,48,54,39,63,0
2026-02-15,14,4,52,56,34,74,0
2026-02-15,14,5,59,59,42,76,0
2026-02-15,14,6,69,89,58,100,0
2026-02-15,14,7,42,42,36,48,1
2026-02-15,14,8,52,75,43,84,0
2026-02-15,14,9,54,76,40,90,0
2026-02-15,14,10,49,62,41,70,0
2026-02-15,14,11,52,60,43,69,0
2026-02-15,14,12,56,80,39,97,1
2026-02-15,14,13,38,38,31,45,0
2026-02-15,14,14,55,58,42,71,0
2026-02-15,14,15,43,54,33,64,1
2026-02-15,14,16,51,51,44,58,1
2026-02-15,14,17,53,53,37,69,1
2026-02-15,14,18,45,45,34,56,0
2026-02-15,14,19,59,79,47,91,1
2026-02-15,14,20,42,44,36,50,0
2026-02-15,15,1,50,61,39,72,0
2026-02-15,15,2,41,41,35,47,0
2026-02-15,15,3,37,52,18,71,1
2026-02-15,15,4,55,55,37,73,0
2026-02-15,15,5,32,32,23,41,0
2026-02-15,15,6,51,51,39,63,0
2026-02-15,15,7,51,55,36,70,0
2026-02-15,15,8,52,67,35,84,0
2026-02-15,15,9,48,48,35,61,0
2026-02-15,15,10,45,53,32,66,0
2026-02-15,15,11,47,58,36,69,0
2026-02-15,15,12,46,65,32,79,1
2026-02-15,15,13,43,63,34,72,1
2026-02-15,15,14,61,61,44,78,0
2026-02-15,15,15,58,58,39,77,1
2026-02-15,15,16,53,74,40,87,1
2026-02-15,15,17,47,47,29,65,1
2026-02-15,15,18,45,45,36,54,0
2026-02-15,15,19,38,47,28,57,1
2026-02-15,15,20,47,60,41,66,1
2026-02-15,16,1,59,59,39,79,1
2026-02-15,16,2,53,53,44,62,0
2026-02-15,16,3,75,75,56,94,0
2026-02-15,16,4,61,61,45,77,0
2026-02-15,16,5,45,45,40,50,0
2026-02-15,16,6,56,56,36,76,1
2026-02-15,16,7,81,94,63,112,1
2026-02-15,16,8,51,51,38,64,1
2026-02-15,16,9,75,75,59,91,1
2026-02-15,16,10,46,52,35,63,0
2026-02-15,16,11,57,61,46,72,0
2026-02-15,16,12,45,54,36,63,0
2026-02-15,16,13,68,79,55,92,1
2026-02-15,16,14,72,72,52,92,0
2026-02-15,16,15,52,52,42,62,1
2026-02-15,16,16,65,66,54,77,0
2026-02-15,16,17,53,53,44,62,1
2026-02-15,16,18,64,64,52,76,1
2026-02-15,16,19,52,53,42,63,1
2026-02-15,16,20,60,63,53,70,1
2026-02-15,17,1,43,59,32,70,0
2026-02-15,17,2,41,41,22,60,1
2026-02-15,17,3,56,56,36,76,0
2026-02-15,17,4,34,34,25,43,0
2026-02-15,17,5,51,64,33,82,0
2026-02-15,17,6,51,67,32,86,1
2026-02-15,17,7,56,70,45,81,0
2026-02-15,17,8,63,82,50,95,0
2026-02-15,17,9,46,51,35,62,1
2026-02-15,17,10,35,42,27,50,0
2026-02-15,17,11,55,76,37,94,0
2026-02-15,17,12,57,80,45,92,0
2026-02-15,17,13,38,40,22,56,0
2026-02-15,17,14,47,47,39,55,0
2026-02-15,17,15,50,50,37,63,1
2026-02-15,17,16,52,69,38,83,0
2026-02-15,17,17,46,51,35,62,1
2026-02-15,17,18,53,60,38,75,1
2026-02-15,17,19,50,70,31,89,0
2026-02-15,17,20,37,37,30,44,0
2026-02-15,18,1,81,95,61,115,0
2026-02-15,18,2,68,68,61,75,0
2026-02-15,18,3,76,76,59,93,0
2026-02-15,18,4,97,129,82,144,2
2026-02-15,18,5,45,45,38,52,0
2026-02-15,18,6,81,91,65,107,0
2026-02-15,18,7,65,65,52,78,0
2026-02-15,18,8,55,55,46,64,1
2026-02-15,18,9,85,85,71,99,1
2026-02-15,18,10,75,75,63,87,0
2026-02-15,18,11,72,82,62,92,2
2026-02-15,18,12,92,92,77,107,1
2026-02-15,18,13,71,83,51,103,1
2026-02-15,18,14,62,82,54,90,2
2026-02-15,18,15,87,124,72,139,0
2026-02-15,18,16,71,79,54,96,1
2026-02-15,18,17,70,103,59,114,2
2026-02-15,18,18,95,104,75,124,0
2026-02-15,18,19,57,83,48,92,1
2026-02-15,18,20,67,67,48,86,0
2026-02-15,19,1,60,60,40,80,0
2026-02-15,19,2,64,83,49,98,0
2026-02-15,19,3,48,50,40,58,1
2026-02-15,19,4,53,53,38,68,1
2026-02-15,19,5,74,76,59,91,0
2026-02-15,19,6,40,42,32,50,0
2026-02-15,19,7,50,62,39,73,1
2026-02-15,19,8,49,69,41,77,1
2026-02-15,19,9,54,60,38,76,0
2026-02-15,19,10,48,49,37,60,0
2026-02-15,19,11,43,43,36,50,0
2026-02-15,19,12,51,51,39,63,1
2026-02-15,19,13,39,39,34,44,1
2026-02-15,19,14,47,61,38,70,0
2026-02-15,19,15,59,59,46,72,1
2026-02-15,19,16,49,72,30,91,1
2026-02-15,19,17,60,82,42,100,1
2026-02-15,19,18,55,55,49,61,0
2026-02-15,19,19,49,49,31,67,1
2026-02-15,19,20,50,71,30,91,0
2026-02-15,20,1,57,57,39,75,0
2026-02-15,20,2,55,73,42,86,0
2026-02-15,20,3,44,53,30,67,0
2026-02-15,20,4,57,83,43,97,1
2026-02-15,20,5,42,42,33,51,0
2026-02-15,20,6,66,85,52,99,2
2026-02-15,20,7,60,60,46,74,0
2026-02-15,20,8,56,56,43,69,1
2026-02-15,20,9,51,70,42,79,1
2026-02-15,20,10,45,47,37,55,0
2026-02-15,20,11,64,85,46,103,1
2026-02-15,20,12,56,56,51,61,0
2026-02-15,20,13,37,44,30,51,0
2026-02-15,20,14,61,61,55,67,0
2026-02-15,20,15,59,67,47,79,1
2026-02-15,20,16,68,93,52,109,1
2026-02-15,20,17,51,51,35,67,1
2026-02-15,20,18,71,100,56,115,2
2026-02-15,20,19,42,42,30,54,1
2026-02-15,20,20,46,68,40,74,0
2026-02-15,21,1,61,62,41,82,1
2026-02-15,21,2,68,68,55,81,0
2026-02-15,21,3,34,47,26,55,1
2026-02-15,21,4,57,80,40,97,1
2026-02-15,21,5,56,56,36,76,0
2026-02-15,21,6,47,47,30,64,0
2026-02-15,21,7,52,71,32,91,0
2026-02-15,21,8,47,51,27,71,0
2026-02-15,21,9,60,60,44,76,1
2026-02-15,21,10,36,36,20,52,1
2026-02-15,21,11,45,45,38,52,0
2026-02-15,21,12,55,56,39,72,0
2026-02-15,21,13,41,43,23,61,1
2026-02-15,21,14,45,58,38,65,0
2026-02-15,21,15,54,54,48,60,0
2026-02-15,21,16,48,48,35,61,1
2026-02-15,21,17,48,66,39,75,0
2026-02-15,21,18,44,44,34,54,0
2026-02-15,21,19,43,58,34,67,1
2026-02-15,21,20,33,38,18,53,0
2026-02-15,22,1,43,54,36,61,0
2026-02-15,22,2,48,48,40,56,1
2026-02-15,22,3,48,57,35,70,0
2026-02-15,22,4,62,88,50,100,2
2026-02-15,22,5,32,32,23,41,0
2026-02-15,22,6,55,55,35,75,1
2026-02-15,22,7,40,40,23,57,0
2026-02-15,22,8,50,50,43,57,0
2026-02-15,22,9,62,62,42,82,0
2026-02-15,22,10,50,50,41,59,0
2026-02-15,22,11,51,68,42,77,0
2026-02-15,22,12,65,80,53,92,1
2026-02-15,22,13,49,57,44,62,1
2026-02-15,22,14,56,56,40,72,1
2026-02-15,22,15,51,51,35,67,0
2026-02-15,22,16,64,64,49,79,0
2026-02-15,22,17,53,72,37,88,0
2026-02-15,22,18,55,74,42,87,0
2026-02-15,22,19,43,54,34,63,1
2026-02-15,22,20,58,79,42,95,1
2026-02-15,23,1,42,50,35,57,0
2026-02-15,23,2,60,60,44,76,0
2026-02-15,23,3,70,81,56,95,1
2026-02-15,23,4,53,75,45,83,0
2026-02-15,23,5,51,73,39,85,1
2026-02-15,23,6,41,41,35,47,0
2026-02-15,23,7,57,57,39,75,1
2026-02-15,23,8,60,72,41,91,0
2026-02-15,23,9,53,53,36,70,0
2026-02-15,23,10,40,51,32,59,0
2026-02-15,23,11,56,56,44,68,1
2026-02-15,23,12,54,66,43,77,1
2026-02-15,23,13,52,55,35,72,0
2026-02-15,23,14,61,68,41,88,1
2026-02-15,23,15,48,66,41,73,0
2026-02-15,23,16,45,65,37,73,0
2026-02-15,23,17,52,75,38,89,0
2026-02-15,23,18,59,59,47,71,0
2026-02-15,23,19,46,61,40,67,1
2026-02-15,23,20,64,83,53,94,1
2026-02-15,24,1,64,92,51,105,2
2026-02-15,24,2,63,87,53,97,0
2026-02-15,24,3,56,56,51,61,1
2026-02-15,24,4,72,83,53,102,1
2026-02-15,24,5,61,65,43,83,0
2026-02-15,24,6,88,88,79,97,2
2026-02-15,24,7,60,61,51,70,0
2026-02-15,24,8,70,70,55,85,1
2026-02-15,24,9,56,78,48,86,0
2026-02-15,24,10,48,48,42,54,0
2026-02-15,24,11,55,55,49,61,1
2026-02-15,24,12,64,64,44,84,1
2026-02-15,24,13,52,77,44,85,2
2026-02-15,24,14,63,80,57,86,0
2026-02-15,24,15,62,82,43,101,1
2026-02-15,24,16,50,65,44,71,1
2026-02-15,24,17,51,63,45,69,0
2026-02-15,24,18,50,60,43,67,1
2026-02-15,24,19,98,98,79,117,1
2026-02-15,24,20,52,52,37,67,0
2026-02-15,25,1,83,88,77,94,2
2026-02-15,25,2,77,77,57,97,2
2026-02-15,25,3,73,103,58,118,1
2026-02-15,25,4,69,97,59,107,1
2026-02-15,25,5,77,92,64,105,0
2026-02-15,25,6,76,105,58,123,0
2026-02-15,25,7,102,104,86,120,1
2026-02-15,25,8,90,128,70,148,1
2026-02-15,25,9,96,117,83,130,1
2026-02-15,25,10,63,63,48,78,0
2026-02-15,25,11,77,108,59,126,1
2026-02-15,25,12,84,111,75,120,2
2026-02-15,25,13,62,62,56,68,0
2026-02-15,25,14,84,116,71,129,3
2026-02-15,25,15,93,93,75,111,2
2026-02-15,25,16,79,88,60,107,1
2026-02-15,25,17,67,71,61,77,0
2026-02-15,25,18,73,84,64,93,1
2026-02-15,25,19,78,116,60,134,0
2026-02-15,25,20,64,64,49,79,0
2026-02-15,26,1,63,79,47,95,1
2026-02-15,26,2,59,77,40,96,0
2026-02-15,26,3,56,56,38,74,1
2026-02-15,26,4,37,53,30,60,1
2026-02-15,26,5,54,54,34,74,0
2026-02-15,26,6,53,56,39,70,1
2026-02-15,26,7,58,58,42,74,1
2026-02-15,26,8,61,90,53,98,1
2026-02-15,26,9,57,57,42,72,1
2026-02-15,26,10,29,29,15,43,0
2026-02-15,26,11,51,51,45,57,0
2026-02-15,26,12,64,91,51,104,1
2026-02-15,26,13,37,37,32,42,0
2026-02-15,26,14,50,69,32,87,0
2026-02-15,26,15,35,47,26,56,1
2026-02-15,26,16,47,47,33,61,0
2026-02-15,26,17,50,60,30,80,0
2026-02-15,26,18,52,52,34,70,0
2026-02-15,26,19,54,68,35,87,1
2026-02-15,26,20,34,49,28,55,0
2026-02-15,27,1,53,64,43,74,0
2026-02-15,27,2,81,81,61,101,2
2026-02-15,27,3,67,97,58,106,2
2026-02-15,27,4,74,105,65,114,1
2026-02-15,27,5,56,62,47,71,1
2026-02-15,27,6,50,50,43,57,0
2026-02-15,27,7,50,61,43,68,1
2026-02-15,27,8,59,64,53,70,0
2026-02-15,27,9,58,72,48,82,1
2026-02-15,27,10,67,67,52,82,0
2026-02-15,27,11,94,102,83,113,1
2026-02-15,27,12,84,102,66,120,2
2026-02-15,27,13,52,60,40,72,0
2026-02-15,27,14,60,60,49,71,1
2026-02-15,27,15,50,70,44,76,0
2026-02-15,27,16,62,69,56,75,0
2026-02-15,27,17,47,47,42,52,0
2026-02-15,27,18,68,68,51,85,0
2026-02-15,27,19,51,61,41,71,1
2026-02-15,27,20,49,72,39,82,2
2026-02-15,28,1,72,72,53,91,1
2026-02-15,28,2,54,70,43,81,0
2026-02-15,28,3,78,78,58,98,1
2026-02-15,28,4,71,88,54,105,0
2026-02-15,28,5,67,67,60,74,0
2026-02-15,28,6,63,76,56,83,0
2026-02-15,28,7,59,64,43,80,1
2026-02-15,28,8,54,54,35,73,0
2026-02-15,28,9,84,110,64,130,2
2026-02-15,28,10,71,71,52,90,1
2026-02-15,28,11,77,77,61,93,1
2026-02-15,28,12,70,99,57,112,2
2026-02-15,28,13,70,80,63,87,2
2026-02-15,28,14,53,53,41,65,0
2026-02-15,28,15,69,97,55,111,1
2026-02-15,28,16,93,101,77,117,0
2026-02-15,28,17,75,96,61,110,1
2026-02-15,28,18,59,65,54,70,1
2026-02-15,28,19,65,91,51,105,1
2026-02-15,28,20,62,62,54,70,1
2026-02-15,29,1,71,71,51,91,1
2026-02-15,29,2,53,53,47,59,1
2026-02-15,29,3,47,47,38,56,1
2026-02-15,29,4,40,49,32,57,0
2026-02-15,29,5,59,59,42,76,0
2026-02-15,29,6,49,49,40,58,1
2026-02-15,29,7,58,84,39,103,1
2026-02-15,29,8,49,49,37,61,1
2026-02-15,29,9,59,59,49,69,0
2026-02-15,29,10,50,50,38,62,0
2026-02-15,29,11,51,51,42,60,0
2026-02-15,29,12,52,52,38,66,0
2026-02-15,29,13,48,53,34,67,0
2026-02-15,29,14,54,67,40,81,1
2026-02-15,29,15,45,48,32,61,0
2026-02-15,29,16,62,62,45,79,1
2026-02-15,29,17,48,61,39,70,1
2026-02-15,29,18,64,73,46,91,0
2026-02-15,29,19,50,66,38,78,1
2026-02-15,29,20,48,65,31,82,1
2026-02-15,30,1,46,61,41,66,0
2026-02-15,30,2,61,61,53,69,1
2026-02-15,30,3,59,59,43,75,0
2026-02-15,30,4,65,65,51,79,1
2026-02-15,30,5,37,39,27,49,0
2026-02-15,30,6,61,88,43,106,0
2026-02-15,30,7,45,56,35,66,0
2026-02-15,30,8,54,54,47,61,0
2026-02-15,30,9,61,82,51,92,0
2026-02-15,30,10,51,71,38,84,1
2026-02-15,30,11,81,83,61,103,1
2026-02-15,30,12,50,73,43,80,0
2026-02-15,30,13,51,62,34,79,0
2026-02-15,30,14,47,47,42,52,0
2026-02-15,30,15,54,66,47,73,0
2026-02-15,30,16,58,83,50,91,1
2026-02-15,30,17,78,78,59,97,1
2026-02-15,30,18,56,64,40,80,0
2026-02-15,30,19,67,67,51,83,1
2026-02-15,30,20,73,99,54,118,0
2026-02-15,31,1,55,71,48,78,0
2026-02-15,31,2,52,69,38,83,0
2026-02-15,31,3,66,91,53,104,1
2026-02-15,31,4,58,71,51,78,0
2026-02-15,31,5,57,69,49,77,0
2026-02-15,31,6,66,66,53,79,0
2026-02-15,31,7,64,64,51,77,0
2026-02-15,31,8,60,64,47,77,0
2026-02-15,31,9,76,76,70,82,0
2026-02-15,31,10,63,85,50,98,1
2026-02-15,31,11,80,80,60,100,2
2026-02-15,31,12,72,72,54,90,2
2026-02-15,31,13,55,71,38,88,2
2026-02-15,31,14,66,75,47,94,1
2026-02-15,31,15,49,55,36,68,0
2026-02-15,31,16,76,76,57,95,1
2026-02-15,31,17,46,62,41,67,0
2026-02-15,31,18,82,105,63,124,2
2026-02-15,31,19,46,46,33,59,1
2026-02-15,31,20,42,42,32,52,0
2026-02-15,32,1,46,67,31,82,0
2026-02-15,32,2,36,36,30,42,0
2026-02-15,32,3,36,36,30,42,1
2026-02-15,32,4,37,37,32,42,0
2026-02-15,32,5,48,48,32,64,0
2026-02-15,32,6,54,63,39,78,0
2026-02-15,32,7,50,68,31,87,0
2026-02-15,32,8,51,51,31,71,1
2026-02-15,32,9,53,60,39,74,1
2026-02-15,32,10,52,52,32,72,1
2026-02-15,32,11,49,49,44,54,1
2026-02-15,32,12,45,47,35,57,0
2026-02-15,32,13,25,30,13,42,0
2026-02-15,32,14,48,63,36,75,1
2026-02-15,32,15,44,60,34,70,0
2026-02-15,32,16,48,54,37,65,1
2026-02-15,32,17,43,46,28,61,0
2026-02-15,32,18,48,48,34,62,0
2026-02-15,32,19,36,36,30,42,0
2026-02-15,32,20,48,48,28,68,0
2026-02-15,33,1,49,61,39,71,1
2026-02-15,33,2,39,48,34,53,0
2026-02-15,33,3,61,71,49,83,0
2026-02-15,33,4,43,53,36,60,0
2026-02-15,33,5,47,50,30,67,1
2026-02-15,33,6,55,55,45,65,0
2026-02-15,33,7,61,61,42,80,0
2026-02-15,33,8,42,42,37,47,0
2026-02-15,33,9,59,75,44,90,0
2026-02-15,33,10,49,61,41,69,0
2026-02-15,33,11,62,62,46,78,1
2026-02-15,33,12,52,54,43,63,1
2026-02-15,33,13,53,64,40,77,0
2026-02-15,33,14,51,51,44,58,0
2026-02-15,33,15,54,59,47,66,0
2026-02-15,33,16,50,50,43,57,0
2026-02-15,33,17,60,66,44,82,0
2026-02-15,33,18,53,54,45,62,0
2026-02-15,33,19,44,49,39,54,0
2026-02-15,33,20,38,38,30,46,0
2026-02-15,34,1,70,70,61,79,0
2026-02-15,34,2,77,78,61,94,0
2026-02-15,34,3,51,55,41,65,1
2026-02-15,34,4,59,59,50,68,1
2026-02-15,34,5,49,53,40,62,0
2026-02-15,34,6,75,84,55,104,0
2026-02-15,34,7,57,60,49,68,1
2026-02-15,34,8,54,55,48,61,1
2026-02-15,34,9,78,78,60,96,2
2026-02-15,34,10,54,54,44,64,0
2026-02-15,34,11,58,58,53,63,0
2026-02-15,34,12,70,70,54,86,0
2026-02-15,34,13,60,79,54,85,2
2026-02-15,34,14,62,73,56,79,1
2026-02-15,34,15,59,59,45,73,0
2026-02-15,34,16,61,61,44,78,0
2026-02-15,34,17,56,57,40,73,1
2026-02-15,34,18,55,55,46,64,1
2026-02-15,34,19,38,38,32,44,0
2026-02-15,34,20,70,70,56,84,2
2026-02-15,35,1,50,59,39,70,0
2026-02-15,35,2,51,56,34,73,0
2026-02-15,35,3,44,50,36,58,0
2026-02-15,35,4,49,61,35,75,0
2026-02-15,35,5,58,58,38,78,1
2026-02-15,35,6,58,58,44,72,0
2026-02-15,35,7,47,47,41,53,0
2026-02-15,35,8,60,60,52,68,0
2026-02-15,35,9,47,53,32,68,1
2026-02-15,35,10,44,45,36,53,0
2026-02-15,35,11,50,59,44,65,0
2026-02-15,35,12,66,78,51,93,1
2026-02-15,35,13,41,50,33,58,1
2026-02-15,35,14,53,65,46,72,1
2026-02-15,35,15,53,77,46,84,1
2026-02-15,35,16,49,61,42,68,0
2026-02-15,35,17,46,52,27,71,0
2026-02-15,35,18,60,63,43,80,0
2026-02-15,35,19,40,48,34,54,0
2026-02-15,35,20,53,71,33,91,1
2026-02-15,36,1,52,66,42,76,0
2026-02-15,36,2,84,92,64,112,2
2026-02-15,36,3,47,53,30,70,1
2026-02-15,36,4,37,37,32,42,0
2026-02-15,36,5,38,56,25,69,1
2026-02-15,36,6,51,56,36,71,1
2026-02-15,36,7,54,77,40,91,0
2026-02-15,36,8,56,76,37,95,2
2026-02-15,36,9,55,73,39,89,2
2026-02-15,36,10,45,45,37,53,0
2026-02-15,36,11,51,66,37,80,1
2026-02-15,36,12,67,73,48,92,0
2026-02-15,36,13,45,45,32,58,1
2026-02-15,36,14,61,61,49,73,1
2026-02-15,36,15,39,39,31,47,0
2026-02-15,36,16,61,85,41,105,0
2026-02-15,36,17,40,40,25,55,0
2026-02-15,36,18,50,56,37,69,1
2026-02-15,36,19,47,47,30,64,1
2026-02-15,36,20,44,44,30,58,1
2026-02-15,37,1,53,53,46,60,0
2026-02-15,37,2,57,60,43,74,0
2026-02-15,37,3,53,69,42,80,0
2026-02-15,37,4,81,110,61,130,2
2026-02-15,37,5,90,95,71,114,1
2026-02-15,37,6,92,92,73,111,0
2026-02-15,37,7,61,61,51,71,0
2026-02-15,37,8,63,93,51,105,2
2026-02-15,37,9,49,49,44,54,1
2026-02-15,37,10,60,60,43,77,0
2026-02-15,37,11,68,96,56,108,1
2026-02-15,37,12,70,83,57,96,0
2026-02-15,37,13,62,77,46,93,1
2026-02-15,37,14,62,65,47,80,1
2026-02-15,37,15,59,76,46,89,0
2026-02-15,37,16,62,62,44,80,0
2026-02-15,37,17,58,58,45,71,1
2026-02-15,37,18,57,75,52,80,0
2026-02-15,37,19,64,92,49,107,0
2026-02-15,37,20,85,99,65,119,0
2026-02-15,38,1,52,52,33,71,0
2026-02-15,38,2,55,69,46,78,1
2026-02-15,38,3,25,34,20,39,0
2026-02-15,38,4,46,46,39,53,0
2026-02-15,38,5,33,34,19,48,0
2026-02-15,38,6,58,76,47,87,0
2026-02-15,38,7,40,49,35,54,0
2026-02-15,38,8,68,74,54,88,2
2026-02-15,38,9,51,73,33,91,1
2026-02-15,38,10,55,76,37,94,1
2026-02-15,38,11,55,55,44,66,0
2026-02-15,38,12,43,53,33,63,1
2026-02-15,38,13,26,27,20,33,0
2026-02-15,38,14,43,43,34,52,0
2026-02-15,38,15,48,67,31,84,1
2026-02-15,38,16,50,50,33,67,0
2026-02-15,38,17,34,46,21,59,0
2026-02-15,38,18,44,62,36,70,0
2026-02-15,38,19,44,44,26,62,0
2026-02-15,38,20,52,52,37,67,1
2026-02-15,39,1,49,61,32,78,1
2026-02-15,39,2,48,70,33,85,0
2026-02-15,39,3,68,81,53,96,0
2026-02-15,39,4,45,52,38,59,1
2026-02-15,39,5,52,69,39,82,1
2026-02-15,39,6,54,57,39,72,0
2026-02-15,39,7,37,37,32,42,0
2026-02-15,39,8,45,45,39,51,0
2026-02-15,39,9,45,45,39,51,0
2026-02-15,39,10,48,70,40,78,0
2026-02-15,39,11,67,67,48,86,1
2026-02-15,39,12,55,67,36,86,1
2026-02-15,39,13,56,68,47,77,0
2026-02-15,39,14,55,55,49,61,0
2026-02-15,39,15,54,69,37,86,1
2026-02-15,39,16,60,88,47,101,0
2026-02-15,39,17,51,58,42,67,0
2026-02-15,39,18,29,43,23,49,0
2026-02-15,39,19,41,49,36,54,0
2026-02-15,39,20,38,41,29,50,0
2026-02-15,40,1,61,61,45,77,1
2026-02-15,40,2,71,85,63,93,2
2026-02-15,40,3,58,58,51,65,0
2026-02-15,40,4,77,77,57,97,2
2026-02-15,40,5,57,72,47,82,0
2026-02-15,40,6,70,95,54,111,1
2026-02-15,40,7,64,64,58,70,0
2026-02-15,40,8,62,79,57,84,0
2026-02-15,40,9,80,80,70,90,0
2026-02-15,40,10,67,67,47,87,1
2026-02-15,40,11,67,67,53,81,0
2026-02-15,40,12,73,92,56,109,1
2026-02-15,40,13,57,66,39,84,0
2026-02-15,40,14,83,105,76,112,2
2026-02-15,40,15,55,78,39,94,1
2026-02-15,40,16,65,78,48,95,0
2026-02-15,40,17,81,93,64,110,0
2026-02-15,40,18,64,80,45,99,1
2026-02-15,40,19,56,82,45,93,1
2026-02-15,40,20,67,87,56,98,0
2026-02-15,41,1,37,37,22,52,0
2026-02-15,41,2,50,55,33,72,1
2026-02-15,41,3,36,42,25,53,1
2026-02-15,41,4,49,66,33,82,1
2026-02-15,41,5,31,42,25,48,1
2026-02-15,41,6,53,53,47,59,0
2026-02-15,41,7,52,70,38,84,1
2026-02-15,41,8,46,46,32,60,1
2026-02-15,41,9,49,49,36,62,1
2026-02-15,41,10,47,49,42,54,0
2026-02-15,41,11,47,47,39,55,0
2026-02-15,41,12,49,63,37,75,0
2026-02-15,41,13,42,42,35,49,1
2026-02-15,41,14,50,72,44,78,1
2026-02-15,41,15,56,56,36,76,1
2026-02-15,41,16,45,45,29,61,1
2026-02-15,41,17,46,62,29,79,1
2026-02-15,41,18,51,60,33,78,0
2026-02-15,41,19,28,41,20,49,0
2026-02-15,41,20,52,77,39,90,1
2026-02-15,42,1,49,49,41,57,0
2026-02-15,42,2,47,47,37,57,0
2026-02-15,42,3,52,52,37,67,0
2026-02-15,42,4,65,73,49,89,0
2026-02-15,42,5,48,48,35,61,0
2026-02-15,42,6,47,47,33,61,0
2026-02-15,42,7,53,57,37,73,1
2026-02-15,42,8,43,63,30,76,0
2026-02-15,42,9,49,66,41,74,0
2026-02-15,42,10,16,16,9,23,0
2026-02-15,42,11,51,74,31,94,1
2026-02-15,42,12,61,61,44,78,0
2026-02-15,42,13,38,38,28,48,0
2026-02-15,42,14,38,38,32,44,0
2026-02-15,42,15,62,69,43,88,0
2026-02-15,42,16,54,73,47,80,0
2026-02-15,42,17,42,53,34,61,0
2026-02-15,42,18,39,39,26,52,0
2026-02-15,42,19,44,59,33,70,0
2026-02-15,42,20,43,56,25,74,1
2026-02-15,43,1,62,63,53,72,0
2026-02-15,43,2,59,59,44,74,0
2026-02-15,43,3,63,63,43,83,0
2026-02-15,43,4,64,64,53,75,1
2026-02-15,43,5,68,68,54,82,1
2026-02-15,43,6,61,73,56,78,0
2026-02-15,43,7,50,72,41,81,0
2026-02-15,43,8,55,57,41,71,1
2026-02-15,43,9,62,88,50,100,1
2026-02-15,43,10,63,64,45,82,0
2026-02-15,43,11,68,68,52,84,0
2026-02-15,43,12,48,55,41,62,1
2026-02-15,43,13,55,62,38,79,1
2026-02-15,43,14,54,69,47,76,1
2026-02-15,43,15,58,72,43,87,1
2026-02-15,43,16,81,81,64,98,1
2026-02-15,43,17,56,80,51,85,0
2026-02-15,43,18,50,50,42,58,1
2026-02-15,43,19,52,62,39,75,0
2026-02-15,43,20,55,78,38,95,2
2026-02-15,44,1,66,87,55,98,0
2026-02-15,44,2,65,71,45,91,1
2026-02-15,44,3,65,81,52,94,1
2026-02-15,44,4,68,91,61,98,1
2026-02-15,44,5,44,57,34,67,1
2026-02-15,44,6,50,50,38,62,0
2026-02-15,44,7,50,68,40,78,0
2026-02-15,44,8,59,59,50,68,0
2026-02-15,44,9,59,61,43,77,0
2026-02-15,44,10,37,37,29,45,0
2026-02-15,44,11,83,122,65,140,2
2026-02-15,44,12,60,79,47,92,1
2026-02-15,44,13,55,76,40,91,1
2026-02-15,44,14,60,62,41,81,1
2026-02-15,44,15,72,82,52,102,2
2026-02-15,44,16,64,87,48,103,1
2026-02-15,44,17,53,53,33,73,0
2026-02-15,44,18,57,61,39,79,0
2026-02-15,44,19,58,69,49,78,1
2026-02-15,44,20,53,53,43,63,0
2026-02-15,45,1,71,90,57,104,1
2026-02-15,45,2,72,72,60,84,1
2026-02-15,45,3,58,61,50,69,0
2026-02-15,45,4,50,50,42,58,1
2026-02-15,45,5,67,89,51,105,0
2026-02-15,45,6,68,75,56,87,0
2026-02-15,45,7,65,65,47,83,0
2026-02-15,45,8,42,56,29,69,0
2026-02-15,45,9,48,48,38,58,0
2026-02-15,45,10,65,65,54,76,1
2026-02-15,45,11,71,97,59,109,2
2026-02-15,45,12,57,57,42,72,0
2026-02-15,45,13,84,107,68,123,1
2026-02-15,45,14,65,90,50,105,2
2026-02-15,45,15,57,67,47,77,1
2026-02-15,45,16,65,72,55,82,0
2026-02-15,45,17,61,82,47,96,1
2026-02-15,45,18,62,77,48,91,0
2026-02-15,45,19,53,62,38,77,0
2026-02-15,45,20,64,64,48,80,1
2026-02-15,46,1,69,69,56,82,0
2026-02-15,46,2,68,68,60,76,1
2026-02-15,46,3,78,78,59,97,1
2026-02-15,46,4,59,64,49,74,1
2026-02-15,46,5,58,58,40,76,1
2026-02-15,46,6,72,107,53,126,2
2026-02-15,46,7,66,66,53,79,1
2026-02-15,46,8,65,65,48,82,0
2026-02-15,46,9,73,73,55,91,1
2026-02-15,46,10,35,37,30,42,0
2026-02-15,46,11,65,65,55,75,1
2026-02-15,46,12,75,98,57,116,1
2026-02-15,46,13,66,79,46,99,1
2026-02-15,46,14,56,56,50,62,0
2026-02-15,46,15,50,68,44,74,1
2026-02-15,46,16,69,69,52,86,0
2026-02-15,46,17,65,65,51,79,0
2026-02-15,46,18,49,49,36,62,0
2026-02-15,46,19,68,80,55,93,0
2026-02-15,46,20,66,66,59,73,1
2026-02-15,47,1,73,73,54,92,1
2026-02-15,47,2,79,82,62,99,0
2026-02-15,47,3,73,88,54,107,1
2026-02-15,47,4,82,116,63,135,1
2026-02-15,47,5,67,67,59,75,0
2026-02-15,47,6,70,81,63,88,0
2026-02-15,47,7,56,56,36,76,0
2026-02-15,47,8,89,121,77,133,1
2026-02-15,47,9,70,70,58,82,1
2026-02-15,47,10,64,94,53,105,0
2026-02-15,47,11,93,108,77,124,0
2026-02-15,47,12,55,55,50,60,1
2026-02-15,47,13,60,85,54,91,0
2026-02-15,47,14,66,84,53,97,0
2026-02-15,47,15,89,126,69,146,1
2026-02-15,47,16,73,73,60,86,0
2026-02-15,47,17,66,78,58,86,0
2026-02-15,47,18,77,100,57,120,0
2026-02-15,47,19,41,60,35,66,0
2026-02-15,47,20,91,91,86,96,0
2026-02-15,48,1,53,53,47,59,1
2026-02-15,48,2,61,61,42,80,0
2026-02-15,48,3,55,64,48,71,0
2026-02-15,48,4,43,63,36,70,0
2026-02-15,48,5,62,82,49,95,1
2026-02-15,48,6,63,63,45,81,0
2026-02-15,48,7,49,56,40,65,1
2026-02-15,48,8,41,41,33,49,0
2026-02-15,48,9,63,93,48,108,0
2026-02-15,48,10,57,75,40,92,0
2026-02-15,48,11,56,67,45,78,1
2026-02-15,48,12,62,62,42,82,1
2026-02-15,48,13,46,49,28,67,1
2026-02-15,48,14,60,65,54,71,1
2026-02-15,48,15,54,54,42,66,0
2026-02-15,48,16,51,51,37,65,0
2026-02-15,48,17,53,59,40,72,1
2026-02-15,48,18,47,62,39,70,0
2026-02-15,48,19,71,85,52,104,1
2026-02-15,48,20,49,49,42,56,0
2026-02-15,49,1,51,51,39,63,0
2026-02-15,49,2,61,64,43,82,1
2026-02-15,49,3,41,43,31,53,0
2026-02-15,49,4,54,59,45,68,0
2026-02-15,49,5,43,43,30,56,0
2026-02-15,49,6,59,71,40,90,1
2026-02-15,49,7,39,39,34,44,0
2026-02-15,49,8,57,67,52,72,1
2026-02-15,49,9,45,45,28,62,0
2026-02-15,49,10,43,58,28,73,0
2026-02-15,49,11,60,66,42,84,0
2026-02-15,49,12,42,42,32,52,1
2026-02-15,49,13,38,38,29,47,0
2026-02-15,49,14,55,55,36,74,1
2026-02-15,49,15,51,61,38,74,0
2026-02-15,49,16,39,55,32,62,0
2026-02-15,49,17,44,44,37,51,1
2026-02-15,49,18,66,74,55,85,1
2026-02-15,49,19,42,42,34,50,0
2026-02-15,49,20,46,50,31,65,1
2026-02-15,50,1,67,94,48,113,1
2026-02-15,50,2,55,81,42,94,0
2026-02-15,50,3,49,54,29,74,0
2026-02-15,50,4,52,61,45,68,1
2026-02-15,50,5,30,31,22,39,0
2026-02-15,50,6,56,59,42,73,0
2026-02-15,50,7,70,70,51,89,0
2026-02-15,50,8,47,47,33,61,0
2026-02-15,50,9,54,77,37,94,1
2026-02-15,50,10,57,57,40,74,1
2026-02-15,50,11,63,63,52,74,0
2026-02-15,50,12,69,71,62,78,0
2026-02-15,50,13,42,43,35,50,0
2026-02-15,50,14,59,59,51,67,0
2026-02-15,50,15,54,75,38,91,1
2026-02-15,50,16,55,55,50,60,0
2026-02-15,50,17,24,24,16,32,0
2026-02-15,50,18,64,64,45,83,0
2026-02-15,50,19,35,45,24,56,1
2026-02-15,50,20,56,83,41,98,1
2026-02-22,1,1,64,70,46,88,0
2026-02-22,1,2,70,70,51,89,1
2026-02-22,1,3,77,91,60,108,0
2026-02-22,1,4,70,91,61,100,2
2026-02-22,1,5,54,54,46,62,1
2026-02-22,1,6,58,58,43,73,1
2026-02-22,1,7,49,49,40,58,0
2026-02-22,1,8,58,58,45,71,0
2026-02-22,1,9,56,78,46,88,1
2026-02-22,1,10,44,52,35,61,1
2026-02-22,1,11,61,61,48,74,1
2026-02-22,1,12,61,73,53,81,0
2026-02-22,1,13,52,52,42,62,1
2026-02-22,1,14,70,70,52,88,0
2026-02-22,1,15,54,74,35,93,1
2026-02-22,1,16,66,73,49,90,0
2026-02-22,1,17,54,71,41,84,1
2026-02-22,1,18,59,72,53,78,0
2026-02-22,1,19,63,86,48,101,2
2026-02-22,1,20,52,55,35,72,0
2026-02-22,2,1,20,20,14,26,0
2026-02-22,2,2,44,44,27,61,1
2026-02-22,2,3,44,61,26,79,1
2026-02-22,2,4,50,50,37,63,1
2026-02-22,2,5,34,34,25,43,0
2026-02-22,2,6,44,54,34,64,0
2026-02-22,2,7,43,49,35,57,0
2026-02-22,2,8,34,34,22,46,0
2026-02-22,2,9,51,51,42,60,0
2026-02-22,2,10,41,41,23,59,0
2026-02-22,2,11,58,85,39,104,1
2026-02-22,2,12,40,54,35,59,1
2026-02-22,2,13,33,35,28,40,0
2026-02-22,2,14,55,55,47,63,1
2026-02-22,2,15,48,58,35,71,1
2026-02-22,2,16,41,41,35,47,0
2026-02-22,2,17,38,46,23,61,0
2026-02-22,2,18,48,57,43,62,0
2026-02-22,2,19,37,40,28,49,0
2026-02-22,2,20,49,66,38,77,1
2026-02-22,3,1,56,81,41,96,0
2026-02-22,3,2,56,63,45,74,0
2026-02-22,3,3,40,59,25,74,1
2026-02-22,3,4,66,72,47,91,1
2026-02-22,3,5,47,47,28,66,0
2026-02-22,3,6,38,38,33,43,0
2026-02-22,3,7,52,71,39,84,0
2026-02-22,3,8,42,52,33,61,0
2026-02-22,3,9,59,75,42,92,0
2026-02-22,3,10,50,66,30,86,1
2026-02-22,3,11,69,72,50,91,0
2026-02-22,3,12,53,65,39,79,1
2026-02-22,3,13,64,64,46,82,0
2026-02-22,3,14,55,57,46,66,1
2026-02-22,3,15,46,47,39,54,0
2026-02-22,3,16,53,79,35,97,1
2026-02-22,3,17,42,58,27,73,0
2026-02-22,3,18,54,69,43,80,1
2026-02-22,3,19,24,34,4,54,0
2026-02-22,3,20,49,51,30,70,0
2026-02-22,4,1,57,57,48,66,1
2026-02-22,4,2,81,119,65,135,3
2026-02-22,4,3,60,65,46,79,0
2026-02-22,4,4,50,62,45,67,1
2026-02-22,4,5,69,88,56,101,0
2026-02-22,4,6,86,123,67,142,0
2026-02-22,4,7,63,63,57,69,1
2026-02-22,4,8,66,87,57,96,1
2026-02-22,4,9,91,112,74,129,1
2026-02-22,4,10,63,66,52,77,1
2026-02-22,4,11,67,67,51,83,1
2026-02-22,4,12,64,86,56,94,0
2026-02-22,4,13,55,55,49,61,1
2026-02-22,4,14,67,67,57,77,0
2026-02-22,4,15,36,45,29,52,1
2026-02-22,4,16,82,82,70,94,0
2026-02-22,4,17,58,76,48,86,2
2026-02-22,4,18,55,57,42,70,1
2026-02-22,4,19,52,60,47,65,0
2026-02-22,4,20,67,88,49,106,1
2026-02-22,5,1,46,56,38,64,1
2026-02-22,5,2,46,54,35,65,0
2026-02-22,5,3,50,61,30,81,1
2026-02-22,5,4,41,41,36,46,0
2026-02-22,5,5,40,40,31,49,1
2026-02-22,5,6,47,47,27,67,0
2026-02-22,5,7,56,72,40,88,0
2026-02-22,5,8,32,38,27,43,0
2026-02-22,5,9,32,32,26,38,0
2026-02-22,5,10,36,42,22,56,0
2026-02-22,5,11,40,40,33,47,0
2026-02-22,5,12,32,36,24,44,0
2026-02-22,5,13,29,29,19,39,0
2026-02-22,5,14,49,58,40,67,1
2026-02-22,5,15,43,43,29,57,0
2026-02-22,5,16,49,60,31,78,0
2026-02-22,5,17,39,39,28,50,0
2026-02-22,5,18,49,49,29,69,0
2026-02-22,5,19,46,46,32,60,0
2026-02-22,5,20,37,37,20,54,0
2026-02-22,6,1,48,71,37,82,0
2026-02-22,6,2,50,56,41,65,1
2026-02-22,6,3,52,61,45,68,0
2026-02-22,6,4,45,54,36,63,0
2026-02-22,6,5,48,53,37,64,0
2026-02-22,6,6,40,40,33,47,0
2026-02-22,6,7,55,67,40,82,1
2026-02-22,6,8,47,62,39,70,0
2026-02-22,6,9,61,61,49,73,0
2026-02-22,6,10,48,65,34,79,0
2026-02-22,6,11,41,61,36,66,0
2026-02-22,6,12,56,77,43,90,1
2026-02-22,6,13,52,59,44,67,1
2026-02-22,6,14,49,49,42,56,0
2026-02-22,6,15,54,68,46,76,1
2026-02-22,6,16,43,50,36,57,1
2026-02-22,6,17,48,48,43,53,0
2026-02-22,6,18,45,47,35,57,0
2026-02-22,6,19,41,46,30,57,0
2026-02-22,6,20,47,47,31,63,0
2026-02-22,7,1,74,78,61,91,1
2026-02-22,7,2,56,56,39,73,1
2026-02-22,7,3,49,64,31,82,0
2026-02-22,7,4,32,41,27,46,0
2026-02-22,7,5,35,35,23,47,0
2026-02-22,7,6,53,53,41,65,0
2026-02-22,7,7,37,46,32,51,0
2026-02-22,7,8,51,51,38,64,1
2026-02-22,7,9,53,69,48,74,0
2026-02-22,7,10,52,68,38,82,0
2026-02-22,7,11,57,57,50,64,0
2026-02-22,7,12,59,82,40,101,0
2026-02-22,7,13,50,50,41,59,0
2026-02-22,7,14,59,59,45,73,0
2026-02-22,7,15,44,48,39,53,0
2026-02-22,7,16,51,62,33,80,0
2026-02-22,7,17,47,55,32,70,1
2026-02-22,7,18,63,79,47,95,0
2026-02-22,7,19,41,41,21,61,0
2026-02-22,7,20,56,56,40,72,0
2026-02-22,8,1,45,54,27,72,0
2026-02-22,8,2,38,38,30,46,0
2026-02-22,8,3,50,50,40,60,1
2026-02-22,8,4,50,50,31,69,1
2026-02-22,8,5,46,57,31,72,0
2026-02-22,8,6,32,43,26,49,0
2026-02-22,8,7,41,41,28,54,0
2026-02-22,8,8,52,71,34,89,0
2026-02-22,8,9,39,39,34,44,1
2026-02-22,8,10,32,46,22,56,0
2026-02-22,8,11,52,52,33,71,0
2026-02-22,8,12,47,47,28,66,0
2026-02-22,8,13,36,36,23,49,0
2026-02-22,8,14,46,46,34,58,0
2026-02-22,8,15,45,59,34,70,0
2026-02-22,8,16,36,36,20,52,0
2026-02-22,8,17,46,46,34,58,0
2026-02-22,8,18,48,52,30,70,0
2026-02-22,8,19,41,41,31,51,0
2026-02-22,8,20,28,28,22,34,0
2026-02-22,9,1,56,69,51,74,0
2026-02-22,9,2,70,87,54,103,0
2026-02-22,9,3,70,90,65,95,0
2026-02-22,9,4,57,82,48,91,1
2026-02-22,9,5,41,47,34,54,0
2026-02-22,9,6,76,105,57,124,2
2026-02-22,9,7,75,75,57,93,0
2026-02-22,9,8,54,78,47,85,1
2026-02-22,9,9,76,82,58,100,0
2026-02-22,9,10,68,83,50,101,1
2026-02-22,9,11,75,75,60,90,1
2026-02-22,9,12,53,56,47,62,1
2026-02-22,9,13,54,54,45,63,0
2026-02-22,9,14,77,77,61,93,1
2026-02-22,9,15,61,89,47,103,1
2026-02-22,9,16,50,50,35,65,1
2026-02-22,9,17,75,89,60,104,0
2026-02-22,9,18,61,61,45,77,0
2026-02-22,9,19,54,77,44,87,1
2026-02-22,9,20,56,75,43,88,0
2026-02-22,10,1,64,64,53,75,1
2026-02-22,10,2,74,92,67,99,0
2026-02-22,10,3,59,87,53,93,2
2026-02-22,10,4,77,77,64,90,0
2026-02-22,10,5,64,88,54,98,2
2026-02-22,10,6,94,103,80,117,1
2026-02-22,10,7,65,69,52,82,2
2026-02-22,10,8,63,63,56,70,0
2026-02-22,10,9,66,66,60,72,1
2026-02-22,10,10,71,88,52,107,1
2026-02-22,10,11,94,94,84,104,0
2026-02-22,10,12,80,80,64,96,1
2026-02-22,10,13,52,64,45,71,0
2026-02-22,10,14,68,68,62,74,0
2026-02-22,10,15,47,68,40,75,1
2026-02-22,10,16,70,70,57,83,1
2026-02-22,10,17,64,72,45,91,0
2026-02-22,10,18,57,57,37,77,1
2026-02-22,10,19,65,94,59,100,0
2026-02-22,10,20,75,75,59,91,0
2026-02-22,11,1,44,51,39,56,0
2026-02-22,11,2,45,46,39,52,0
2026-02-22,11,3,39,45,30,54,1
2026-02-22,11,4,71,71,53,89,2
2026-02-22,11,5,26,26,21,31,0
2026-02-22,11,6,48,51,40,59,0
2026-02-22,11,7,55,55,45,65,1
2026-02-22,11,8,62,79,43,98,1
2026-02-22,11,9,64,76,53,87,0
2026-02-22,11,10,60,75,41,94,1
2026-02-22,11,11,47,60,42,65,1
2026-02-22,11,12,55,55,44,66,0
2026-02-22,11,13,52,52,38,66,1
2026-02-22,11,14,59,68,41,86,1
2026-02-22,11,15,30,30,24,36,0
2026-02-22,11,16,69,69,54,84,1
2026-02-22,11,17,49,49,34,64,0
2026-02-22,11,18,56,80,43,93,2
2026-02-22,11,19,38,44,28,54,0
2026-02-22,11,20,57,57,40,74,0
2026-02-22,12,1,68,89,59,98,0
2026-02-22,12,2,61,64,49,76,1
2026-02-22,12,3,47,47,35,59,0
2026-02-22,12,4,66,76,47,95,0
2026-02-22,12,5,32,32,25,39,0
2026-02-22,12,6,63,71,46,88,0
2026-02-22,12,7,61,61,55,67,1
2026-02-22,12,8,65,65,46,84,1
2026-02-22,12,9,76,76,69,83,0
2026-02-22,12,10,61,77,44,94,1
2026-02-22,12,11,61,77,42,96,1
2026-02-22,12,12,64,64,45,83,0
2026-02-22,12,13,52,52,34,70,0
2026-02-22,12,14,52,52,32,72,0
2026-02-22,12,15,56,58,49,65,0
2026-02-22,12,16,71,72,64,79,1
2026-02-22,12,17,48,48,38,58,0
2026-02-22,12,18,66,74,60,80,1
2026-02-22,12,19,37,54,30,61,0
2026-02-22,12,20,64,64,52,76,1
2026-02-22,13,1,69,85,56,98,2
2026-02-22,13,2,61,61,49,73,0
2026-02-22,13,3,66,80,57,89,0
2026-02-22,13,4,98,98,79,117,2
2026-02-22,13,5,66,66,53,79,0
2026-02-22,13,6,65,88,48,105,0
2026-02-22,13,7,79,88,65,102,0
2026-02-22,13,8,69,97,58,108,2
2026-02-22,13,9,78,78,58,98,1
2026-02-22,13,10,84,84,72,96,1
2026-02-22,13,11,90,127,84,133,1
2026-02-22,13,12,68,68,56,80,1
2026-02-22,13,13,70,70,65,75,1
2026-02-22,13,14,89,89,71,107,0
2026-02-22,13,15,85,101,73,113,0
2026-02-22,13,16,110,110,91,129,2
2026-02-22,13,17,68,95,48,115,1
2026-02-22,13,18,62,70,54,78,1
2026-02-22,13,19,70,70,57,83,1
2026-02-22,13,20,82,98,72,108,0
2026-02-22,14,1,54,56,35,75,1
2026-02-22,14,2,62,82,47,97,0
2026-02-22,14,3,58,59,38,79,0
2026-02-22,14,4,69,69,49,89,1
2026-02-22,14,5,67,67,50,84,1
2026-02-22,14,6,54,65,43,76,0
2026-02-22,14,7,49,49,34,64,1
2026-02-22,14,8,46,46,38,54,0
2026-02-22,14,9,57,76,41,92,1
2026-02-22,14,10,66,66,46,86,1
2026-02-22,14,11,43,63,35,71,0
2026-02-22,14,12,54,77,41,90,1
2026-02-22,14,13,50,50,36,64,0
2026-02-22,14,14,48,52,36,64,0
2026-02-22,14,15,53,67,39,81,0
2026-02-22,14,16,53,54,38,69,1
2026-02-22,14,17,45,53,32,66,0
2026-02-22,14,18,45,63,27,81,0
2026-02-22,14,19,40,50,30,60,0
2026-02-22,14,20,55,60,46,69,0
2026-02-22,15,1,60,84,45,99,2
2026-02-22,15,2,38,56,33,61,1
2026-02-22,15,3,39,39,27,51,0
2026-02-22,15,4,48,49,31,66,1
2026-02-22,15,5,25,25,19,31,0
2026-02-22,15,6,52,52,32,72,0
2026-02-22,15,7,37,38,32,43,0
2026-02-22,15,8,33,33,26,40,0
2026-02-22,15,9,49,49,38,60,1
2026-02-22,15,10,39,39,21,57,0
2026-02-22,15,11,64,64,45,83,1
2026-02-22,15,12,48,59,28,79,0
2026-02-22,15,13,49,58,37,70,1
2026-02-22,15,14,44,50,33,61,0
2026-02-22,15,15,52,61,36,77,1
2026-02-22,15,16,63,88,43,108,2
2026-02-22,15,17,19,19,14,24,0
2026-02-22,15,18,47,50,41,56,0
2026-02-22,15,19,10,14,5,19,0
2026-02-22,15,20,51,51,32,70,0
2026-02-22,16,1,49,49,39,59,0
2026-02-22,16,2,67,86,49,104,0
2026-02-22,16,3,46,46,29,63,1
2026-02-22,16,4,46,52,34,64,1
2026-02-22,16,5,73,91,56,108,1
2026-02-22,16,6,49,49,35,63,0
2026-02-22,16,7,48,52,42,58,1
2026-02-22,16,8,48,55,30,73,1
2026-02-22,16,9,63,63,45,81,0
2026-02-22,16,10,38,53,31,60,1
2026-02-22,16,11,60,60,49,71,1
2026-02-22,16,12,45,62,32,75,1
2026-02-22,16,13,52,52,37,67,0
2026-02-22,16,14,55,55,47,63,1
2026-02-22,16,15,65,65,46,84,0
2026-02-22,16,16,55,55,38,72,0
2026-02-22,16,17,62,73,45,90,0
2026-02-22,16,18,59,77,49,87,2
2026-02-22,16,19,41,49,36,54,0
2026-02-22,16,20,38,38,33,43,0
2026-02-22,17,1,65,65,46,84,0
2026-02-22,17,2,52,52,32,72,0
2026-02-22,17,3,50,51,43,58,0
2026-02-22,17,4,48,61,34,75,1
2026-02-22,17,5,34,46,27,53,0
2026-02-22,17,6,46,48,35,59,1
2026-02-22,17,7,41,54,26,69,0
2026-02-22,17,8,41,45,32,54,0
2026-02-22,17,9,39,42,29,52,1
2026-02-22,17,10,36,36,26,46,0
2026-02-22,17,11,62,83,53,92,1
2026-02-22,17,12,50,61,38,73,1
2026-02-22,17,13,37,37,23,51,0
2026-02-22,17,14,48,54,43,59,1
2026-02-22,17,15,54,70,37,87,0
2026-02-22,17,16,44,55,36,63,1
2026-02-22,17,17,54,54,37,71,0
2026-02-22,17,18,43,62,37,68,1
2026-02-22,17,19,50,59,35,74,0
2026-02-22,17,20,31,35,25,41,0
2026-02-22,18,1,74,74,64,84,1
2026-02-22,18,2,67,69,47,89,1
2026-02-22,18,3,72,95,64,103,2
2026-02-22,18,4,80,91,61,110,1
2026-02-22,18,5,87,127,72,142,3
2026-02-22,18,6,103,145,95,153,2
2026-02-22,18,7,72,72,56,88,0
2026-02-22,18,8,70,96,56,110,1
2026-02-22,18,9,75,91,58,108,0
2026-02-22,18,10,80,80,66,94,1
2026-02-22,18,11,89,104,74,119,1
2026-02-22,18,12,73,109,63,119,0
2026-02-22,18,13,81,81,62,100,0
2026-02-22,18,14,86,108,66,128,1
2026-02-22,18,15,64,64,52,76,0
2026-02-22,18,16,71,87,61,97,0
2026-02-22,18,17,87,107,70,124,2
2026-02-22,18,18,48,48,37,59,0
2026-02-22,18,19,82,89,65,106,1
2026-02-22,18,20,72,90,58,104,2
2026-02-22,19,1,35,52,29,58,0
2026-02-22,19,2,62,92,53,101,1
2026-02-22,19,3,61,74,43,92,0
2026-02-22,19,4,48,63,39,72,1
2026-02-22,19,5,37,47,32,52,0
2026-02-22,19,6,59,83,53,89,0
2026-02-22,19,7,58,82,43,97,0
2026-02-22,19,8,47,63,41,69,0
2026-02-22,19,9,50,54,37,67,0
2026-02-22,19,10,43,43,27,59,0
2026-02-22,19,11,56,56,45,67,0
2026-02-22,19,12,84,84,64,104,1
2026-02-22,19,13,50,55,31,74,0
2026-02-22,19,14,58,58,51,65,0
2026-02-22,19,15,46,46,39,53,1
2026-02-22,19,16,51,57,36,72,0
2026-02-22,19,17,49,63,40,72,0
2026-02-22,19,18,70,70,54,86,1
2026-02-22,19,19,35,51,27,59,0
2026-02-22,19,20,57,57,39,75,1
2026-02-22,20,1,50,67,44,73,1
2026-02-22,20,2,57,59,44,72,1
2026-02-22,20,3,31,40,22,49,0
2026-02-22,20,4,46,61,37,70,0
2026-02-22,20,5,42,42,28,56,0
2026-02-22,20,6,69,69,52,86,0
2026-02-22,20,7,65,65,50,80,0
2026-02-22,20,8,69,78,49,98,1
2026-02-22,20,9,55,70,46,79,1
2026-02-22,20,10,62,62,48,76,0
2026-02-22,20,11,55,55,50,60,1
2026-02-22,20,12,58,58,43,73,0
2026-02-22,20,13,49,49,40,58,1
2026-02-22,20,14,81,81,71,91,0
2026-02-22,20,15,46,46,40,52,1
2026-02-22,20,16,35,35,30,40,0
2026-02-22,20,17,49,56,43,62,1
2026-02-22,20,18,51,58,42,67,0
2026-02-22,20,19,53,76,35,94,0
2026-02-22,20,20,35,44,29,50,0
2026-02-22,21,1,73,84,57,100,1
2026-02-22,21,2,41,49,36,54,0
2026-02-22,21,3,54,74,38,90,0
2026-02-22,21,4,58,58,40,76,1
2026-02-22,21,5,53,53,37,69,0
2026-02-22,21,6,60,78,45,93,0
2026-02-22,21,7,41,61,36,66,0
2026-02-22,21,8,52,65,40,77,1
2026-02-22,21,9,55,55,40,70,1
2026-02-22,21,10,44,44,33,55,0
2026-02-22,21,11,46,51,37,60,0
2026-02-22,21,12,86,89,70,105,2
2026-02-22,21,13,45,45,28,62,0
2026-02-22,21,14,44,52,38,58,0
2026-02-22,21,15,47,47,32,62,1
2026-02-22,21,16,57,62,39,80,1
2026-02-22,21,17,51,61,34,78,1
2026-02-22,21,18,36,48,19,65,1
2026-02-22,21,19,55,74,43,86,0
2026-02-22,21,20,47,67,29,85,1
2026-02-22,22,1,46,46,38,54,1
2026-02-22,22,2,56,79,45,90,0
2026-02-22,22,3,53,68,43,78,0
2026-02-22,22,4,46,46,30,62,0
2026-02-22,22,5,47,54,36,65,0
2026-02-22,22,6,48,48,40,56,0
2026-02-22,22,7,43,56,38,61,0
2026-02-22,22,8,40,58,29,69,0
2026-02-22,22,9,43,51,38,56,0
2026-02-22,22,10,52,52,33,71,1
2026-02-22,22,11,64,92,50,106,2
2026-02-22,22,12,53,53,48,58,0
2026-02-22,22,13,42,42,36,48,1
2026-02-22,22,14,48,64,42,70,0
2026-02-22,22,15,58,72,40,90,0
2026-02-22,22,16,60,60,46,74,1
2026-02-22,22,17,53,73,34,92,1
2026-02-22,22,18,42,42,37,47,0
2026-02-22,22,19,61,61,48,74,1
2026-02-22,22,20,69,69,57,81,1
2026-02-22,23,1,50,70,34,86,1
2026-02-22,23,2,40,53,21,72,0
2026-02-22,23,3,35,35,19,51,0
2026-02-22,23,4,57,82,44,95,1
2026-02-22,23,5,46,59,36,69,0
2026-02-22,23,6,52,63,39,76,0
2026-02-22,23,7,51,51,32,70,1
2026-02-22,23,8,48,48,35,61,0
2026-02-22,23,9,56,56,48,64,1
2026-02-22,23,10,57,69,46,80,0
2026-02-22,23,11,63,63,49,77,1
2026-02-22,23,12,50,50,42,58,0
2026-02-22,23,13,51,69,37,83,2
2026-02-22,23,14,39,56,32,63,1
2026-02-22,23,15,46,65,37,74,0
2026-02-22,23,16,52,52,37,67,0
2026-02-22,23,17,64,65,44,85,0
2026-02-22,23,18,55,76,37,94,0
2026-02-22,23,19,45,45,25,65,0
2026-02-22,23,20,46,50,39,57,1
2026-02-22,24,1,61,67,45,83,0
2026-02-22,24,2,73,73,54,92,0
2026-02-22,24,3,81,90,67,104,1
2026-02-22,24,4,70,70,53,87,0
2026-02-22,24,5,60,60,43,77,0
2026-02-22,24,6,65,92,54,103,2
2026-02-22,24,7,44,46,33,57,0
2026-02-22,24,8,52,52,47,57,1
2026-02-22,24,9,65,93,52,106,0
2026-02-22,24,10,57,58,48,67,0
2026-02-22,24,11,63,63,57,69,1
2026-02-22,24,12,54,54,40,68,0
2026-02-22,24,13,62,89,42,109,0
2026-02-22,24,14,67,82,49,100,2
2026-02-22,24,15,63,63,49,77,0
2026-02-22,24,16,67,67,50,84,1
2026-02-22,24,17,100,106,82,124,2
2026-02-22,24,18,63,73,51,85,0
2026-02-22,24,19,72,92,58,106,2
2026-02-22,24,20,59,59,48,70,1
2026-02-22,25,1,69,69,56,82,1
2026-02-22,25,2,75,83,66,92,1
2026-02-22,25,3,79,79,66,92,0
2026-02-22,25,4,82,93,69,106,1
2026-02-22,25,5,64,82,59,87,0
2026-02-22,25,6,82,122,64,140,0
2026-02-22,25,7,79,105,66,118,0
2026-02-22,25,8,87,125,79,133,3
2026-02-22,25,9,73,91,67,97,1
2026-02-22,25,10,68,68,54,82,1
2026-02-22,25,11,84,84,71,97,2
2026-02-22,25,12,83,113,66,130,1
2026-02-22,25,13,76,76,61,91,1
2026-02-22,25,14,74,106,61,119,2
2026-02-22,25,15,79,106,65,120,1
2026-02-22,25,16,79,101,60,120,0
2026-02-22,25,17,67,67,53,81,1
2026-02-22,25,18,80,80,65,95,2
2026-02-22,25,19,82,117,62,137,1
2026-02-22,25,20,58,78,49,87,0
2026-02-22,26,1,60,65,53,72,1
2026-02-22,26,2,51,51,38,64,1
2026-02-22,26,3,39,46,34,51,0
2026-02-22,26,4,69,85,52,102,1
2026-02-22,26,5,52,59,37,74,1
2026-02-22,26,6,57,83,46,94,1
2026-02-22,26,7,33,47,26,54,0
2026-02-22,26,8,45,66,25,86,0
2026-02-22,26,9,35,35,29,41,0
2026-02-22,26,10,52,67,41,78,1
2026-02-22,26,11,63,66,49,80,1
2026-02-22,26,12,65,65,52,78,0
2026-02-22,26,13,59,59,40,78,0
2026-02-22,26,14,61,84,50,95,1
2026-02-22,26,15,49,63,34,78,0
2026-02-22,26,16,48,60,43,65,0
2026-02-22,26,17,53,61,34,80,0
2026-02-22,26,18,45,65,32,78,1
2026-02-22,26,19,47,69,40,76,0
2026-02-22,26,20,61,81,41,101,0
2026-02-22,27,1,65,65,54,76,1
2026-02-22,27,2,51,64,46,69,0
2026-02-22,27,3,66,87,59,94,0
2026-02-22,27,4,54,54,41,67,0
2026-02-22,27,5,69,69,56,82,1
2026-02-22,27,6,71,85,59,97,0
2026-02-22,27,7,68,68,50,86,0
2026-02-22,27,8,70,70,58,82,0
2026-02-22,27,9,68,68,58,78,0
2026-02-22,27,10,52,70,43,79,1
2026-02-22,27,11,79,95,59,115,0
2026-02-22,27,12,52,56,46,62,0
2026-02-22,27,13,60,60,41,79,0
2026-02-22,27,14,49,49,43,55,0
2026-02-22,27,15,56,82,44,94,2
2026-02-22,27,16,80,114,72,122,1
2026-02-22,27,17,51,51,45,57,0
2026-02-22,27,18,81,90,62,109,1
2026-02-22,27,19,54,59,41,72,0
2026-02-22,27,20,58,58,51,65,0
2026-02-22,28,1,75,101,59,117,2
2026-02-22,28,2,64,64,53,75,0
2026-02-22,28,3,60,78,47,91,0
2026-02-22,28,4,61,62,45,78,0
2026-02-22,28,5,66,66,57,75,1
2026-02-22,28,6,46,60,38,68,0
2026-02-22,28,7,73,103,67,109,1
2026-02-22,28,8,55,55,46,64,0
2026-02-22,28,9,80,108,66,122,1
2026-02-22,28,10,63,94,52,105,2
2026-02-22,28,11,63,65,54,74,0
2026-02-22,28,12,42,48,36,54,0
2026-02-22,28,13,65,65,53,77,0
2026-02-22,28,14,77,94,57,114,2
2026-02-22,28,15,55,69,47,77,0
2026-02-22,28,16,64,64,57,71,0
2026-02-22,28,17,52,52,39,65,0
2026-02-22,28,18,63,63,47,79,1
2026-02-22,28,19,50,70,36,84,1
2026-02-22,28,20,62,84,43,103,2
2026-02-22,29,1,59,78,52,85,1
2026-02-22,29,2,51,51,42,60,0
2026-02-22,29,3,64,89,44,109,0
2026-02-22,29,4,71,71,53,89,2
2026-02-22,29,5,60,66,48,78,0
2026-02-22,29,6,56,56,37,75,0
2026-02-22,29,7,48,48,36,60,1
2026-02-22,29,8,45,61,37,69,1
2026-02-22,29,9,75,104,57,122,0
2026-02-22,29,10,49,55,37,67,1
2026-02-22,29,11,52,52,42,62,0
2026-02-22,29,12,66,66,48,84,0
2026-02-22,29,13,51,51,39,63,0
2026-02-22,29,14,61,68,41,88,1
2026-02-22,29,15,47,51,38,60,0
2026-02-22,29,16,66,88,49,105,0
2026-02-22,29,17,40,41,31,50,1
2026-02-22,29,18,49,49,37,61,0
2026-02-22,29,19,45,58,30,73,0
2026-02-22,29,20,61,61,53,69,0
2026-02-22,30,1,56,56,48,64,1
2026-02-22,30,2,67,73,47,93,1
2026-02-22,30,3,67,92,51,108,1
2026-02-22,30,4,53,53,38,68,1
2026-02-22,30,5,50,73,42,81,0
2026-02-22,30,6,61,61,54,68,1
2026-02-22,30,7,78,78,58,98,2
2026-02-22,30,8,54,74,49,79,0
2026-02-22,30,9,80,114,61,133,2
2026-02-22,30,10,56,56,51,61,0
2026-02-22,30,11,68,92,49,111,2
2026-02-22,30,12,60,86,50,96,2
2026-02-22,30,13,87,110,68,129,2
2026-02-22,30,14,57,57,51,63,0
2026-02-22,30,15,53,60,46,67,1
2026-02-22,30,16,63,63,56,70,1
2026-02-22,30,17,72,73,54,91,0
2026-02-22,30,18,72,76,55,93,1
2026-02-22,30,19,75,75,58,92,0
2026-02-22,30,20,68,88,49,107,1
2026-02-22,31,1,64,64,44,84,0
2026-02-22,31,2,72,72,55,89,1
2026-02-22,31,3,60,60,42,78,0
2026-02-22,31,4,54,66,37,83,0
2026-02-22,31,5,56,80,49,87,1
2026-02-22,31,6,58,58,45,71,1
2026-02-22,31,7,48,59,28,79,0
2026-02-22,31,8,58,58,40,76,0
2026-02-22,31,9,66,72,48,90,1
2026-02-22,31,10,55,55,49,61,0
2026-02-22,31,11,57,58,51,64,1
2026-02-22,31,12,61,85,42,104,2
2026-02-22,31,13,52,72,37,87,2
2026-02-22,31,14,46,57,40,63,0
2026-02-22,31,15,73,87,59,101,0
2026-02-22,31,16,59,59,44,74,1
2026-02-22,31,17,67,93,60,100,1
2026-02-22,31,18,47,57,36,68,1
2026-02-22,31,19,49,54,41,62,0
2026-02-22,31,20,60,69,42,87,1
2026-02-22,32,1,47,47,37,57,1
2026-02-22,32,2,47,65,30,82,0
2026-02-22,32,3,36,36,24,48,0
2026-02-22,32,4,35,49,27,57,0
2026-02-22,32,5,46,68,32,82,1
2026-02-22,32,6,38,55,29,64,0
2026-02-22,32,7,51,51,31,71,1
2026-02-22,32,8,52,77,33,96,2
2026-02-22,32,9,41,55,33,63,0
2026-02-22,32,10,38,38,28,48,0
2026-02-22,32,11,42,52,32,62,0
2026-02-22,32,12,49,66,29,86,1
2026-02-22,32,13,38,38,30,46,0
2026-02-22,32,14,44,57,36,65,0
2026-02-22,32,15,40,40,27,53,0
2026-02-22,32,16,47,50,29,68,1
2026-02-22,32,17,41,41,29,53,0
2026-02-22,32,18,36,48,30,54,0
2026-02-22,32,19,47,53,34,66,0
2026-02-22,32,20,37,39,24,52,0
2026-02-22,33,1,46,60,26,80,0
2026-02-22,33,2,60,74,41,93,2
2026-02-22,33,3,58,78,42,94,0
2026-02-22,33,4,69,69,49,89,1
2026-02-22,33,5,49,57,31,75,1
2026-02-22,33,6,54,57,38,73,1
2026-02-22,33,7,41,41,34,48,0
2026-02-22,33,8,59,73,51,81,0
2026-02-22,33,9,61,67,55,73,0
2026-02-22,33,10,56,82,44,94,0
2026-02-22,33,11,80,80,60,100,0
2026-02-22,33,12,50,50,43,57,0
2026-02-22,33,13,66,88,55,99,2
2026-02-22,33,14,52,60,41,71,0
2026-02-22,33,15,48,67,32,83,1
2026-02-22,33,16,43,45,35,53,1
2026-02-22,33,17,47,47,39,55,1
2026-02-22,33,18,54,54,36,72,1
2026-02-22,33,19,52,64,36,80,0
2026-02-22,33,20,54,54,36,72,0
2026-02-22,34,1,51,60,46,65,0
2026-02-22,34,2,67,67,49,85,0
2026-02-22,34,3,70,82,62,90,1
2026-02-22,34,4,55,70,47,78,1
2026-02-22,34,5,64,64,48,80,1
2026-02-22,34,6,57,62,45,74,1
2026-02-22,34,7,57,69,50,76,0
2026-02-22,34,8,65,87,48,104,1
2026-02-22,34,9,75,87,56,106,1
2026-02-22,34,10,60,60,48,72,1
2026-02-22,34,11,76,82,67,91,1
2026-02-22,34,12,72,72,57,87,0
2026-02-22,34,13,42,54,31,65,0
2026-02-22,34,14,60,80,43,97,0
2026-02-22,34,15,57,57,41,73,0
2026-02-22,34,16,69,69,57,81,1
2026-02-22,34,17,72,72,53,91,1
2026-02-22,34,18,58,58,42,74,0
2026-02-22,34,19,58,58,48,68,1
2026-02-22,34,20,45,54,29,70,1
2026-02-22,35,1,55,79,42,92,0
2026-02-22,35,2,54,64,38,80,0
2026-02-22,35,3,49,49,41,57,1
2026-02-22,35,4,63,63,45,81,1
2026-02-22,35,5,43,43,36,50,0
2026-02-22,35,6,54,74,42,86,1
2026-02-22,35,7,54,54,48,60,1
2026-02-22,35,8,56,56,41,71,1
2026-02-22,35,9,45,60,34,71,0
2026-02-22,35,10,43,43,30,56,0
2026-02-22,35,11,57,57,39,75,1
2026-02-22,35,12,56,75,42,89,2
2026-02-22,35,13,50,50,31,69,0
2026-02-22,35,14,54,54,45,63,1
2026-02-22,35,15,49,57,39,67,1
2026-02-22,35,16,47,69,32,84,0
2026-02-22,35,17,43,54,30,67,0
2026-02-22,35,18,47,69,33,83,1
2026-02-22,35,19,70,70,56,84,0
2026-02-22,35,20,62,62,44,80,1
2026-02-22,36,1,48,67,34,81,0
2026-02-22,36,2,61,74,42,93,0
2026-02-22,36,3,36,36,24,48,0
2026-02-22,36,4,69,92,59,102,1
2026-02-22,36,5,28,36,23,41,0
2026-02-22,36,6,54,66,40,80,0
2026-02-22,36,7,74,74,57,91,0
2026-02-22,36,8,55,65,39,81,1
2026-02-22,36,9,58,72,45,85,0
2026-02-22,36,10,50,56,30,76,0
2026-02-22,36,11,47,58,33,72,0
2026-02-22,36,12,54,70,34,90,0
2026-02-22,36,13,39,39,32,46,0
2026-02-22,36,14,48,48,39,57,0
2026-02-22,36,15,45,45,35,55,0
2026-02-22,36,16,64,64,52,76,0
2026-02-22,36,17,31,31,25,37,0
2026-02-22,36,18,34,48,27,55,0
2026-02-22,36,19,42,42,25,59,0
2026-02-22,36,20,39,51,31,59,0
2026-02-22,37,1,70,70,58,82,0
2026-02-22,37,2,61,82,44,99,2
2026-02-22,37,3,71,71,59,83,1
2026-02-22,37,4,98,115,78,135,2
2026-02-22,37,5,46,46,37,55,1
2026-02-22,37,6,79,105,62,122,1
2026-02-22,37,7,59,74,43,90,1
2026-02-22,37,8,47,47,39,55,0
2026-02-22,37,9,84,84,67,101,0
2026-02-22,37,10,61,85,43,103,0
2026-02-22,37,11,60,60,43,77,1
2026-02-22,37,12,64,93,54,103,2
2026-02-22,37,13,55,55,41,69,0
2026-02-22,37,14,51,53,46,58,0
2026-02-22,37,15,71,81,54,98,1
2026-02-22,37,16,73,73,63,83,0
2026-02-22,37,17,58,67,53,72,0
2026-02-22,37,18,58,81,53,86,1
2026-02-22,37,19,57,57,40,74,1
2026-02-22,37,20,42,58,35,65,0
2026-02-22,38,1,54,80,37,97,0
2026-02-22,38,2,46,61,34,73,1
2026-02-22,38,3,45,66,35,76,1
2026-02-22,38,4,44,60,39,65,0
2026-02-22,38,5,34,40,20,54,0
2026-02-22,38,6,54,54,34,74,1
2026-02-22,38,7,51,73,38,86,0
2026-02-22,38,8,32,32,23,41,0
2026-02-22,38,9,47,51,38,60,0
2026-02-22,38,10,47,65,33,79,1
2026-02-22,38,11,38,38,33,43,0
2026-02-22,38,12,65,77,45,97,1
2026-02-22,38,13,44,44,24,64,1
2026-02-22,38,14,53,66,33,86,0
2026-02-22,38,15,46,46,35,57,0
2026-02-22,38,16,51,73,43,81,0
2026-02-22,38,17,35,47,25,57,0
2026-02-22,38,18,47,56,41,62,0
2026-02-22,38,19,28,35,22,41,0
2026-02-22,38,20,45,50,35,60,0
2026-02-22,39,1,41,54,29,66,1
2026-02-22,39,2,49,60,36,73,0
2026-02-22,39,3,42,61,34,69,1
2026-02-22,39,4,48,69,42,75,0
2026-02-22,39,5,36,36,30,42,0
2026-02-22,39,6,52,66,35,83,0
2026-02-22,39,7,55,55,39,71,1
2026-02-22,39,8,57,80,37,100,2
2026-02-22,39,9,49,49,42,56,0
2026-02-22,39,10,47,68,37,78,0
2026-02-22,39,11,56,56,42,70,0
2026-02-22,39,12,57,79,41,95,1
2026-02-22,39,13,55,58,44,69,0
2026-02-22,39,14,53,53,41,65,1
2026-02-22,39,15,68,68,49,87,1
2026-02-22,39,16,60,60,42,78,1
2026-02-22,39,17,44,46,37,53,0
2026-02-22,39,18,46,49,33,62,0
2026-02-22,39,19,66,76,48,94,1
2026-02-22,39,20,50,50,33,67,0
2026-02-22,40,1,63,63,45,81,0
2026-02-22,40,2,47,58,40,65,1
2026-02-22,40,3,63,73,51,85,1
2026-02-22,40,4,60,73,48,85,1
2026-02-22,40,5,67,84,54,97,0
2026-02-22,40,6,76,76,64,88,0
2026-02-22,40,7,73,73,54,92,1
2026-02-22,40,8,88,88,69,107,1
2026-02-22,40,9,71,71,61,81,1
2026-02-22,40,10,48,51,43,56,0
2026-02-22,40,11,78,108,64,122,2
2026-02-22,40,12,71,90,59,102,1
2026-02-22,40,13,45,62,25,82,0
2026-02-22,40,14,78,79,68,89,1
2026-02-22,40,15,64,78,47,95,0
2026-02-22,40,16,51,55,46,60,0
2026-02-22,40,17,58,86,52,92,0
2026-02-22,40,18,68,68,50,86,1
2026-02-22,40,19,65,69,49,85,0
2026-02-22,40,20,84,119,78,125,2
2026-02-22,41,1,57,75,49,83,2
2026-02-22,41,2,62,62,45,79,0
2026-02-22,41,3,38,56,26,68,1
2026-02-22,41,4,45,45,39,51,0
2026-02-22,41,5,34,34,25,43,0
2026-02-22,41,6,55,55,36,74,0
2026-02-22,41,7,51,52,34,69,0
2026-02-22,41,8,54,66,39,81,1
2026-02-22,41,9,57,84,42,99,2
2026-02-22,41,10,50,57,34,73,0
2026-02-22,41,11,46,46,35,57,1
2026-02-22,41,12,47,66,39,74,0
2026-02-22,41,13,57,85,37,105,1
2026-02-22,41,14,49,49,36,62,1
2026-02-22,41,15,58,67,41,84,1
2026-02-22,41,16,47,47,35,59,0
2026-02-22,41,17,41,45,24,62,0
2026-02-22,41,18,50,52,39,63,1
2026-02-22,41,19,39,39,23,55,0
2026-02-22,41,20,53,64,35,82,0
2026-02-22,42,1,67,67,53,81,1
2026-02-22,42,2,65,90,46,109,1
2026-02-22,42,3,55,65,45,75,0
2026-02-22,42,4,51,51,37,65,0
2026-02-22,42,5,36,43,28,51,0
2026-02-22,42,6,51,57,40,68,0
2026-02-22,42,7,57,57,41,73,0
2026-02-22,42,8,50,74,34,90,0
2026-02-22,42,9,45,63,31,77,1
2026-02-22,42,10,38,47,27,58,1
2026-02-22,42,11,45,45,39,51,0
2026-02-22,42,12,61,78,49,90,0
2026-02-22,42,13,36,36,28,44,0
2026-02-22,42,14,65,74,56,83,0
2026-02-22,42,15,48,48,36,60,0
2026-02-22,42,16,58,80,40,98,0
2026-02-22,42,17,39,54,31,62,0
2026-02-22,42,18,58,79,39,98,1
2026-02-22,42,19,54,54,49,59,1
2026-02-22,42,20,41,57,26,72,0
2026-02-22,43,1,66,73,51,88,1
2026-02-22,43,2,58,75,40,93,1
2026-02-22,43,3,72,95,52,115,0
2026-02-22,43,4,51,51,45,57,0
2026-02-22,43,5,48,48,41,55,0
2026-02-22,43,6,59,83,46,96,2
2026-02-22,43,7,32,32,27,37,0
2026-02-22,43,8,55,80,46,89,0
2026-02-22,43,9,72,99,54,117,0
2026-02-22,43,10,70,70,54,86,0
2026-02-22,43,11,57,69,47,79,1
2026-02-22,43,12,66,67,55,78,1
2026-02-22,43,13,59,79,39,99,1
2026-02-22,43,14,58,58,49,67,1
2026-02-22,43,15,81,81,68,94,2
2026-02-22,43,16,69,69,53,85,0
2026-02-22,43,17,57,57,52,62,1
2026-02-22,43,18,56,56,38,74,1
2026-02-22,43,19,57,74,52,79,1
2026-02-22,43,20,58,83,52,89,1
2026-02-22,44,1,58,58,52,64,1
2026-02-22,44,2,56,59,47,68,0
2026-02-22,44,3,57,63,42,78,0
2026-02-22,44,4,55,79,45,89,1
2026-02-22,44,5,84,117,69,132,1
2026-02-22,44,6,49,56,31,74,0
2026-02-22,44,7,48,70,39,79,1
2026-02-22,44,8,67,67,55,79,1
2026-02-22,44,9,56,74,44,86,0
2026-02-22,44,10,57,65,40,82,0
2026-02-22,44,11,59,60,47,72,1
2026-02-22,44,12,60,78,41,97,1
2026-02-22,44,13,24,24,17,31,0
2026-02-22,44,14,65,65,59,71,1
2026-02-22,44,15,54,65,36,83,1
2026-02-22,44,16,43,43,37,49,0
2026-02-22,44,17,70,70,57,83,1
2026-02-22,44,18,57,70,47,80,1
2026-02-22,44,19,59,63,40,82,0
2026-02-22,44,20,53,53,42,64,1
2026-02-22,45,1,49,68,41,76,0
2026-02-22,45,2,69,78,54,93,1
2026-02-22,45,3,71,71,53,89,1
2026-02-22,45,4,59,59,54,64,0
2026-02-22,45,5,63,75,50,88,0
2026-02-22,45,6,72,72,53,91,0
2026-02-22,45,7,72,93,58,107,1
2026-02-22,45,8,57,79,52,84,2
2026-02-22,45,9,68,89,60,97,1
2026-02-22,45,10,59,77,47,89,0
2026-02-22,45,11,66,66,46,86,0
2026-02-22,45,12,63,90,47,106,0
2026-02-22,45,13,57,79,46,90,2
2026-02-22,45,14,59,86,54,91,1
2026-02-22,45,15,66,66,58,74,0
2026-02-22,45,16,62,66,56,72,1
2026-02-22,45,17,68,68,55,81,0
2026-02-22,45,18,67,67,53,81,1
2026-02-22,45,19,80,80,60,100,1
2026-02-22,45,20,49,49,35,63,0
2026-02-22,46,1,68,68,51,85,1
2026-02-22,46,2,81,81,62,100,1
2026-02-22,46,3,54,54,49,59,1
2026-02-22,46,4,67,90,47,110,0
2026-02-22,46,5,51,61,46,66,1
2026-02-22,46,6,49,56,38,67,0
2026-02-22,46,7,53,53,46,60,1
2026-02-22,46,8,76,92,68,100,1
2026-02-22,46,9,75,75,57,93,0
2026-02-22,46,10,62,64,56,70,1
2026-02-22,46,11,66,67,55,78,0
2026-02-22,46,12,67,79,57,89,1
2026-02-22,46,13,55,55,43,67,0
2026-02-22,46,14,68,96,50,114,2
2026-02-22,46,15,69,69,54,84,0
2026-02-22,46,16,47,62,28,81,0
2026-02-22,46,17,56,69,47,78,0
2026-02-22,46,18,61,86,52,95,1
2026-02-22,46,19,55,55,35,75,1
2026-02-22,46,20,71,71,53,89,1
2026-02-22,47,1,76,79,61,94,1
2026-02-22,47,2,72,72,55,89,0
2026-02-22,47,3,54,67,47,74,1
2026-02-22,47,4,73,101,67,107,0
2026-02-22,47,5,83,110,74,119,1
2026-02-22,47,6,66,67,58,75,0
2026-02-22,47,7,65,65,52,78,0
2026-02-22,47,8,71,71,56,86,1
2026-02-22,47,9,73,85,67,91,0
2026-02-22,47,10,49,49,41,57,0
2026-02-22,47,11,81,81,71,91,2
2026-02-22,47,12,60,78,55,83,0
2026-02-22,47,13,38,38,22,54,0
2026-02-22,47,14,102,102,83,121,1
2026-02-22,47,15,73,86,59,100,1
2026-02-22,47,16,75,75,64,86,0
2026-02-22,47,17,55,61,50,66,1
2026-02-22,47,18,63,63,43,83,0
2026-02-22,47,19,66,75,51,90,0
2026-02-22,47,20,51,54,38,67,1
2026-02-22,48,1,53,53,42,64,1
2026-02-22,48,2,71,79,53,97,1
2026-02-22,48,3,57,57,38,76,0
2026-02-22,48,4,51,54,46,59,1
2026-02-22,48,5,44,51,39,56,1
2026-02-22,48,6,62,62,45,79,0
2026-02-22,48,7,55,68,48,75,1
2026-02-22,48,8,34,39,29,44,0
2026-02-22,48,9,67,79,50,96,1
2026-02-22,48,10,55,55,45,65,0
2026-02-22,48,11,62,62,50,74,0
2026-02-22,48,12,53,53,41,65,0
2026-02-22,48,13,51,51,46,56,0
2026-02-22,48,14,63,63,43,83,1
2026-02-22,48,15,67,96,56,107,0
2026-02-22,48,16,47,47,27,67,0
2026-02-22,48,17,55,62,44,73,0
2026-02-22,48,18,43,56,35,64,1
2026-02-22,48,19,71,71,53,89,1
2026-02-22,48,20,44,44,39,49,0
2026-02-22,49,1,53,73,47,79,1
2026-02-22,49,2,49,49,32,66,0
2026-02-22,49,3,49,59,35,73,0
2026-02-22,49,4,38,38,30,46,0
2026-02-22,49,5,50,53,33,70,0
2026-02-22,49,6,54,64,34,84,1
2026-02-22,49,7,53,54,35,72,0
2026-02-22,49,8,47,51,40,58,0
2026-02-22,49,9,47,63,40,70,0
2026-02-22,49,10,42,54,29,67,1
2026-02-22,49,11,58,80,46,92,0
2026-02-22,49,12,59,59,54,64,0
2026-02-22,49,13,44,50,31,63,0
2026-02-22,49,14,44,44,35,53,1
2026-02-22,49,15,48,57,37,68,1
2026-02-22,49,16,55,71,41,85,1
2026-02-22,49,17,64,81,47,98,0
2026-02-22,49,18,52,61,37,76,0
2026-02-22,49,19,33,47,28,52,0
2026-02-22,49,20,41,41,27,55,1
2026-02-22,50,1,54,54,42,66,0
2026-02-22,50,2,54,71,43,82,1
2026-02-22,50,3,33,38,24,47,0
2026-02-22,50,4,51,70,43,78,1
2026-02-22,50,5,48,67,37,78,1
2026-02-22,50,6,53,65,44,74,0
2026-02-22,50,7,64,79,47,96,0
2026-02-22,50,8,88,124,71,141,1
2026-02-22,50,9,59,83,53,89,1
2026-02-22,50,10,51,72,43,80,0
2026-02-22,50,11,56,62,48,70,1
2026-02-22,50,12,56,56,46,66,0
2026-02-22,50,13,68,77,48,97,1
2026-02-22,50,14,50,50,40,60,0
2026-02-22,50,15,54,54,49,59,0
2026-02-22,50,16,68,68,48,88,1
2026-02-22,50,17,44,44,29,59,0
2026-02-22,50,18,53,72,48,77,0
2026-02-22,50,19,28,33,17,44,0
2026-02-22,50,20,53,53,40,66,0
2026-03-01,1,1,62,62,50,74,0
2026-03-01,1,2,52,72,44,80,0
2026-03-01,1,3,57,57,48,66,0
2026-03-01,1,4,73,73,61,85,0
2026-03-01,1,5,53,62,48,67,1
2026-03-01,1,6,51,59,46,64,0
2026-03-01,1,7,75,96,56,115,1
2026-03-01,1,8,55,74,50,79,0
2026-03-01,1,9,51,66,46,71,0
2026-03-01,1,10,32,42,26,48,0
2026-03-01,1,11,72,72,54,90,2
2026-03-01,1,12,68,93,51,110,2
2026-03-01,1,13,58,79,39,98,1
2026-03-01,1,14,55,55,44,66,0
2026-03-01,1,15,52,52,45,59,0
2026-03-01,1,16,50,65,40,75,0
2026-03-01,1,17,55,58,47,66,0
2026-03-01,1,18,48,48,43,53,0
2026-03-01,1,19,67,67,47,87,1
2026-03-01,1,20,45,45,38,52,0
2026-03-01,2,1,48,48,35,61,1
2026-03-01,2,2,51,51,40,62,1
2026-03-01,2,3,32,32,23,41,0
2026-03-01,2,4,46,51,29,68,1
2026-03-01,2,5,40,40,23,57,0
2026-03-01,2,6,47,57,35,69,0
2026-03-01,2,7,47,47,36,58,0
2026-03-01,2,8,57,58,51,64,1
2026-03-01,2,9,62,62,42,82,1
2026-03-01,2,10,24,35,13,46,1
2026-03-01,2,11,53,67,45,75,0
2026-03-01,2,12,43,53,37,59,0
2026-03-01,2,13,50,50,41,59,0
2026-03-01,2,14,56,56,50,62,1
2026-03-01,2,15,51,51,39,63,0
2026-03-01,2,16,46,46,37,55,0
2026-03-01,2,17,40,46,25,61,0
2026-03-01,2,18,52,60,36,76,0
2026-03-01,2,19,41,59,24,76,0
2026-03-01,2,20,54,54,37,71,0
2026-03-01,3,1,54,54,43,65,0
2026-03-01,3,2,62,71,57,76,1
2026-03-01,3,3,51,51,37,65,1
2026-03-01,3,4,58,85,41,102,2
2026-03-01,3,5,48,60,34,74,0
2026-03-01,3,6,61,69,46,84,0
2026-03-01,3,7,55,81,42,94,0
2026-03-01,3,8,58,59,43,74,1
2026-03-01,3,9,61,82,47,96,2
2026-03-01,3,10,55,73,37,91,0
2026-03-01,3,11,62,74,46,90,0
2026-03-01,3,12,54,55,39,70,1
2026-03-01,3,13,49,49,39,59,0
2026-03-01,3,14,52,74,43,83,1
2026-03-01,3,15,46,46,31,61,0
2026-03-01,3,16,61,89,55,95,0
2026-03-01,3,17,34,45,22,57,0
2026-03-01,3,18,52,52,43,61,0
2026-03-01,3,19,47,47,30,64,1
2026-03-01,3,20,44,46,39,51,0
2026-03-01,4,1,60,87,46,101,2
2026-03-01,4,2,71,71,51,91,0
2026-03-01,4,3,109,127,99,137,2
2026-03-01,4,4,70,70,64,76,0
2026-03-01,4,5,73,73,60,86,0
2026-03-01,4,6,51,51,44,58,0
2026-03-01,4,7,65,65,47,83,1
2026-03-01,4,8,53,53,47,59,0
2026-03-01,4,9,73,73,67,79,0
2026-03-01,4,10,43,63,30,76,1
2026-03-01,4,11,68,80,60,88,0
2026-03-01,4,12,64,64,51,77,0
2026-03-01,4,13,81,81,73,89,0
2026-03-01,4,14,69,69,60,78,0
2026-03-01,4,15,53,56,46,63,0
2026-03-01,4,16,80,80,61,99,2
2026-03-01,4,17,51,72,44,79,2
2026-03-01,4,18,64,64,49,79,1
2026-03-01,4,19,61,63,49,75,1
2026-03-01,4,20,70,85,58,97,0
2026-03-01,5,1,43,44,25,62,0
2026-03-01,5,2,31,31,22,40,0
2026-03-01,5,3,51,75,35,91,0
2026-03-01,5,4,39,46,20,65,0
2026-03-01,5,5,48,48,28,68,1
2026-03-01,5,6,36,47,31,52,0
2026-03-01,5,7,51,51,32,70,0
2026-03-01,5,8,47,47,29,65,0
2026-03-01,5,9,43,48,34,57,1
2026-03-01,5,10,39,41,26,54,0
2026-03-01,5,11,30,39,17,52,0
2026-03-01,5,12,42,62,27,77,1
2026-03-01,5,13,58,65,42,81,0
2026-03-01,5,14,52,52,38,66,1
2026-03-01,5,15,36,38,29,45,1
2026-03-01,5,16,34,34,25,43,0
2026-03-01,5,17,42,48,29,61,0
2026-03-01,5,18,38,38,31,45,0
2026-03-01,5,19,39,52,23,68,0
2026-03-01,5,20,32,45,24,53,1
2026-03-01,6,1,65,70,48,87,0
2026-03-01,6,2,53,66,47,72,1
2026-03-01,6,3,53,53,39,67,0
2026-03-01,6,4,62,63,45,80,0
2026-03-01,6,5,51,51,46,56,0
2026-03-01,6,6,54,78,40,92,0
2026-03-01,6,7,42,42,32,52,0
2026-03-01,6,8,43,43,28,58,1
2026-03-01,6,9,63,74,49,88,1
2026-03-01,6,10,49,49,37,61,0
2026-03-01,6,11,60,60,51,69,0
2026-03-01,6,12,64,69,48,85,0
2026-03-01,6,13,49,49,43,55,0
2026-03-01,6,14,56,56,48,64,0
2026-03-01,6,15,52,64,41,75,1
2026-03-01,6,16,50,70,41,79,1
2026-03-01,6,17,52,71,36,87,1
2026-03-01,6,18,50,50,43,57,0
2026-03-01,6,19,55,71,41,85,1
2026-03-01,6,20,58,58,41,75,1
2026-03-01,7,1,72,72,64,80,0
2026-03-01,7,2,46,53,36,63,0
2026-03-01,7,3,44,44,36,52,0
2026-03-01,7,4,62,73,45,90,0
2026-03-01,7,5,46,47,35,58,1
2026-03-01,7,6,60,73,51,82,1
2026-03-01,7,7,47,66,40,73,1
2026-03-01,7,8,66,90,49,107,0
2026-03-01,7,9,51,68,45,74,1
2026-03-01,7,10,69,73,60,82,2
2026-03-01,7,11,83,118,63,138,0
2026-03-01,7,12,51,51,44,58,0
2026-03-01,7,13,56,56,39,73,0
2026-03-01,7,14,63,63,48,78,1
2026-03-01,7,15,64,81,57,88,1
2026-03-01,7,16,41,57,34,64,0
2026-03-01,7,17,44,44,37,51,0
2026-03-01,7,18,71,75,51,95,0
2026-03-01,7,19,39,46,30,55,0
2026-03-01,7,20,34,37,28,43,0
2026-03-01,8,1,49,56,34,71,0
2026-03-01,8,2,48,54,33,69,1
2026-03-01,8,3,47,48,38,57,0
2026-03-01,8,4,35,35,26,44,0
2026-03-01,8,5,51,63,36,78,0
2026-03-01,8,6,47,57,36,68,0
2026-03-01,8,7,35,47,30,52,1
2026-03-01,8,8,68,89,49,108,0
2026-03-01,8,9,39,55,30,64,0
2026-03-01,8,10,44,44,24,64,0
2026-03-01,8,11,52,52,37,67,1
2026-03-01,8,12,43,46,24,65,1
2026-03-01,8,13,21,25,16,30,0
2026-03-01,8,14,44,57,32,69,0
2026-03-01,8,15,45,48,28,65,1
2026-03-01,8,16,46,46,32,60,1
2026-03-01,8,17,35,45,24,56,0
2026-03-01,8,18,49,60,33,76,0
2026-03-01,8,19,46,60,29,77,0
2026-03-01,8,20,33,33,26,40,0
2026-03-01,9,1,51,52,43,60,0
2026-03-01,9,2,90,120,70,140,2
2026-03-01,9,3,86,86,74,98,1
2026-03-01,9,4,75,95,67,103,0
2026-03-01,9,5,79,79,63,95,1
2026-03-01,9,6,78,78,60,96,2
2026-03-01,9,7,83,83,70,96,1
2026-03-01,9,8,55,80,47,88,0
2026-03-01,9,9,78,78,68,88,0
2026-03-01,9,10,70,86,55,101,0
2026-03-01,9,11,53,53,42,64,0
2026-03-01,9,12,47,47,41,53,1
2026-03-01,9,13,62,75,49,88,2
2026-03-01,9,14,60,65,50,75,0
2026-03-01,9,15,64,84,48,100,0
2026-03-01,9,16,84,97,67,114,1
2026-03-01,9,17,46,57,26,77,1
2026-03-01,9,18,59,59,46,72,1
2026-03-01,9,19,59,59,54,64,1
2026-03-01,9,20,52,76,37,91,1
2026-03-01,10,1,57,80,46,91,0
2026-03-01,10,2,76,76,61,91,1
2026-03-01,10,3,65,65,60,70,0
2026-03-01,10,4,87,108,68,127,2
2026-03-01,10,5,65,65,60,70,0
2026-03-01,10,6,91,98,79,110,0
2026-03-01,10,7,86,86,76,96,1
2026-03-01,10,8,74,83,69,88,0
2026-03-01,10,9,87,130,76,141,2
2026-03-01,10,10,85,89,76,98,1
2026-03-01,10,11,85,85,65,105,2
2026-03-01,10,12,55,78,46,87,0
2026-03-01,10,13,79,87,61,105,1
2026-03-01,10,14,102,146,82,166,1
2026-03-01,10,15,44,44,37,51,0
2026-03-01,10,16,61,64,55,70,0
2026-03-01,10,17,67,78,55,90,0
2026-03-01,10,18,88,88,79,97,1
2026-03-01,10,19,63,63,54,72,0
2026-03-01,10,20,61,61,42,80,1
2026-03-01,11,1,59,59,49,69,0
2026-03-01,11,2,53,56,39,70,0
2026-03-01,11,3,52,52,33,71,1
2026-03-01,11,4,64,72,46,90,1
2026-03-01,11,5,46,46,32,60,0
2026-03-01,11,6,47,47,42,52,0
2026-03-01,11,7,70,88,56,102,0
2026-03-01,11,8,58,62,43,77,0
2026-03-01,11,9,48,54,37,65,0
2026-03-01,11,10,44,45,36,53,0
2026-03-01,11,11,69,69,56,82,0
2026-03-01,11,12,48,48,36,60,0
2026-03-01,11,13,46,46,40,52,1
2026-03-01,11,14,67,67,51,83,1
2026-03-01,11,15,66,66,52,80,1
2026-03-01,11,16,56,56,51,61,1
2026-03-01,11,17,41,50,30,61,0
2026-03-01,11,18,39,39,34,44,0
2026-03-01,11,19,43,51,35,59,1
2026-03-01,11,20,52,52,38,66,1
2026-03-01,12,1,58,85,43,100,1
2026-03-01,12,2,65,65,51,79,1
2026-03-01,12,3,39,41,34,46,0
2026-03-01,12,4,55,81,50,86,0
2026-03-01,12,5,32,46,26,52,1
2026-03-01,12,6,64,64,59,69,0
2026-03-01,12,7,62,82,42,102,1
2026-03-01,12,8,57,57,38,76,1
2026-03-01,12,9,71,102,59,114,1
2026-03-01,12,10,60,60,47,73,0
2026-03-01,12,11,63,71,47,87,0
2026-03-01,12,12,63,85,48,100,1
2026-03-01,12,13,39,45,33,51,0
2026-03-01,12,14,60,61,44,77,0
2026-03-01,12,15,59,72,44,87,0
2026-03-01,12,16,59,80,54,85,1
2026-03-01,12,17,47,60,34,73,0
2026-03-01,12,18,55,68,41,82,1
2026-03-01,12,19,50,74,37,87,1
2026-03-01,12,20,51,56,45,62,1
2026-03-01,13,1,70,92,63,99,0
2026-03-01,13,2,94,94,75,113,1
2026-03-01,13,3,98,141,83,156,1
2026-03-01,13,4,67,69,57,79,1
2026-03-01,13,5,51,63,41,73,1
2026-03-01,13,6,71,71,56,86,0
2026-03-01,13,7,64,78,55,87,1
2026-03-01,13,8,75,75,56,94,1
2026-03-01,13,9,70,70,62,78,0
2026-03-01,13,10,61,61,54,68,0
2026-03-01,13,11,105,123,98,130,1
2026-03-01,13,12,76,78,60,94,0
2026-03-01,13,13,76,76,56,96,0
2026-03-01,13,14,86,128,77,137,1
2026-03-01,13,15,75,100,58,117,2
2026-03-01,13,16,62,82,51,93,1
2026-03-01,13,17,69,94,57,106,1
2026-03-01,13,18,74,80,56,98,0
2026-03-01,13,19,71,75,58,88,1
2026-03-01,13,20,70,102,52,120,2
2026-03-01,14,1,56,80,41,95,0
2026-03-01,14,2,55,58,42,71,0
2026-03-01,14,3,52,52,39,65,0
2026-03-01,14,4,65,65,49,81,0
2026-03-01,14,5,63,72,50,85,0
2026-03-01,14,6,59,80,45,94,0
2026-03-01,14,7,61,86,41,106,1
2026-03-01,14,8,53,65,42,76,1
2026-03-01,14,9,67,88,47,108,1
2026-03-01,14,10,52,73,46,79,2
2026-03-01,14,11,49,49,40,58,0
2026-03-01,14,12,61,69,41,89,1
2026-03-01,14,13,53,59,38,74,0
2026-03-01,14,14,60,67,55,72,1
2026-03-01,14,15,48,48,39,57,1
2026-03-01,14,16,59,59,49,69,0
2026-03-01,14,17,51,69,43,77,0
2026-03-01,14,18,62,62,46,78,0
2026-03-01,14,19,50,50,40,60,1
2026-03-01,14,20,50,53,36,67,0
2026-03-01,15,1,54,55,41,68,1
2026-03-01,15,2,57,61,51,67,1
2026-03-01,15,3,38,48,29,57,0
2026-03-01,15,4,64,76,47,93,0
2026-03-01,15,5,38,38,24,52,0
2026-03-01,15,6,39,47,34,52,0
2026-03-01,15,7,42,43,35,50,0
2026-03-01,15,8,55,81,40,96,0
2026-03-01,15,9,42,56,28,70,0
2026-03-01,15,10,64,87,47,104,0
2026-03-01,15,11,46,51,41,56,0
2026-03-01,15,12,61,80,48,93,1
2026-03-01,15,13,56,56,42,70,1
2026-03-01,15,14,55,55,38,72,0
2026-03-01,15,15,56,74,48,82,0
2026-03-01,15,16,56,82,41,97,0
2026-03-01,15,17,53,53,35,71,0
2026-03-01,15,18,53,60,38,75,1
2026-03-01,15,19,35,50,22,63,0
2026-03-01,15,20,38,56,30,64,0
2026-03-01,16,1,46,55,34,67,1
2026-03-01,16,2,64,82,48,98,2
2026-03-01,16,3,52,52,47,57,0
2026-03-01,16,4,64,64,47,81,1
2026-03-01,16,5,57,83,41,99,0
2026-03-01,16,6,39,41,28,52,0
2026-03-01,16,7,68,68,48,88,1
2026-03-01,16,8,40,53,31,62,0
2026-03-01,16,9,43,51,37,57,0
2026-03-01,16,10,57,71,47,81,1
2026-03-01,16,11,57,66,47,76,1
2026-03-01,16,12,57,66,49,74,0
2026-03-01,16,13,48,49,38,59,1
2026-03-01,16,14,52,77,32,97,0
2026-03-01,16,15,50,68,41,77,0
2026-03-01,16,16,54,54,39,69,0
2026-03-01,16,17,66,66,56,76,0
2026-03-01,16,18,60,72,49,83,0
2026-03-01,16,19,34,34,27,41,0
2026-03-01,16,20,73,104,62,115,2
2026-03-01,17,1,40,40,31,49,0
2026-03-01,17,2,40,50,34,56,1
2026-03-01,17,3,44,49,27,66,1
2026-03-01,17,4,51,67,38,80,0
2026-03-01,17,5,56,61,41,76,1
2026-03-01,17,6,37,37,28,46,0
2026-03-01,17,7,44,44,35,53,0
2026-03-01,17,8,46,46,38,54,1
2026-03-01,17,9,61,77,49,89,1
2026-03-01,17,10,48,51,31,68,1
2026-03-01,17,11,46,64,30,80,0
2026-03-01,17,12,46,46,32,60,0
2026-03-01,17,13,44,51,32,63,1
2026-03-01,17,14,46,46,37,55,0
2026-03-01,17,15,48,50,39,59,0
2026-03-01,17,16,41,44,34,51,0
2026-03-01,17,17,41,44,23,62,0
2026-03-01,17,18,34,45,24,55,0
2026-03-01,17,19,43,43,37,49,0
2026-03-01,17,20,40,44,32,52,1
2026-03-01,18,1,74,110,61,123,3
2026-03-01,18,2,75,75,65,85,0
2026-03-01,18,3,69,85,58,96,0
2026-03-01,18,4,96,96,79,113,2
2026-03-01,18,5,70,70,60,80,1
2026-03-01,18,6,74,74,65,83,0
2026-03-01,18,7,78,98,61,115,1
2026-03-01,18,8,82,97,70,109,2
2026-03-01,18,9,96,106,81,121,1
2026-03-01,18,10,72,102,58,116,2
2026-03-01,18,11,94,94,80,108,2
2026-03-01,18,12,87,97,71,113,0
2026-03-01,18,13,70,70,57,83,0
2026-03-01,18,14,84,93,65,112,1
2026-03-01,18,15,82,82,62,102,2
2026-03-01,18,16,69,72,64,77,0
2026-03-01,18,17,72,72,61,83,1
2026-03-01,18,18,65,93,58,100,2
2026-03-01,18,19,88,126,81,133,1
2026-03-01,18,20,57,57,44,70,0
2026-03-01,19,1,49,65,34,80,1
2026-03-01,19,2,56,69,44,81,1
2026-03-01,19,3,72,102,55,119,0
2026-03-01,19,4,48,48,38,58,1
2026-03-01,19,5,42,56,37,61,1
2026-03-01,19,6,55,55,45,65,0
2026-03-01,19,7,61,61,46,76,0
2026-03-01,19,8,44,52,34,62,0
2026-03-01,19,9,61,73,43,91,1
2026-03-01,19,10,51,56,43,64,1
2026-03-01,19,11,50,50,43,57,0
2026-03-01,19,12,54,64,42,76,1
2026-03-01,19,13,49,66,36,79,0
2026-03-01,19,14,50,56,39,67,0
2026-03-01,19,15,58,58,42,74,1
2026-03-01,19,16,43,43,35,51,0
2026-03-01,19,17,37,47,32,52,0
2026-03-01,19,18,67,69,57,79,0
2026-03-01,19,19,61,66,43,84,1
2026-03-01,19,20,55,61,41,75,1
2026-03-01,20,1,63,75,47,91,1
2026-03-01,20,2,58,61,52,67,1
2026-03-01,20,3,41,56,32,65,0
2026-03-01,20,4,63,63,50,76,0
2026-03-01,20,5,40,42,31,51,0
2026-03-01,20,6,61,77,43,95,1
2026-03-01,20,7,85,123,65,143,1
2026-03-01,20,8,55,55,44,66,0
2026-03-01,20,9,79,79,68,90,0
2026-03-01,20,10,55,63,46,72,1
2026-03-01,20,11,56,56,47,65,1
2026-03-01,20,12,65,65,45,85,1
2026-03-01,20,13,60,73,44,89,1
2026-03-01,20,14,52,68,43,77,0
2026-03-01,20,15,59,59,40,78,0
2026-03-01,20,16,62,64,47,79,0
2026-03-01,20,17,42,43,31,54,0
2026-03-01,20,18,70,104,55,119,1
2026-03-01,20,19,47,47,41,53,0
2026-03-01,20,20,59,70,46,83,1
2026-03-01,21,1,41,48,25,64,0
2026-03-01,21,2,41,41,35,47,0
2026-03-01,21,3,39,51,34,56,0
2026-03-01,21,4,45,47,37,55,0
2026-03-01,21,5,49,57,29,77,0
2026-03-01,21,6,54,80,38,96,0
2026-03-01,21,7,58,63,46,75,0
2026-03-01,21,8,53,59,39,73,0
2026-03-01,21,9,47,47,37,57,0
2026-03-01,21,10,66,66,48,84,1
2026-03-01,21,11,36,45,30,51,0
2026-03-01,21,12,58,58,46,70,1
2026-03-01,21,13,43,43,37,49,1
2026-03-01,21,14,56,57,45,68,0
2026-03-01,21,15,47,58,32,73,1
2026-03-01,21,16,53,54,36,71,0
2026-03-01,21,17,50,66,35,81,0
2026-03-01,21,18,61,76,51,86,1
2026-03-01,21,19,41,41,24,58,0
2026-03-01,21,20,57,57,37,77,1
2026-03-01,22,1,53,53,42,64,1
2026-03-01,22,2,59,59,43,75,1
2026-03-01,22,3,88,110,68,130,1
2026-03-01,22,4,50,54,38,66,1
2026-03-01,22,5,53,78,42,89,0
2026-03-01,22,6,39,49,30,58,1
2026-03-01,22,7,45,66,37,74,1
2026-03-01,22,8,57,73,46,84,2
2026-03-01,22,9,57,57,44,70,0
2026-03-01,22,10,40,45,28,57,1
2026-03-01,22,11,70,79,53,96,1
2026-03-01,22,12,54,76,44,86,1
2026-03-01,22,13,52,52,46,58,0
2026-03-01,22,14,49,57,35,71,0
2026-03-01,22,15,38,42,33,47,0
2026-03-01,22,16,51,72,33,90,1
2026-03-01,22,17,48,51,36,63,1
2026-03-01,22,18,76,110,56,130,1
2026-03-01,22,19,58,71,53,76,2
2026-03-01,22,20,58,58,38,78,1
2026-03-01,23,1,54,54,36,72,0
2026-03-01,23,2,61,70,49,82,0
2026-03-01,23,3,49,49,38,60,0
2026-03-01,23,4,45,59,38,66,0
2026-03-01,23,5,66,66,54,78,0
2026-03-01,23,6,46,46,38,54,0
2026-03-01,23,7,56,60,47,69,0
2026-03-01,23,8,49,49,40,58,0
2026-03-01,23,9,61,73,48,86,0
2026-03-01,23,10,59,59,45,73,0
2026-03-01,23,11,58,83,47,94,1
2026-03-01,23,12,49,49,42,56,0
2026-03-01,23,13,56,56,36,76,0
2026-03-01,23,14,75,93,59,109,1
2026-03-01,23,15,59,70,42,87,2
2026-03-01,23,16,58,58,40,76,0
2026-03-01,23,17,62,80,42,100,1
2026-03-01,23,18,63,63,49,77,0
2026-03-01,23,19,50,50,42,58,0
2026-03-01,23,20,43,44,32,55,0
2026-03-01,24,1,50,54,44,60,0
2026-03-01,24,2,86,86,67,105,0
2026-03-01,24,3,65,96,53,108,2
2026-03-01,24,4,67,87,59,95,2
2026-03-01,24,5,74,74,55,93,0
2026-03-01,24,6,80,80,61,99,1
2026-03-01,24,7,73,75,54,94,0
2026-03-01,24,8,78,78,60,96,0
2026-03-01,24,9,76,76,67,85,0
2026-03-01,24,10,62,69,55,76,0
2026-03-01,24,11,75,75,58,92,0
2026-03-01,24,12,67,77,52,92,0
2026-03-01,24,13,71,71,60,82,1
2026-03-01,24,14,55,55,47,63,0
2026-03-01,24,15,73,73,59,87,1
2026-03-01,24,16,72,84,66,90,1
2026-03-01,24,17,50,69,45,74,0
2026-03-01,24,18,77,104,62,119,2
2026-03-01,24,19,65,65,50,80,0
2026-03-01,24,20,71,71,55,87,0
2026-03-01,25,1,69,93,64,98,1
2026-03-01,25,2,99,115,81,133,3
2026-03-01,25,3,59,73,53,79,0
2026-03-01,25,4,75,97,68,104,0
2026-03-01,25,5,70,70,55,85,0
2026-03-01,25,6,68,97,60,105,2
2026-03-01,25,7,77,115,63,129,0
2026-03-01,25,8,76,76,59,93,1
2026-03-01,25,9,79,79,67,91,1
2026-03-01,25,10,49,49,41,57,1
2026-03-01,25,11,88,89,73,104,2
2026-03-01,25,12,56,56,46,66,0
2026-03-01,25,13,72,75,53,94,0
2026-03-01,25,14,65,83,57,91,0
2026-03-01,25,15,83,97,65,115,1
2026-03-01,25,16,65,65,47,83,1
2026-03-01,25,17,88,96,74,110,0
2026-03-01,25,18,82,101,67,116,2
2026-03-01,25,19,61,63,54,70,1
2026-03-01,25,20,74,74,65,83,0
2026-03-01,26,1,38,38,29,47,0
2026-03-01,26,2,45,45,35,55,0
2026-03-01,26,3,51,68,42,77,1
2026-03-01,26,4,59,74,49,84,0
2026-03-01,26,5,63,73,49,87,1
2026-03-01,26,6,51,73,42,82,1
2026-03-01,26,7,59,59,45,73,1
2026-03-01,26,8,46,46,40,52,0
2026-03-01,26,9,53,77,39,91,0
2026-03-01,26,10,28,34,18,44,0
2026-03-01,26,11,59,83,47,95,1
2026-03-01,26,12,43,43,33,53,0
2026-03-01,26,13,38,38,30,46,1
2026-03-01,26,14,46,54,36,64,1
2026-03-01,26,15,37,46,21,62,1
2026-03-01,26,16,49,49,38,60,0
2026-03-01,26,17,44,55,38,61,0
2026-03-01,26,18,44,44,36,52,0
2026-03-01,26,19,57,77,48,86,0
2026-03-01,26,20,46,46,41,51,0
2026-03-01,27,1,64,64,44,84,0
2026-03-01,27,2,62,89,44,107,1
2026-03-01,27,3,48,49,42,55,0
2026-03-01,27,4,57,84,37,104,1
2026-03-01,27,5,59,59,50,68,0
2026-03-01,27,6,64,64,45,83,0
2026-03-01,27,7,70,70,52,88,1
2026-03-01,27,8,64,83,57,90,1
2026-03-01,27,9,61,66,43,84,0
2026-03-01,27,10,71,104,51,124,1
2026-03-01,27,11,61,73,46,88,1
2026-03-01,27,12,65,65,50,80,1
2026-03-01,27,13,57,70,38,89,1
2026-03-01,27,14,70,96,50,116,2
2026-03-01,27,15,59,73,50,82,1
2026-03-01,27,16,62,62,48,76,0
2026-03-01,27,17,74,100,55,119,1
2026-03-01,27,18,70,70,52,88,1
2026-03-01,27,19,63,94,55,102,1
2026-03-01,27,20,52,52,35,69,0
2026-03-01,28,1,70,77,65,82,0
2026-03-01,28,2,74,107,57,124,2
2026-03-01,28,3,60,77,45,92,0
2026-03-01,28,4,60,60,53,67,1
2026-03-01,28,5,56,66,49,73,1
2026-03-01,28,6,42,60,36,66,0
2026-03-01,28,7,49,59,43,65,1
2026-03-01,28,8,71,72,59,84,1
2026-03-01,28,9,64,73,54,83,1
2026-03-01,28,10,68,68,55,81,0
2026-03-01,28,11,72,74,59,87,1
2026-03-01,28,12,64,93,53,104,1
2026-03-01,28,13,65,84,53,96,2
2026-03-01,28,14,62,62,53,71,0
2026-03-01,28,15,88,89,72,105,0
2026-03-01,28,16,80,82,60,102,1
2026-03-01,28,17,56,56,47,65,0
2026-03-01,28,18,68,98,54,112,1
2026-03-01,28,19,62,64,50,76,0
2026-03-01,28,20,65,77,52,90,2
2026-03-01,29,1,48,54,41,61,1
2026-03-01,29,2,58,58,45,71,1
2026-03-01,29,3,45,45,35,55,0
2026-03-01,29,4,56,56,40,72,0
2026-03-01,29,5,44,44,29,59,0
2026-03-01,29,6,45,45,25,65,0
2026-03-01,29,7,45,54,39,60,1
2026-03-01,29,8,42,42,35,49,1
2026-03-01,29,9,56,71,45,82,0
2026-03-01,29,10,62,80,44,98,2
2026-03-01,29,11,50,50,42,58,0
2026-03-01,29,12,45,45,39,51,0
2026-03-01,29,13,56,56,40,72,1
2026-03-01,29,14,52,59,47,64,0
2026-03-01,29,15,53,53,44,62,1
2026-03-01,29,16,47,63,39,71,1
2026-03-01,29,17,58,63,42,79,0
2026-03-01,29,18,60,60,42,78,0
2026-03-01,29,19,51,67,38,80,1
2026-03-01,29,20,62,91,43,110,0
2026-03-01,30,1,55,55,39,71,1
2026-03-01,30,2,66,66,54,78,1
2026-03-01,30,3,60,68,45,83,0
2026-03-01,30,4,54,59,48,65,0
2026-03-01,30,5,68,68,49,87,1
2026-03-01,30,6,75,102,62,115,1
2026-03-01,30,7,73,105,66,112,2
2026-03-01,30,8,69,101,57,113,1
2026-03-01,30,9,71,72,62,81,0
2026-03-01,30,10,50,50,45,55,0
2026-03-01,30,11,82,82,64,100,0
2026-03-01,30,12,72,72,61,83,0
2026-03-01,30,13,65,65,47,83,0
2026-03-01,30,14,67,67,51,83,1
2026-03-01,30,15,61,61,41,81,0
2026-03-01,30,16,56,56,46,66,0
2026-03-01,30,17,63,85,43,105,1
2026-03-01,30,18,77,77,67,87,1
2026-03-01,30,19,73,73,55,91,0
2026-03-01,30,20,78,78,59,97,1
2026-03-01,31,1,65,65,50,80,1
2026-03-01,31,2,55,81,44,92,2
2026-03-01,31,3,67,67,54,80,0
2026-03-01,31,4,78,85,59,104,0
2026-03-01,31,5,60,60,46,74,0
2026-03-01,31,6,63,91,45,109,1
2026-03-01,31,7,69,71,49,91,1
2026-03-01,31,8,57,57,38,76,0
2026-03-01,31,9,55,68,50,73,0
2026-03-01,31,10,67,67,47,87,1
2026-03-01,31,11,79,79,62,96,0
2026-03-01,31,12,55,77,41,91,2
2026-03-01,31,13,47,47,30,64,0
2026-03-01,31,14,64,64,53,75,0
2026-03-01,31,15,57,57,47,67,0
2026-03-01,31,16,62,62,48,76,0
2026-03-01,31,17,58,58,47,69,1
2026-03-01,31,18,58,65,47,76,1
2026-03-01,31,19,61,81,51,91,1
2026-03-01,31,20,66,66,48,84,0
2026-03-01,32,1,43,43,33,53,0
2026-03-01,32,2,39,45,30,54,0
2026-03-01,32,3,40,43,34,49,0
2026-03-01,32,4,38,38,31,45,0
2026-03-01,32,5,53,57,37,73,1
2026-03-01,32,6,40,51,28,63,0
2026-03-01,32,7,34,34,27,41,0
2026-03-01,32,8,44,52,30,66,0
2026-03-01,32,9,52,52,36,68,0
2026-03-01,32,10,31,31,18,44,0
2026-03-01,32,11,51,64,33,82,0
2026-03-01,32,12,35,48,23,60,0
2026-03-01,32,13,46,46,29,63,0
2026-03-01,32,14,40,42,28,54,0
2026-03-01,32,15,40,50,33,57,0
2026-03-01,32,16,45,64,27,82,1
2026-03-01,32,17,57,57,44,70,1
2026-03-01,32,18,26,26,21,31,0
2026-03-01,32,19,50,63,30,83,0
2026-03-01,32,20,34,34,22,46,0
2026-03-01,33,1,41,57,35,63,0
2026-03-01,33,2,54,61,39,76,0
2026-03-01,33,3,50,63,41,72,1
2026-03-01,33,4,44,44,37,51,0
2026-03-01,33,5,41,41,31,51,0
2026-03-01,33,6,37,37,32,42,0
2026-03-01,33,7,70,103,51,122,0
2026-03-01,33,8,58,58,44,72,0
2026-03-01,33,9,66,88,46,108,2
2026-03-01,33,10,57,68,42,83,0
2026-03-01,33,11,50,55,37,68,0
2026-03-01,33,12,72,95,60,107,0
2026-03-01,33,13,58,72,42,88,1
2026-03-01,33,14,63,86,49,100,1
2026-03-01,33,15,43,62,32,73,0
2026-03-01,33,16,51,51,42,60,0
2026-03-01,33,17,59,72,45,86,1
2026-03-01,33,18,43,43,37,49,1
2026-03-01,33,19,58,59,40,77,0
2026-03-01,33,20,51,51,41,61,0
2026-03-01,34,1,60,70,40,90,0
2026-03-01,34,2,74,102,63,113,0
2026-03-01,34,3,70,70,60,80,1
2026-03-01,34,4,59,65,50,74,1
2026-03-01,34,5,70,70,57,83,1
2026-03-01,34,6,63,71,45,89,1
2026-03-01,34,7,69,93,58,104,2
2026-03-01,34,8,67,67,53,81,0
2026-03-01,34,9,60,60,55,65,0
2026-03-01,34,10,61,61,51,71,0
2026-03-01,34,11,62,87,49,100,1
2026-03-01,34,12,61,63,46,78,0
2026-03-01,34,13,49,64,41,72,1
2026-03-01,34,14,66,88,55,99,0
2026-03-01,34,15,65,65,56,74,1
2026-03-01,34,16,50,71,43,78,0
2026-03-01,34,17,46,46,40,52,1
2026-03-01,34,18,82,95,67,110,1
2026-03-01,34,19,63,65,57,71,1
2026-03-01,34,20,59,80,49,90,0
2026-03-01,35,1,65,93,46,112,1
2026-03-01,35,2,65,92,56,101,1
2026-03-01,35,3,59,59,41,77,1
2026-03-01,35,4,49,72,41,80,1
2026-03-01,35,5,50,61,37,74,1
2026-03-01,35,6,63,88,45,106,1
2026-03-01,35,7,44,44,36,52,1
2026-03-01,35,8,60,83,47,96,1
2026-03-01,35,9,45,49,40,54,0
2026-03-01,35,10,49,49,32,66,0
2026-03-01,35,11,48,48,38,58,0
2026-03-01,35,12,49,49,38,60,0
2026-03-01,35,13,57,65,43,79,1
2026-03-01,35,14,49,51,39,61,0
2026-03-01,35,15,46,46,33,59,0
2026-03-01,35,16,62,70,46,86,1
2026-03-01,35,17,58,78,42,94,1
2026-03-01,35,18,27,27,22,32,0
2026-03-01,35,19,53,53,42,64,0
2026-03-01,35,20,52,55,47,60,0
2026-03-01,36,1,47,47,27,67,0
2026-03-01,36,2,48,48,35,61,0
2026-03-01,36,3,35,47,30,52,0
2026-03-01,36,4,54,54,39,69,0
2026-03-01,36,5,50,56,32,74,0
2026-03-01,36,6,41,54,23,72,0
2026-03-01,36,7,52,52,35,69,1
2026-03-01,36,8,45,60,36,69,1
2026-03-01,36,9,36,46,28,54,1
2026-03-01,36,10,45,45,35,55,0
2026-03-01,36,11,63,66,48,81,0
2026-03-01,36,12,44,61,36,69,1
2026-03-01,36,13,56,69,40,85,1
2026-03-01,36,14,45,45,34,56,0
2026-03-01,36,15,50,50,36,64,0
2026-03-01,36,16,66,81,46,101,1
2026-03-01,36,17,40,40,25,55,0
2026-03-01,36,18,53,53,40,66,1
2026-03-01,36,19,40,43,30,53,0
2026-03-01,36,20,55,55,35,75,1
2026-03-01,37,1,53,53,46,60,1
2026-03-01,37,2,51,73,40,84,0
2026-03-01,37,3,53,57,45,65,0
2026-03-01,37,4,67,68,48,87,1
2026-03-01,37,5,79,79,59,99,1
2026-03-01,37,6,64,64,49,79,0
2026-03-01,37,7,87,87,82,92,1
2026-03-01,37,8,41,43,35,49,0
2026-03-01,37,9,70,87,56,101,2
2026-03-01,37,10,60,69,46,83,0
2026-03-01,37,11,66,66,56,76,0
2026-03-01,37,12,87,90,80,97,2
2026-03-01,37,13,65,65,57,73,1
2026-03-01,37,14,66,79,48,97,2
2026-03-01,37,15,53,53,44,62,0
2026-03-01,37,16,66,70,51,85,1
2026-03-01,37,17,51,66,37,80,0
2026-03-01,37,18,57,69,41,85,0
2026-03-01,37,19,67,85,60,92,1
2026-03-01,37,20,70,71,54,87,0
2026-03-01,38,1,46,65,41,70,1
2026-03-01,38,2,41,41,34,48,0
2026-03-01,38,3,32,47,18,61,1
2026-03-01,38,4,45,57,39,63,0
2026-03-01,38,5,43,46,23,66,0
2026-03-01,38,6,59,60,43,76,1
2026-03-01,38,7,62,90,43,109,0
2026-03-01,38,8,52,52,41,63,1
2026-03-01,38,9,44,56,38,62,1
2026-03-01,38,10,38,40,19,59,1
2026-03-01,38,11,48,63,39,72,0
2026-03-01,38,12,57,75,38,94,2
2026-03-01,38,13,68,68,52,84,0
2026-03-01,38,14,48,64,38,74,1
2026-03-01,38,15,40,43,22,61,0
2026-03-01,38,16,79,105,60,124,1
2026-03-01,38,17,54,59,38,75,1
2026-03-01,38,18,49,58,35,72,0
2026-03-01,38,19,33,43,25,51,1
2026-03-01,38,20,48,48,35,61,0
2026-03-01,39,1,44,60,39,65,0
2026-03-01,39,2,51,61,42,70,0
2026-03-01,39,3,45,45,33,57,0
2026-03-01,39,4,53,76,43,86,1
2026-03-01,39,5,58,76,44,90,0
2026-03-01,39,6,53,77,35,95,1
2026-03-01,39,7,58,66,39,85,0
2026-03-01,39,8,75,103,57,121,2
2026-03-01,39,9,38,38,33,43,0
2026-03-01,39,10,37,51,32,56,0
2026-03-01,39,11,68,96,51,113,0
2026-03-01,39,12,67,81,62,86,0
2026-03-01,39,13,38,38,32,44,0
2026-03-01,39,14,33,35,22,46,0
2026-03-01,39,15,50,64,39,75,1
2026-03-01,39,16,58,58,49,67,0
2026-03-01,39,17,56,56,41,71,0
2026-03-01,39,18,70,70,57,83,0
2026-03-01,39,19,45,48,36,57,0
2026-03-01,39,20,47,61,35,73,1
2026-03-01,40,1,69,97,53,113,1
2026-03-01,40,2,72,101,58,115,2
2026-03-01,40,3,73,73,61,85,0
2026-03-01,40,4,79,108,72,115,2
2026-03-01,40,5,72,72,52,92,0
2026-03-01,40,6,60,81,47,94,0
2026-03-01,40,7,69,78,52,95,0
2026-03-01,40,8,63,86,53,96,1
2026-03-01,40,9,57,57,50,64,1
2026-03-01,40,10,80,118,65,133,2
2026-03-01,40,11,63,63,43,83,0
2026-03-01,40,12,60,60,47,73,1
2026-03-01,40,13,63,63,44,82,1
2026-03-01,40,14,68,75,62,81,1
2026-03-01,40,15,51,51,39,63,0
2026-03-01,40,16,53,61,36,78,0
2026-03-01,40,17,61,61,45,77,0
2026-03-01,40,18,68,86,56,98,2
2026-03-01,40,19,66,78,49,95,1
2026-03-01,40,20,58,68,48,78,0
2026-03-01,41,1,49,49,32,66,0
2026-03-01,41,2,61,61,42,80,0
2026-03-01,41,3,22,22,12,32,0
2026-03-01,41,4,44,50,34,60,0
2026-03-01,41,5,35,35,28,42,0
2026-03-01,41,6,50,66,33,83,1
2026-03-01,41,7,40,59,27,72,0
2026-03-01,41,8,65,70,46,89,1
2026-03-01,41,9,54,54,36,72,0
2026-03-01,41,10,53,53,46,60,0
2026-03-01,41,11,58,70,48,80,0
2026-03-01,41,12,49,53,33,69,0
2026-03-01,41,13,44,61,36,69,0
2026-03-01,41,14,49,56,36,69,0
2026-03-01,41,15,55,55,46,64,0
2026-03-01,41,16,55,78,48,85,1
2026-03-01,41,17,42,42,23,61,1
2026-03-01,41,18,44,48,30,62,1
2026-03-01,41,19,45,60,25,80,0
2026-03-01,41,20,51,54,36,69,0
2026-03-01,42,1,56,62,45,73,1
2026-03-01,42,2,61,61,51,71,1
2026-03-01,42,3,38,51,33,56,1
2026-03-01,42,4,57,74,38,93,0
2026-03-01,42,5,47,47,28,66,0
2026-03-01,42,6,47,64,31,80,1
2026-03-01,42,7,51,58,34,75,0
2026-03-01,42,8,60,60,48,72,1
2026-03-01,42,9,54,54,36,72,0
2026-03-01,42,10,35,38,28,45,0
2026-03-01,42,11,53,53,42,64,1
2026-03-01,42,12,62,66,45,83,1
2026-03-01,42,13,44,46,32,58,0
2026-03-01,42,14,50,50,36,64,0
2026-03-01,42,15,44,59,34,69,0
2026-03-01,42,16,50,50,35,65,1
2026-03-01,42,17,52,52,32,72,0
2026-03-01,42,18,37,50,28,59,1
2026-03-01,42,19,49,50,44,55,0
2026-03-01,42,20,40,48,23,65,0
2026-03-01,43,1,47,47,33,61,0
2026-03-01,43,2,63,75,51,87,1
2026-03-01,43,3,78,78,65,91,2
2026-03-01,43,4,80,80,60,100,2
2026-03-01,43,5,66,66,58,74,0
2026-03-01,43,6,71,82,54,99,1
2026-03-01,43,7,75,75,60,90,0
2026-03-01,43,8,50,50,45,55,1
2026-03-01,43,9,87,87,68,106,0
2026-03-01,43,10,54,54,41,67,0
2026-03-01,43,11,86,101,74,113,0
2026-03-01,43,12,64,64,45,83,0
2026-03-01,43,13,56,56,49,63,0
2026-03-01,43,14,67,80,52,95,1
2026-03-01,43,15,66,66,60,72,0
2026-03-01,43,16,72,101,52,121,2
2026-03-01,43,17,71,72,62,81,1
2026-03-01,43,18,79,79,64,94,1
2026-03-01,43,19,65,80,45,100,0
2026-03-01,43,20,65,65,60,70,0
2026-03-01,44,1,56,81,46,91,0
2026-03-01,44,2,45,61,38,68,0
2026-03-01,44,3,48,48,41,55,1
2026-03-01,44,4,61,87,43,105,2
2026-03-01,44,5,46,46,39,53,0
2026-03-01,44,6,72,72,64,80,0
2026-03-01,44,7,50,50,43,57,0
2026-03-01,44,8,45,45,40,50,0
2026-03-01,44,9,49,58,40,67,0
2026-03-01,44,10,48,50,29,69,0
2026-03-01,44,11,56,56,40,72,0
2026-03-01,44,12,59,59,43,75,0
2026-03-01,44,13,59,59,53,65,1
2026-03-01,44,14,61,73,46,88,0
2026-03-01,44,15,59,59,49,69,1
2026-03-01,44,16,58,67,47,78,1
2026-03-01,44,17,55,60,37,78,1
2026-03-01,44,18,56,73,41,88,0
2026-03-01,44,19,52,52,40,64,0
2026-03-01,44,20,53,53,43,63,0
2026-03-01,45,1,63,63,46,80,0
2026-03-01,45,2,61,79,53,87,0
2026-03-01,45,3,61,61,42,80,0
2026-03-01,45,4,53,53,39,67,0
2026-03-01,45,5,64,64,44,84,0
2026-03-01,45,6,55,55,50,60,0
2026-03-01,45,7,65,65,46,84,0
2026-03-01,45,8,66,95,50,111,0
2026-03-01,45,9,61,75,52,84,0
2026-03-01,45,10,61,81,51,91,1
2026-03-01,45,11,54,54,47,61,0
2026-03-01,45,12,61,79,49,91,1
2026-03-01,45,13,70,70,59,81,0
2026-03-01,45,14,50,69,42,77,0
2026-03-01,45,15,51,51,34,68,1
2026-03-01,45,16,69,93,56,106,2
2026-03-01,45,17,63,63,51,75,1
2026-03-01,45,18,61,62,51,72,0
2026-03-01,45,19,69,69,57,81,1
2026-03-01,45,20,65,76,49,92,1
2026-03-01,46,1,54,75,42,87,1
2026-03-01,46,2,87,122,68,141,1
2026-03-01,46,3,67,73,51,89,0
2026-03-01,46,4,77,98,59,116,2
2026-03-01,46,5,60,80,55,85,0
2026-03-01,46,6,66,97,51,112,1
2026-03-01,46,7,58,72,52,78,1
2026-03-01,46,8,61,75,41,95,0
2026-03-01,46,9,85,117,73,129,0
2026-03-01,46,10,59,61,52,68,0
2026-03-01,46,11,61,71,49,83,1
2026-03-01,46,12,61,61,50,72,0
2026-03-01,46,13,42,51,32,61,0
2026-03-01,46,14,62,91,54,99,0
2026-03-01,46,15,92,92,77,107,1
2026-03-01,46,16,60,76,46,90,1
2026-03-01,46,17,51,66,42,75,1
2026-03-01,46,18,77,77,58,96,0
2026-03-01,46,19,59,79,53,85,1
2026-03-01,46,20,71,71,55,87,1
2026-03-01,47,1,88,99,77,110,2
2026-03-01,47,2,59,59,49,69,1
2026-03-01,47,3,82,82,66,98,1
2026-03-01,47,4,92,111,74,129,0
2026-03-01,47,5,88,114,69,133,1
2026-03-01,47,6,66,66,46,86,1
2026-03-01,47,7,67,88,59,96,2
2026-03-01,47,8,84,84,65,103,0
2026-03-01,47,9,75,75,59,91,0
2026-03-01,47,10,81,81,63,99,2
2026-03-01,47,11,74,74,57,91,2
2026-03-01,47,12,77,109,60,126,1
2026-03-01,47,13,49,49,41,57,1
2026-03-01,47,14,68,68,61,75,1
2026-03-01,47,15,88,126,70,144,1
2026-03-01,47,16,82,111,74,119,0
2026-03-01,47,17,109,109,89,129,3
2026-03-01,47,18,77,84,62,99,0
2026-03-01,47,19,65,65,54,76,1
2026-03-01,47,20,72,106,64,114,1
2026-03-01,48,1,54,75,45,84,1
2026-03-01,48,2,63,90,44,109,2
2026-03-01,48,3,43,61,35,69,0
2026-03-01,48,4,51,56,39,68,1
2026-03-01,48,5,54,54,45,63,0
2026-03-01,48,6,53,56,43,66,0
2026-03-01,48,7,55,61,41,75,1
2026-03-01,48,8,63,67,57,73,1
2026-03-01,48,9,51,54,36,69,1
2026-03-01,48,10,55,81,43,93,0
2026-03-01,48,11,57,57,44,70,1
2026-03-01,48,12,82,82,62,102,0
2026-03-01,48,13,59,69,39,89,0
2026-03-01,48,14,57,57,44,70,1
2026-03-01,48,15,50,58,42,66,0
2026-03-01,48,16,64,64,51,77,0
2026-03-01,48,17,49,68,43,74,1
2026-03-01,48,18,65,88,46,107,1
2026-03-01,48,19,62,62,46,78,0
2026-03-01,48,20,62,70,46,86,2
2026-03-01,49,1,50,50,33,67,0
2026-03-01,49,2,59,59,40,78,1
2026-03-01,49,3,44,61,37,68,0
2026-03-01,49,4,39,57,34,62,0
2026-03-01,49,5,62,62,45,79,0
2026-03-01,49,6,60,72,47,85,1
2026-03-01,49,7,47,54,36,65,0
2026-03-01,49,8,48,66,32,82,0
2026-03-01,49,9,47,47,39,55,0
2026-03-01,49,10,41,48,26,63,0
2026-03-01,49,11,55,70,37,88,1
2026-03-01,49,12,48,52,33,67,0
2026-03-01,49,13,48,57,31,74,1
2026-03-01,49,14,47,67,31,83,0
2026-03-01,49,15,37,37,28,46,0
2026-03-01,49,16,45,51,40,56,0
2026-03-01,49,17,60,60,40,80,0
2026-03-01,49,18,42,42,33,51,0
2026-03-01,49,19,40,40,35,45,0
2026-03-01,49,20,43,49,29,63,1
2026-03-01,50,1,51,62,42,71,0
2026-03-01,50,2,65,85,53,97,1
2026-03-01,50,3,55,55,39,71,1
2026-03-01,50,4,48,49,31,66,0
2026-03-01,50,5,43,43,35,51,0
2026-03-01,50,6,39,39,33,45,0
2026-03-01,50,7,57,69,41,85,1
2026-03-01,50,8,58,86,41,103,0
2026-03-01,50,9,51,56,44,63,1
2026-03-01,50,10,44,57,33,68,0
2026-03-01,50,11,58,58,43,73,1
2026-03-01,50,12,63,70,47,86,0
2026-03-01,50,13,43,43,27,59,1
2026-03-01,50,14,48,52,34,66,0
2026-03-01,50,15,69,69,53,85,1
2026-03-01,50,16,52,52,43,61,1
2026-03-01,50,17,40,40,33,47,0
2026-03-01,50,18,53,53,48,58,0
2026-03-01,50,19,42,51,25,68,0
2026-03-01,50,20,48,56,43,61,1
2026-03-08,1,1,80,97,60,117,0
2026-03-08,1,2,50,50,42,58,1
2026-03-08,1,3,78,83,69,92,1
2026-03-08,1,4,63,63,48,78,0
2026-03-08,1,5,54,54,44,64,0
2026-03-08,1,6,62,62,50,74,0
2026-03-08,1,7,88,111,68,131,0
2026-03-08,1,8,52,58,44,66,1
2026-03-08,1,9,72,72,62,82,0
2026-03-08,1,10,45,45,38,52,1
2026-03-08,1,11,68,68,52,84,1
2026-03-08,1,12,57,57,43,71,0
2026-03-08,1,13,47,47,34,60,0
2026-03-08,1,14,64,64,44,84,0
2026-03-08,1,15,61,74,53,82,0
2026-03-08,1,16,53,58,43,68,1
2026-03-08,1,17,65,91,45,111,2
2026-03-08,1,18,61,74,41,94,1
2026-03-08,1,19,70,100,50,120,1
2026-03-08,1,20,62,81,44,99,0
2026-03-08,2,1,41,49,32,58,0
2026-03-08,2,2,49,49,36,62,1
2026-03-08,2,3,35,48,28,55,0
2026-03-08,2,4,48,48,35,61,1
2026-03-08,2,5,32,40,19,53,0
2026-03-08,2,6,47,50,39,58,0
2026-03-08,2,7,57,57,40,74,0
2026-03-08,2,8,66,86,46,106,2
2026-03-08,2,9,69,69,57,81,0
2026-03-08,2,10,42,53,29,66,1
2026-03-08,2,11,51,71,44,78,0
2026-03-08,2,12,38,38,28,48,0
2026-03-08,2,13,64,64,58,70,0
2026-03-08,2,14,52,64,46,70,1
2026-03-08,2,15,54,54,39,69,1
2026-03-08,2,16,57,80,39,98,0
2026-03-08,2,17,40,53,22,71,1
2026-03-08,2,18,49,70,40,79,0
2026-03-08,2,19,38,53,25,66,0
2026-03-08,2,20,44,45,25,64,0
2026-03-08,3,1,52,53,44,61,0
2026-03-08,3,2,58,65,50,73,0
2026-03-08,3,3,37,37,29,45,0
2026-03-08,3,4,53,65,45,73,1
2026-03-08,3,5,76,76,59,93,1
2026-03-08,3,6,47,54,38,63,1
2026-03-08,3,7,52,63,39,76,0
2026-03-08,3,8,74,86,69,91,0
2026-03-08,3,9,65,65,50,80,1
2026-03-08,3,10,41,41,34,48,0
2026-03-08,3,11,65,65,46,84,0
2026-03-08,3,12,68,68,51,85,0
2026-03-08,3,13,51,72,39,84,1
2026-03-08,3,14,57,68,48,77,2
2026-03-08,3,15,31,40,25,46,0
2026-03-08,3,16,66,74,57,83,0
2026-03-08,3,17,48,68,37,79,0
2026-03-08,3,18,50,72,45,77,1
2026-03-08,3,19,42,42,28,56,0
2026-03-08,3,20,72,72,56,88,0
2026-03-08,4,1,64,64,58,70,0
2026-03-08,4,2,73,73,68,78,1
2026-03-08,4,3,83,83,73,93,0
2026-03-08,4,4,57,62,51,68,1
2026-03-08,4,5,60,60,43,77,0
2026-03-08,4,6,66,87,52,101,1
2026-03-08,4,7,67,67,54,80,0
2026-03-08,4,8,104,153,88,169,3
2026-03-08,4,9,77,108,58,127,2
2026-03-08,4,10,81,103,74,110,1
2026-03-08,4,11,77,78,66,89,0
2026-03-08,4,12,84,115,72,127,0
2026-03-08,4,13,68,68,61,75,0
2026-03-08,4,14,57,84,46,95,1
2026-03-08,4,15,62,80,50,92,0
2026-03-08,4,16,86,101,73,114,1
2026-03-08,4,17,69,84,57,96,2
2026-03-08,4,18,70,76,60,86,2
2026-03-08,4,19,80,105,63,122,0
2026-03-08,4,20,65,84,58,91,1
2026-03-08,5,1,54,71,46,79,1
2026-03-08,5,2,53,73,37,89,0
2026-03-08,5,3,40,42,27,55,1
2026-03-08,5,4,33,44,27,50,1
2026-03-08,5,5,32,32,25,39,0
2026-03-08,5,6,47,47,37,57,0
2026-03-08,5,7,21,26,12,35,0
2026-03-08,5,8,41,59,34,66,0
2026-03-08,5,9,33,47,25,55,1
2026-03-08,5,10,39,39,19,59,0
2026-03-08,5,11,55,55,49,61,0
2026-03-08,5,12,45,48,30,63,0
2026-03-08,5,13,33,33,26,40,0
2026-03-08,5,14,51,71,37,85,1
2026-03-08,5,15,36,42,28,50,0
2026-03-08,5,16,32,35,27,40,0
2026-03-08,5,17,47,65,32,80,1
2026-03-08,5,18,45,63,26,82,1
2026-03-08,5,19,50,53,31,72,0
2026-03-08,5,20,41,61,27,75,0
2026-03-08,6,1,51,65,39,77,0
2026-03-08,6,2,60,60,41,79,0
2026-03-08,6,3,52,52,44,60,0
2026-03-08,6,4,61,61,52,70,0
2026-03-08,6,5,62,62,47,77,1
2026-03-08,6,6,40,55,34,61,0
2026-03-08,6,7,38,50,33,55,0
2026-03-08,6,8,50,71,30,91,1
2026-03-08,6,9,63,89,51,101,1
2026-03-08,6,10,54,58,41,71,1
2026-03-08,6,11,46,62,41,67,1
2026-03-08,6,12,41,41,29,53,0
2026-03-08,6,13,59,65,48,76,0
2026-03-08,6,14,66,83,51,98,1
2026-03-08,6,15,71,71,62,80,1
2026-03-08,6,16,48,61,39,70,0
2026-03-08,6,17,58,58,45,71,1
2026-03-08,6,18,50,74,36,88,1
2026-03-08,6,19,59,72,40,91,0
2026-03-08,6,20,64,75,47,92,0
2026-03-08,7,1,64,80,59,85,1
2026-03-08,7,2,54,62,45,71,0
2026-03-08,7,3,33,37,28,42,0
2026-03-08,7,4,41,41,36,46,1
2026-03-08,7,5,29,39,23,45,0
2026-03-08,7,6,53,63,45,71,1
2026-03-08,7,7,57,57,39,75,1
2026-03-08,7,8,56,56,42,70,0
2026-03-08,7,9,71,78,62,87,0
2026-03-08,7,10,53,76,34,95,1
2026-03-08,7,11,64,76,46,94,2
2026-03-08,7,12,44,59,32,71,0
2026-03-08,7,13,48,65,39,74,0
2026-03-08,7,14,54,69,43,80,0
2026-03-08,7,15,55,55,41,69,1
2026-03-08,7,16,52,70,45,77,0
2026-03-08,7,17,47,54,36,65,1
2026-03-08,7,18,50,72,37,85,1
2026-03-08,7,19,48,48,37,59,1
2026-03-08,7,20,47,47,42,52,1
2026-03-08,8,1,35,36,25,46,0
2026-03-08,8,2,44,55,29,70,0
2026-03-08,8,3,45,45,31,59,0
2026-03-08,8,4,54,58,40,72,0
2026-03-08,8,5,43,44,33,54,0
2026-03-08,8,6,35,47,24,58,0
2026-03-08,8,7,38,51,24,65,1
2026-03-08,8,8,47,47,30,64,0
2026-03-08,8,9,55,73,37,91,1
2026-03-08,8,10,32,38,22,48,1
2026-03-08,8,11,43,55,27,71,1
2026-03-08,8,12,59,59,39,79,0
2026-03-08,8,13,31,44,26,49,0
2026-03-08,8,14,63,73,46,90,0
2026-03-08,8,15,38,38,28,48,0
2026-03-08,8,16,61,61,41,81,1
2026-03-08,8,17,55,61,43,73,0
2026-03-08,8,18,50,50,36,64,0
2026-03-08,8,19,33,33,25,41,0
2026-03-08,8,20,44,44,24,64,0
2026-03-08,9,1,64,89,51,102,1
2026-03-08,9,2,62,91,45,108,2
2026-03-08,9,3,51,57,41,67,0
2026-03-08,9,4,50,55,45,60,1
2026-03-08,9,5,65,83,46,102,2
2026-03-08,9,6,68,69,51,86,0
2026-03-08,9,7,75,101,58,118,2
2026-03-08,9,8,52,76,45,83,1
2026-03-08,9,9,74,108,61,121,1
2026-03-08,9,10,68,68,52,84,1
2026-03-08,9,11,59,59,51,67,1
2026-03-08,9,12,62,70,57,75,1
2026-03-08,9,13,75,75,59,91,1
2026-03-08,9,14,53,53,39,67,0
2026-03-08,9,15,52,52,42,62,0
2026-03-08,9,16,57,60,48,69,0
2026-03-08,9,17,68,68,61,75,1
2026-03-08,9,18,49,49,38,60,0
2026-03-08,9,19,70,70,51,89,1
2026-03-08,9,20,50,52,40,62,0
2026-03-08,10,1,68,92,58,102,1
2026-03-08,10,2,90,111,74,127,2
2026-03-08,10,3,73,77,63,87,0
2026-03-08,10,4,86,99,78,107,0
2026-03-08,10,5,66,67,58,75,1
2026-03-08,10,6,96,133,89,140,1
2026-03-08,10,7,83,83,63,103,1
2026-03-08,10,8,65,65,60,70,1
2026-03-08,10,9,90,134,73,151,3
2026-03-08,10,10,79,79,59,99,2
2026-03-08,10,11,76,113,68,121,1
2026-03-08,10,12,65,65,48,82,0
2026-03-08,10,13,71,71,63,79,0
2026-03-08,10,14,61,61,45,77,0
2026-03-08,10,15,72,85,59,98,0
2026-03-08,10,16,95,103,75,123,2
2026-03-08,10,17,49,58,33,74,0
2026-03-08,10,18,69,84,56,97,1
2026-03-08,10,19,75,88,62,101,0
2026-03-08,10,20,57,83,48,92,0
2026-03-08,11,1,61,81,48,94,0
2026-03-08,11,2,54,54,37,71,1
2026-03-08,11,3,39,39,22,56,1
2026-03-08,11,4,48,48,43,53,0
2026-03-08,11,5,48,49,37,60,0
2026-03-08,11,6,55,55,38,72,1
2026-03-08,11,7,53,59,43,69,0
2026-03-08,11,8,60,60,48,72,1
2026-03-08,11,9,70,70,51,89,1
2026-03-08,11,10,55,67,40,82,0
2026-03-08,11,11,61,62,49,74,1
2026-03-08,11,12,61,69,43,87,0
2026-03-08,11,13,60,60,45,75,1
2026-03-08,11,14,52,52,44,60,1
2026-03-08,11,15,51,51,41,61,0
2026-03-08,11,16,68,88,53,103,1
2026-03-08,11,17,31,39,25,45,0
2026-03-08,11,18,56,79,43,92,0
2026-03-08,11,19,47,63,35,75,1
2026-03-08,11,20,71,73,54,90,0
2026-03-08,12,1,65,83,53,95,1
2026-03-08,12,2,80,80,67,93,0
2026-03-08,12,3,39,55,34,60,0
2026-03-08,12,4,55,82,39,98,1
2026-03-08,12,5,31,31,25,37,0
2026-03-08,12,6,55,55,42,68,1
2026-03-08,12,7,56,72,37,91,0
2026-03-08,12,8,87,108,69,126,2
2026-03-08,12,9,59,78,46,91,0
2026-03-08,12,10,53,53,42,64,1
2026-03-08,12,11,65,78,50,93,2
2026-03-08,12,12,53,53,46,60,0
2026-03-08,12,13,63,64,52,75,0
2026-03-08,12,14,45,61,40,66,1
2026-03-08,12,15,57,57,48,66,0
2026-03-08,12,16,70,70,54,86,0
2026-03-08,12,17,40,40,24,56,0
2026-03-08,12,18,61,61,55,67,0
2026-03-08,12,19,49,49,38,60,0
2026-03-08,12,20,61,79,41,99,0
2026-03-08,13,1,88,102,81,109,1
2026-03-08,13,2,57,72,47,82,0
2026-03-08,13,3,94,108,75,127,2
2026-03-08,13,4,83,100,65,118,1
2026-03-08,13,5,68,68,58,78,0
2026-03-08,13,6,67,85,54,98,0
2026-03-08,13,7,72,93,66,99,1
2026-03-08,13,8,72,72,58,86,1
2026-03-08,13,9,68,98,48,118,0
2026-03-08,13,10,68,95,57,106,1
2026-03-08,13,11,91,91,76,106,2
2026-03-08,13,12,72,72,63,81,0
2026-03-08,13,13,63,63,55,71,0
2026-03-08,13,14,86,86,67,105,2
2026-03-08,13,15,55,76,47,84,0
2026-03-08,13,16,82,82,71,93,0
2026-03-08,13,17,68,68,57,79,0
2026-03-08,13,18,85,90,66,109,1
2026-03-08,13,19,70,70,60,80,0
2026-03-08,13,20,88,120,71,137,1
2026-03-08,14,1,62,76,46,92,0
2026-03-08,14,2,75,98,56,117,0
2026-03-08,14,3,49,58,43,64,1
2026-03-08,14,4,59,62,45,76,0
2026-03-08,14,5,70,88,60,98,2
2026-03-08,14,6,59,59,39,79,1
2026-03-08,14,7,41,57,32,66,0
2026-03-08,14,8,55,55,40,70,0
2026-03-08,14,9,45,45,34,56,1
2026-03-08,14,10,59,84,41,102,0
2026-03-08,14,11,50,62,45,67,1
2026-03-08,14,12,53,53,44,62,0
2026-03-08,14,13,61,61,43,79,1
2026-03-08,14,14,59,72,41,90,1
2026-03-08,14,15,66,75,46,95,1
2026-03-08,14,16,54,76,40,90,2
2026-03-08,14,17,49,72,34,87,2
2026-03-08,14,18,45,45,31,59,1
2026-03-08,14,19,47,66,41,72,1
2026-03-08,14,20,53,71,43,81,0
2026-03-08,15,1,59,77,42,94,0
2026-03-08,15,2,44,44,33,55,0
2026-03-08,15,3,39,46,26,59,1
2026-03-08,15,4,45,58,40,63,1
2026-03-08,15,5,28,40,19,49,0
2026-03-08,15,6,35,39,28,46,0
2026-03-08,15,7,59,59,46,72,0
2026-03-08,15,8,36,46,31,51,1
2026-03-08,15,9,46,65,37,74,0
2026-03-08,15,10,73,73,61,85,0
2026-03-08,15,11,47,47,39,55,1
2026-03-08,15,12,54,71,35,90,1
2026-03-08,15,13,48,59,35,72,0
2026-03-08,15,14,48,48,31,65,1
2026-03-08,15,15,46,46,33,59,0
2026-03-08,15,16,42,48,35,55,0
2026-03-08,15,17,47,57,29,75,1
2026-03-08,15,18,47,68,40,75,1
2026-03-08,15,19,48,62,28,82,1
2026-03-08,15,20,48,57,33,72,0
2026-03-08,16,1,58,67,39,86,1
2026-03-08,16,2,52,52,42,62,0
2026-03-08,16,3,57,78,42,93,0
2026-03-08,16,4,61,85,51,95,0
2026-03-08,16,5,57,83,39,101,0
2026-03-08,16,6,47,68,36,79,0
2026-03-08,16,7,50,50,40,60,0
2026-03-08,16,8,61,79,51,89,1
2026-03-08,16,9,41,41,36,46,0
2026-03-08,16,10,53,53,44,62,1
2026-03-08,16,11,68,68,54,82,0
2026-03-08,16,12,53,62,37,78,0
2026-03-08,16,13,53,53,42,64,0
2026-03-08,16,14,64,81,47,98,1
2026-03-08,16,15,52,56,46,62,0
2026-03-08,16,16,59,59,51,67,1
2026-03-08,16,17,58,67,38,87,0
2026-03-08,16,18,52,52,36,68,0
2026-03-08,16,19,44,64,34,74,1
2026-03-08,16,20,47,47,36,58,0
2026-03-08,17,1,38,38,32,44,0
2026-03-08,17,2,60,60,55,65,1
2026-03-08,17,3,49,67,35,81,0
2026-03-08,17,4,48,71,30,89,0
2026-03-08,17,5,51,51,34,68,0
2026-03-08,17,6,45,51,26,70,0
2026-03-08,17,7,54,60,35,79,1
2026-03-08,17,8,52,52,38,66,0
2026-03-08,17,9,47,50,41,56,1
2026-03-08,17,10,46,67,30,83,0
2026-03-08,17,11,57,57,37,77,0
2026-03-08,17,12,48,66,32,82,1
2026-03-08,17,13,34,40,27,47,0
2026-03-08,17,14,38,56,31,63,1
2026-03-08,17,15,52,64,41,75,1
2026-03-08,17,16,41,49,31,59,1
2026-03-08,17,17,52,70,37,85,1
2026-03-08,17,18,57,57,42,72,0
2026-03-08,17,19,58,58,43,73,0
2026-03-08,17,20,31,43,24,50,0
2026-03-08,18,1,51,69,32,88,0
2026-03-08,18,2,93,93,79,107,1
2026-03-08,18,3,66,96,52,110,0
2026-03-08,18,4,98,102,86,114,0
2026-03-08,18,5,59,59,52,66,0
2026-03-08,18,6,62,62,49,75,0
2026-03-08,18,7,75,110,65,120,1
2026-03-08,18,8,79,79,62,96,1
2026-03-08,18,9,69,73,59,83,0
2026-03-08,18,10,65,67,57,75,1
2026-03-08,18,11,77,77,65,89,0
2026-03-08,18,12,104,112,92,124,2
2026-03-08,18,13,68,72,61,79,0
2026-03-08,18,14,76,86,63,99,0
2026-03-08,18,15,72,72,59,85,0
2026-03-08,18,16,88,88,73,103,0
2026-03-08,18,17,64,90,50,104,1
2026-03-08,18,18,83,83,63,103,1
2026-03-08,18,19,69,98,49,118,0
2026-03-08,18,20,57,57,51,63,0
2026-03-08,19,1,44,47,38,53,0
2026-03-08,19,2,48,51,37,62,0
2026-03-08,19,3,55,55,36,74,1
2026-03-08,19,4,62,80,42,100,0
2026-03-08,19,5,55,69,41,83,1
2026-03-08,19,6,60,60,42,78,1
2026-03-08,19,7,79,85,59,105,0
2026-03-08,19,8,55,73,45,83,1
2026-03-08,19,9,62,86,45,103,1
2026-03-08,19,10,34,41,24,51,0
2026-03-08,19,11,56,74,40,90,1
2026-03-08,19,12,56,69,42,83,0
2026-03-08,19,13,59,83,44,98,1
2026-03-08,19,14,57,60,38,79,0
2026-03-08,19,15,52,65,42,75,1
2026-03-08,19,16,58,60,44,74,1
2026-03-08,19,17,55,55,37,73,0
2026-03-08,19,18,65,87,46,106,1
2026-03-08,19,19,63,63,49,77,0
2026-03-08,19,20,49,49,39,59,0
2026-03-08,20,1,59,72,41,90,1
2026-03-08,20,2,44,54,38,60,0
2026-03-08,20,3,40,50,35,55,1
2026-03-08,20,4,72,72,55,89,0
2026-03-08,20,5,40,40,28,52,1
2026-03-08,20,6,72,93,57,108,0
2026-03-08,20,7,75,75,58,92,1
2026-03-08,20,8,59,59,47,71,0
2026-03-08,20,9,67,68,48,87,1
2026-03-08,20,10,52,69,43,78,0
2026-03-08,20,11,70,99,53,116,2
2026-03-08,20,12,43,52,34,61,0
2026-03-08,20,13,79,87,66,100,0
2026-03-08,20,14,57,57,52,62,1
2026-03-08,20,15,67,67,56,78,0
2026-03-08,20,16,55,55,46,64,1
2026-03-08,20,17,30,30,23,37,0
2026-03-08,20,18,75,105,60,120,0
2026-03-08,20,19,50,50,43,57,1
2026-03-08,20,20,53,53,45,61,0
2026-03-08,21,1,41,49,31,59,0
2026-03-08,21,2,55,60,41,74,1
2026-03-08,21,3,45,45,35,55,0
2026-03-08,21,4,45,52,39,58,0
2026-03-08,21,5,55,63,36,82,1
2026-03-08,21,6,41,54,29,66,1
2026-03-08,21,7,54,54,37,71,1
2026-03-08,21,8,56,56,44,68,0
2026-03-08,21,9,56,70,37,89,0
2026-03-08,21,10,48,48,38,58,0
2026-03-08,21,11,42,54,34,62,0
2026-03-08,21,12,61,61,48,74,0
2026-03-08,21,13,51,53,32,72,1
2026-03-08,21,14,51,75,39,87,1
2026-03-08,21,15,61,61,42,80,0
2026-03-08,21,16,54,54,36,72,1
2026-03-08,21,17,61,66,44,83,0
2026-03-08,21,18,53,72,33,92,1
2026-03-08,21,19,51,51,34,68,0
2026-03-08,21,20,34,50,27,57,1
2026-03-08,22,1,48,60,35,73,0
2026-03-08,22,2,50,50,39,61,0
2026-03-08,22,3,58,73,44,87,0
2026-03-08,22,4,51,59,41,69,1
2026-03-08,22,5,55,80,41,94,0
2026-03-08,22,6,47,47,40,54,0
2026-03-08,22,7,61,80,42,99,2
2026-03-08,22,8,53,62,43,72,0
2026-03-08,22,9,56,71,51,76,1
2026-03-08,22,10,32,32,26,38,0
2026-03-08,22,11,65,84,52,97,0
2026-03-08,22,12,49,49,41,57,1
2026-03-08,22,13,70,73,61,82,1
2026-03-08,22,14,54,65,41,78,0
2026-03-08,22,15,59,59,41,77,1
2026-03-08,22,16,65,65,48,82,0
2026-03-08,22,17,50,50,42,58,1
2026-03-08,22,18,51,51,45,57,0
2026-03-08,22,19,56,81,36,101,2
2026-03-08,22,20,59,63,46,76,0
2026-03-08,23,1,48,71,34,85,0
2026-03-08,23,2,51,57,40,68,0
2026-03-08,23,3,33,33,27,39,0
2026-03-08,23,4,57,57,51,63,1
2026-03-08,23,5,40,52,24,68,0
2026-03-08,23,6,52,67,36,83,1
2026-03-08,23,7,59,59,46,72,1
2026-03-08,23,8,52,73,47,78,1
2026-03-08,23,9,68,68,49,87,0
2026-03-08,23,10,55,64,49,70,1
2026-03-08,23,11,52,52,47,57,1
2026-03-08,23,12,57,70,39,88,1
2026-03-08,23,13,46,66,39,73,1
2026-03-08,23,14,75,75,58,92,0
2026-03-08,23,15,58,58,44,72,1
2026-03-08,23,16,70,70,50,90,0
2026-03-08,23,17,52,59,36,75,0
2026-03-08,23,18,61,91,48,104,2
2026-03-08,23,19,56,77,39,94,0
2026-03-08,23,20,64,72,58,78,1
2026-03-08,24,1,57,61,49,69,0
2026-03-08,24,2,63,84,55,92,0
2026-03-08,24,3,62,78,47,93,2
2026-03-08,24,4,61,61,51,71,1
2026-03-08,24,5,76,76,59,93,0
2026-03-08,24,6,60,76,42,94,1
2026-03-08,24,7,85,92,75,102,1
2026-03-08,24,8,58,58,51,65,1
2026-03-08,24,9,67,67,55,79,0
2026-03-08,24,10,66,80,53,93,1
2026-03-08,24,11,68,68,50,86,0
2026-03-08,24,12,71,88,56,103,0
2026-03-08,24,13,62,74,50,86,0
2026-03-08,24,14,63,86,45,104,0
2026-03-08,24,15,69,69,61,77,0
2026-03-08,24,16,79,79,59,99,1
2026-03-08,24,17,62,83,47,98,1
2026-03-08,24,18,75,75,56,94,0
2026-03-08,24,19,74,93,68,99,1
2026-03-08,24,20,60,60,49,71,0
2026-03-08,25,1,74,90,55,109,0
2026-03-08,25,2,76,100,63,113,1
2026-03-08,25,3,80,80,65,95,0
2026-03-08,25,4,65,95,47,113,1
2026-03-08,25,5,79,118,69,128,1
2026-03-08,25,6,48,59,39,68,1
2026-03-08,25,7,73,90,62,101,2
2026-03-08,25,8,62,89,53,98,0
2026-03-08,25,9,80,80,63,97,1
2026-03-08,25,10,92,97,87,102,1
2026-03-08,25,11,81,106,71,116,1
2026-03-08,25,12,78,93,69,102,0
2026-03-08,25,13,78,93,69,102,0
2026-03-08,25,14,93,99,79,113,0
2026-03-08,25,15,68,68,54,82,0
2026-03-08,25,16,67,67,53,81,1
2026-03-08,25,17,71,71,59,83,0
2026-03-08,25,18,62,62,49,75,1
2026-03-08,25,19,66,95,49,112,2
2026-03-08,25,20,55,55,50,60,1
2026-03-08,26,1,73,73,53,93,1
2026-03-08,26,2,54,55,46,63,1
2026-03-08,26,3,36,41,29,48,1
2026-03-08,26,4,59,77,51,85,1
2026-03-08,26,5,44,54,37,61,0
2026-03-08,26,6,50,56,37,69,0
2026-03-08,26,7,52,52,40,64,0
2026-03-08,26,8,58,64,43,79,0
2026-03-08,26,9,78,78,60,96,0
2026-03-08,26,10,46,47,37,56,0
2026-03-08,26,11,57,75,48,84,0
2026-03-08,26,12,63,75,47,91,1
2026-03-08,26,13,54,61,44,71,1
2026-03-08,26,14,60,60,45,75,0
2026-03-08,26,15,42,62,28,76,1
2026-03-08,26,16,53,53,38,68,1
2026-03-08,26,17,56,63,41,78,1
2026-03-08,26,18,51,51,36,66,0
2026-03-08,26,19,41,46,33,54,1
2026-03-08,26,20,46,46,35,57,0
2026-03-08,27,1,54,76,43,87,0
2026-03-08,27,2,82,94,62,114,0
2026-03-08,27,3,94,130,74,150,0
2026-03-08,27,4,73,79,66,86,1
2026-03-08,27,5,61,61,42,80,0
2026-03-08,27,6,59,88,53,94,0
2026-03-08,27,7,54,64,34,84,0
2026-03-08,27,8,77,90,63,104,1
2026-03-08,27,9,61,61,54,68,1
2026-03-08,27,10,63,67,53,77,0
2026-03-08,27,11,71,78,66,83,1
2026-03-08,27,12,77,77,59,95,0
2026-03-08,27,13,59,64,44,79,1
2026-03-08,27,14,58,72,43,87,2
2026-03-08,27,15,63,76,54,85,1
2026-03-08,27,16,49,49,42,56,0
2026-03-08,27,17,65,65,52,78,1
2026-03-08,27,18,51,75,31,95,0
2026-03-08,27,19,55,69,44,80,1
2026-03-08,27,20,47,58,38,67,0
2026-03-08,28,1,54,74,48,80,2
2026-03-08,28,2,76,76,61,91,1
2026-03-08,28,3,56,56,48,64,0
2026-03-08,28,4,81,84,70,95,0
2026-03-08,28,5,53,53,48,58,1
2026-03-08,28,6,62,62,43,81,0
2026-03-08,28,7,58,82,50,90,1
2026-03-08,28,8,76,92,56,112,0
2026-03-08,28,9,61,61,53,69,0
2026-03-08,28,10,64,79,44,99,1
2026-03-08,28,11,64,76,48,92,1
2026-03-08,28,12,52,61,44,69,0
2026-03-08,28,13,60,80,44,96,0
2026-03-08,28,14,67,89,60,96,2
2026-03-08,28,15,56,56,45,67,0
2026-03-08,28,16,60,60,49,71,0
2026-03-08,28,17,63,78,47,94,0
2026-03-08,28,18,65,65,50,80,0
2026-03-08,28,19,62,71,43,90,1
2026-03-08,28,20,65,65,49,81,1
2026-03-08,29,1,56,56,39,73,0
2026-03-08,29,2,48,48,43,53,1
2026-03-08,29,3,50,53,33,70,0
2026-03-08,29,4,47,56,41,62,0
2026-03-08,29,5,50,50,39,61,0
2026-03-08,29,6,51,51,39,63,0
2026-03-08,29,7,61,61,49,73,1
2026-03-08,29,8,65,72,46,91,0
2026-03-08,29,9,44,57,39,62,1
2026-03-08,29,10,39,40,33,46,0
2026-03-08,29,11,41,48,28,61,1
2026-03-08,29,12,51,63,46,68,1
2026-03-08,29,13,58,69,42,85,0
2026-03-08,29,14,62,82,42,102,0
2026-03-08,29,15,72,72,52,92,1
2026-03-08,29,16,64,92,44,112,1
2026-03-08,29,17,45,46,30,61,0
2026-03-08,29,18,59,80,42,97,1
2026-03-08,29,19,56,82,43,95,0
2026-03-08,29,20,63,81,43,101,0
2026-03-08,30,1,65,89,45,109,2
2026-03-08,30,2,65,65,60,70,1
2026-03-08,30,3,48,48,37,59,1
2026-03-08,30,4,78,78,66,90,0
2026-03-08,30,5,68,75,49,94,1
2026-03-08,30,6,56,56,47,65,0
2026-03-08,30,7,61,80,50,91,0
2026-03-08,30,8,67,98,52,113,1
2026-03-08,30,9,65,65,48,82,1
2026-03-08,30,10,79,106,71,114,2
2026-03-08,30,11,69,73,56,86,0
2026-03-08,30,12,69,69,59,79,0
2026-03-08,30,13,73,89,56,106,0
2026-03-08,30,14,92,137,74,155,1
2026-03-08,30,15,56,82,47,91,0
2026-03-08,30,16,68,78,54,92,1
2026-03-08,30,17,73,88,66,95,2
2026-03-08,30,18,55,80,36,99,0
2026-03-08,30,19,47,64,33,78,0
2026-03-08,30,20,64,69,55,78,1
2026-03-08,31,1,71,71,61,81,0
2026-03-08,31,2,64,85,50,99,2
2026-03-08,31,3,70,104,50,124,1
2026-03-08,31,4,91,91,74,108,1
2026-03-08,31,5,58,58,46,70,1
2026-03-08,31,6,64,64,50,78,1
2026-03-08,31,7,70,89,60,99,0
2026-03-08,31,8,79,96,59,116,0
2026-03-08,31,9,77,82,62,97,0
2026-03-08,31,10,50,73,44,79,0
2026-03-08,31,11,69,74,49,94,1
2026-03-08,31,12,60,63,47,76,0
2026-03-08,31,13,62,76,51,87,2
2026-03-08,31,14,61,72,45,88,0
2026-03-08,31,15,56,56,41,71,0
2026-03-08,31,16,61,61,48,74,1
2026-03-08,31,17,64,76,46,94,0
2026-03-08,31,18,76,86,57,105,2
2026-03-08,31,19,73,77,55,95,1
2026-03-08,31,20,64,75,55,84,0
2026-03-08,32,1,39,39,30,48,0
2026-03-08,32,2,53,67,44,76,1
2026-03-08,32,3,46,46,29,63,1
2026-03-08,32,4,46,49,38,57,0
2026-03-08,32,5,54,54,39,69,1
2026-03-08,32,6,34,40,26,48,0
2026-03-08,32,7,53,53,35,71,1
2026-03-08,32,8,29,29,23,35,0
2026-03-08,32,9,43,43,38,48,0
2026-03-08,32,10,31,46,23,54,0
2026-03-08,32,11,59,59,40,78,0
2026-03-08,32,12,43,43,24,62,0
2026-03-08,32,13,51,54,34,71,1
2026-03-08,32,14,49,68,38,79,0
2026-03-08,32,15,38,38,30,46,0
2026-03-08,32,16,41,47,30,58,1
2026-03-08,32,17,42,50,37,55,1
2026-03-08,32,18,43,63,37,69,0
2026-03-08,32,19,54,54,36,72,0
2026-03-08,32,20,34,34,19,49,0
2026-03-08,33,1,51,64,33,82,0
2026-03-08,33,2,52,71,46,77,1
2026-03-08,33,3,52,52,33,71,0
2026-03-08,33,4,67,67,54,80,1
2026-03-08,33,5,33,39,23,49,1
2026-03-08,33,6,43,43,32,54,0
2026-03-08,33,7,48,61,42,67,0
2026-03-08,33,8,60,79,43,96,0
2026-03-08,33,9,48,48,38,58,1
2026-03-08,33,10,33,36,24,45,0
2026-03-08,33,11,53,61,48,66,1
2026-03-08,33,12,50,69,41,78,0
2026-03-08,33,13,35,45,22,58,0
2026-03-08,33,14,61,78,44,95,0
2026-03-08,33,15,62,92,55,99,1
2026-03-08,33,16,47,56,30,73,0
2026-03-08,33,17,46,67,30,83,0
2026-03-08,33,18,49,49,36,62,0
2026-03-08,33,19,70,70,64,76,0
2026-03-08,33,20,59,59,45,73,1
2026-03-08,34,1,62,85,44,103,2
2026-03-08,34,2,70,72,52,90,0
2026-03-08,34,3,52,52,47,57,0
2026-03-08,34,4,65,75,49,91,1
2026-03-08,34,5,65,96,47,114,1
2026-03-08,34,6,47,51,42,56,0
2026-03-08,34,7,70,87,58,99,0
2026-03-08,34,8,70,86,63,93,1
2026-03-08,34,9,57,83,51,89,0
2026-03-08,34,10,84,86,64,106,2
2026-03-08,34,11,50,71,45,76,1
2026-03-08,34,12,59,59,48,70,0
2026-03-08,34,13,46,65,40,71,0
2026-03-08,34,14,75,75,60,90,1
2026-03-08,34,15,65,65,53,77,0
2026-03-08,34,16,98,121,85,134,0
2026-03-08,34,17,55,55,46,64,0
2026-03-08,34,18,49,49,35,63,0
2026-03-08,34,19,73,98,63,108,1
2026-03-08,34,20,51,71,46,76,1
2026-03-08,35,1,67,88,48,107,2
2026-03-08,35,2,60,60,42,78,1
2026-03-08,35,3,54,64,37,81,1
2026-03-08,35,4,47,62,39,70,0
2026-03-08,35,5,49,50,33,66,0
2026-03-08,35,6,51,51,46,56,1
2026-03-08,35,7,57,67,38,86,1
2026-03-08,35,8,79,114,65,128,2
2026-03-08,35,9,55,55,40,70,0
2026-03-08,35,10,51,74,32,93,1
2026-03-08,35,11,49,49,40,58,0
2026-03-08,35,12,57,57,52,62,1
2026-03-08,35,13,51,51,38,64,0
2026-03-08,35,14,67,85,49,103,0
2026-03-08,35,15,56,56,40,72,1
2026-03-08,35,16,57,57,39,75,1
2026-03-08,35,17,69,98,59,108,0
2026-03-08,35,18,36,36,27,45,1
2026-03-08,35,19,43,50,38,55,0
2026-03-08,35,20,55,74,38,91,0
2026-03-08,36,1,61,87,42,106,2
2026-03-08,36,2,56,70,42,84,1
2026-03-08,36,3,36,36,22,50,0
2026-03-08,36,4,57,57,40,74,0
2026-03-08,36,5,41,59,28,72,0
2026-03-08,36,6,62,62,47,77,1
2026-03-08,36,7,41,59,26,74,0
2026-03-08,36,8,66,94,48,112,2
2026-03-08,36,9,45,45,37,53,0
2026-03-08,36,10,47,61,33,75,0
2026-03-08,36,11,74,74,59,89,1
2026-03-08,36,12,47,54,37,64,0
2026-03-08,36,13,56,56,40,72,1
2026-03-08,36,14,53,70,43,80,0
2026-03-08,36,15,60,80,41,99,2
2026-03-08,36,16,52,59,34,77,1
2026-03-08,36,17,36,53,30,59,1
2026-03-08,36,18,44,44,35,53,0
2026-03-08,36,19,58,70,38,90,1
2026-03-08,36,20,54,58,34,78,1
2026-03-08,37,1,69,69,50,88,1
2026-03-08,37,2,68,68,52,84,0
2026-03-08,37,3,73,73,65,81,1
2026-03-08,37,4,62,62,53,71,0
2026-03-08,37,5,64,64,47,81,1
2026-03-08,37,6,57,61,46,72,1
2026-03-08,37,7,59,64,42,81,1
2026-03-08,37,8,54,54,46,62,0
2026-03-08,37,9,66,82,59,89,1
2026-03-08,37,10,58,58,39,77,1
2026-03-08,37,11,59,59,43,75,0
2026-03-08,37,12,58,58,43,73,0
2026-03-08,37,13,55,55,43,67,0
2026-03-08,37,14,78,78,64,92,0
2026-03-08,37,15,63,79,44,98,0
2026-03-08,37,16,41,57,35,63,0
2026-03-08,37,17,57,72,38,91,0
2026-03-08,37,18,58,58,43,73,0
2026-03-08,37,19,72,94,54,112,0
2026-03-08,37,20,57,70,50,77,1
2026-03-08,38,1,47,47,40,54,1
2026-03-08,38,2,44,64,31,77,0
2026-03-08,38,3,32,32,23,41,0
2026-03-08,38,4,47,54,40,61,0
2026-03-08,38,5,29,29,20,38,0
2026-03-08,38,6,55,56,35,76,1
2026-03-08,38,7,45,63,31,77,1
2026-03-08,38,8,54,54,39,69,1
2026-03-08,38,9,77,80,57,100,0
2026-03-08,38,10,55,61,43,73,1
2026-03-08,38,11,77,80,60,97,2
2026-03-08,38,12,37,50,19,68,1
2026-03-08,38,13,66,66,56,76,1
2026-03-08,38,14,75,75,59,91,0
2026-03-08,38,15,45,59,40,64,1
2026-03-08,38,16,47,47,33,61,0
2026-03-08,38,17,28,28,22,34,0
2026-03-08,38,18,50,50,40,60,1
2026-03-08,38,19,37,54,25,66,1
2026-03-08,38,20,54,78,42,90,2
2026-03-08,39,1,40,44,27,57,1
2026-03-08,39,2,57,71,46,82,1
2026-03-08,39,3,65,65,46,84,0
2026-03-08,39,4,61,87,43,105,1
2026-03-08,39,5,54,54,39,69,0
2026-03-08,39,6,43,64,23,84,0
2026-03-08,39,7,66,75,54,87,0
2026-03-08,39,8,56,60,37,79,1
2026-03-08,39,9,73,109,54,128,2
2026-03-08,39,10,62,62,49,75,0
2026-03-08,39,11,64,69,48,85,0
2026-03-08,39,12,46,68,40,74,1
2026-03-08,39,13,48,60,38,70,1
2026-03-08,39,14,38,40,32,46,0
2026-03-08,39,15,55,55,37,73,1
2026-03-08,39,16,54,74,34,94,1
2026-03-08,39,17,47,49,41,55,1
2026-03-08,39,18,56,56,36,76,1
2026-03-08,39,19,61,61,54,68,0
2026-03-08,39,20,50,50,34,66,0
2026-03-08,40,1,67,77,62,82,2
2026-03-08,40,2,72,83,65,90,2
2026-03-08,40,3,52,53,45,60,0
2026-03-08,40,4,65,71,57,79,0
2026-03-08,40,5,66,96,46,116,2
2026-03-08,40,6,74,107,68,113,2
2026-03-08,40,7,83,118,65,136,3
2026-03-08,40,8,76,76,60,92,2
2026-03-08,40,9,54,57,44,67,1
2026-03-08,40,10,62,62,49,75,0
2026-03-08,40,11,85,98,70,113,1
2026-03-08,40,12,72,100,54,118,2
2026-03-08,40,13,65,65,51,79,1
2026-03-08,40,14,68,88,63,93,0
2026-03-08,40,15,83,83,69,97,0
2026-03-08,40,16,58,65,52,71,1
2026-03-08,40,17,77,77,65,89,2
2026-03-08,40,18,63,84,51,96,1
2026-03-08,40,19,75,75,65,85,0
2026-03-08,40,20,57,84,50,91,0
2026-03-08,41,1,57,57,38,76,1
2026-03-08,41,2,43,53,38,58,0
2026-03-08,41,3,41,56,23,74,1
2026-03-08,41,4,51,52,42,61,0
2026-03-08,41,5,18,26,4,40,0
2026-03-08,41,6,57,59,40,76,1
2026-03-08,41,7,66,88,47,107,1
2026-03-08,41,8,54,74,43,85,0
2026-03-08,41,9,34,45,27,52,0
2026-03-08,41,10,45,47,39,53,0
2026-03-08,41,11,46,47,39,54,0
2026-03-08,41,12,59,66,48,77,0
2026-03-08,41,13,52,69,40,81,0
2026-03-08,41,14,51,51,32,70,1
2026-03-08,41,15,45,55,32,68,1
2026-03-08,41,16,49,49,35,63,0
2026-03-08,41,17,28,28,21,35,0
2026-03-08,41,18,40,45,33,52,0
2026-03-08,41,19,37,37,30,44,0
2026-03-08,41,20,43,43,31,55,0
2026-03-08,42,1,52,52,39,65,1
2026-03-08,42,2,44,47,33,58,0
2026-03-08,42,3,65,65,49,81,1
2026-03-08,42,4,55,69,39,85,0
2026-03-08,42,5,60,60,40,80,0
2026-03-08,42,6,63,63,45,81,0
2026-03-08,42,7,45,54,32,67,0
2026-03-08,42,8,62,85,50,97,0
2026-03-08,42,9,50,62,45,67,0
2026-03-08,42,10,45,45,33,57,0
2026-03-08,42,11,43,53,34,62,0
2026-03-08,42,12,75,95,56,114,2
2026-03-08,42,13,51,51,35,67,0
2026-03-08,42,14,64,70,58,76,0
2026-03-08,42,15,58,58,43,73,0
2026-03-08,42,16,47,47,42,52,0
2026-03-08,42,17,39,39,32,46,0
2026-03-08,42,18,47,47,33,61,1
2026-03-08,42,19,54,59,38,75,1
2026-03-08,42,20,31,44,23,52,0
2026-03-08,43,1,56,75,45,86,0
2026-03-08,43,2,62,81,53,90,2
2026-03-08,43,3,70,89,54,105,0
2026-03-08,43,4,55,55,44,66,1
2026-03-08,43,5,51,58,43,66,0
2026-03-08,43,6,70,76,55,91,1
2026-03-08,43,7,68,80,56,92,0
2026-03-08,43,8,74,78,54,98,0
2026-03-08,43,9,52,74,42,84,0
2026-03-08,43,10,57,57,51,63,1
2026-03-08,43,11,66,83,55,94,1
2026-03-08,43,12,63,63,51,75,1
2026-03-08,43,13,63,63,47,79,0
2026-03-08,43,14,71,83,56,98,0
2026-03-08,43,15,70,71,65,76,0
2026-03-08,43,16,59,81,46,94,0
2026-03-08,43,17,65,80,51,94,1
2026-03-08,43,18,71,87,58,100,2
2026-03-08,43,19,60,60,52,68,0
2026-03-08,43,20,51,63,40,74,1
2026-03-08,44,1,58,58,43,73,1
2026-03-08,44,2,60,71,44,87,0
2026-03-08,44,3,52,52,40,64,0
2026-03-08,44,4,72,72,54,90,0
2026-03-08,44,5,52,53,47,58,0
2026-03-08,44,6,55,55,41,69,1
2026-03-08,44,7,52,55,36,71,1
2026-03-08,44,8,57,71,40,88,0
2026-03-08,44,9,61,61,48,74,1
2026-03-08,44,10,44,44,35,53,0
2026-03-08,44,11,55,78,39,94,0
2026-03-08,44,12,63,73,48,88,0
2026-03-08,44,13,57,62,44,75,1
2026-03-08,44,14,50,50,42,58,0
2026-03-08,44,15,61,61,44,78,1
2026-03-08,44,16,62,65,45,82,1
2026-03-08,44,17,54,55,44,65,1
2026-03-08,44,18,59,74,45,88,1
2026-03-08,44,19,59,85,44,100,0
2026-03-08,44,20,65,65,46,84,1
2026-03-08,45,1,72,83,54,101,1
2026-03-08,45,2,60,63,53,70,1
2026-03-08,45,3,45,45,34,56,1
2026-03-08,45,4,74,105,55,124,2
2026-03-08,45,5,68,93,57,104,2
2026-03-08,45,6,52,52,44,60,0
2026-03-08,45,7,52,64,36,80,1
2026-03-08,45,8,91,91,86,96,2
2026-03-08,45,9,55,81,43,93,1
2026-03-08,45,10,63,66,51,78,0
2026-03-08,45,11,79,103,70,112,0
2026-03-08,45,12,66,67,47,86,1
2026-03-08,45,13,90,112,71,131,0
2026-03-08,45,14,62,77,52,87,0
2026-03-08,45,15,48,61,41,68,0
2026-03-08,45,16,78,101,59,120,1
2026-03-08,45,17,57,82,48,91,2
2026-03-08,45,18,78,116,72,122,1
2026-03-08,45,19,62,62,49,75,1
2026-03-08,45,20,64,84,50,98,1
2026-03-08,46,1,57,65,38,84,1
2026-03-08,46,2,78,78,70,86,0
2026-03-08,46,3,73,78,61,90,1
2026-03-08,46,4,69,84,50,103,1
2026-03-08,46,5,74,110,61,123,1
2026-03-08,46,6,65,65,55,75,1
2026-03-08,46,7,81,81,65,97,2
2026-03-08,46,8,67,83,48,102,1
2026-03-08,46,9,77,115,58,134,0
2026-03-08,46,10,49,49,34,64,0
2026-03-08,46,11,56,64,51,69,1
2026-03-08,46,12,59,81,52,88,0
2026-03-08,46,13,58,58,48,68,0
2026-03-08,46,14,69,69,63,75,0
2026-03-08,46,15,64,64,56,72,0
2026-03-08,46,16,72,74,59,87,2
2026-03-08,46,17,37,38,32,43,0
2026-03-08,46,18,77,87,63,101,2
2026-03-08,46,19,77,87,65,99,2
2026-03-08,46,20,55,55,43,67,1
2026-03-08,47,1,78,80,67,91,0
2026-03-08,47,2,67,67,59,75,0
2026-03-08,47,3,76,76,60,92,0
2026-03-08,47,4,86,86,70,102,2
2026-03-08,47,5,93,129,81,141,0
2026-03-08,47,6,71,71,59,83,0
2026-03-08,47,7,86,86,74,98,0
2026-03-08,47,8,78,97,68,107,1
2026-03-08,47,9,78,97,70,105,0
2026-03-08,47,10,56,56,41,71,1
2026-03-08,47,11,72,77,60,89,2
2026-03-08,47,12,67,85,47,105,1
2026-03-08,47,13,79,85,73,91,1
2026-03-08,47,14,74,74,63,85,1
2026-03-08,47,15,71,73,64,80,1
2026-03-08,47,16,95,130,79,146,0
2026-03-08,47,17,67,86,54,99,0
2026-03-08,47,18,70,96,62,104,0
2026-03-08,47,19,73,100,66,107,2
2026-03-08,47,20,76,76,59,93,2
2026-03-08,48,1,58,58,48,68,0
2026-03-08,48,2,74,74,59,89,1
2026-03-08,48,3,52,54,44,62,1
2026-03-08,48,4,44,57,37,64,0
2026-03-08,48,5,38,38,26,50,0
2026-03-08,48,6,65,65,46,84,1
2026-03-08,48,7,60,60,41,79,0
2026-03-08,48,8,48,68,41,75,2
2026-03-08,48,9,57,74,51,80,1
2026-03-08,48,10,63,63,47,79,0
2026-03-08,48,11,62,62,44,80,0
2026-03-08,48,12,51,58,40,69,0
2026-03-08,48,13,59,61,43,77,1
2026-03-08,48,14,47,47,41,53,0
2026-03-08,48,15,57,58,51,64,1
2026-03-08,48,16,73,94,60,107,2
2026-03-08,48,17,48,48,40,56,0
2026-03-08,48,18,57,69,47,79,0
2026-03-08,48,19,58,66,45,79,0
2026-03-08,48,20,73,83,68,88,1
2026-03-08,49,1,48,59,41,66,1
2026-03-08,49,2,45,60,33,72,1
2026-03-08,49,3,41,57,35,63,0
2026-03-08,49,4,61,70,42,89,1
2026-03-08,49,5,53,55,35,73,0
2026-03-08,49,6,56,61,36,81,0
2026-03-08,49,7,52,52,47,57,0
2026-03-08,49,8,45,45,37,53,1
2026-03-08,49,9,63,63,43,83,1
2026-03-08,49,10,42,42,28,56,0
2026-03-08,49,11,55,74,41,88,1
2026-03-08,49,12,39,52,32,59,0
2026-03-08,49,13,34,34,22,46,0
2026-03-08,49,14,52,70,45,77,1
2026-03-08,49,15,49,57,42,64,0
2026-03-08,49,16,39,39,29,49,0
2026-03-08,49,17,42,58,36,64,0
2026-03-08,49,18,76,76,62,90,0
2026-03-08,49,19,59,81,39,101,0
2026-03-08,49,20,28,39,22,45,0
2026-03-08,50,1,55,55,37,73,0
2026-03-08,50,2,47,47,38,56,0
2026-03-08,50,3,52,75,38,89,0
2026-03-08,50,4,57,79,49,87,1
2026-03-08,50,5,35,35,30,40,0
2026-03-08,50,6,56,56,46,66,1
2026-03-08,50,7,56,72,45,83,0
2026-03-08,50,8,54,69,39,84,0
2026-03-08,50,9,58,60,49,69,0
2026-03-08,50,10,56,73,38,91,0
2026-03-08,50,11,77,77,67,87,1
2026-03-08,50,12,57,57,46,68,0
2026-03-08,50,13,58,80,42,96,0
2026-03-08,50,14,57,65,45,77,1
2026-03-08,50,15,57,72,51,78,0
2026-03-08,50,16,55,81,41,95,0
2026-03-08,50,17,36,38,27,47,0
2026-03-08,50,18,44,62,34,72,0
2026-03-08,50,19,50,67,37,80,1
2026-03-08,50,20,59,80,39,100,1
2026-03-15,1,1,47,50,40,57,0
2026-03-15,1,2,54,72,48,78,1
2026-03-15,1,3,71,71,52,90,0
2026-03-15,1,4,57,69,48,78,0
2026-03-15,1,5,56,63,48,71,0
2026-03-15,1,6,62,62,51,73,0
2026-03-15,1,7,60,76,44,92,0
2026-03-15,1,8,64,84,55,93,0
2026-03-15,1,9,54,71,39,86,1
2026-03-15,1,10,56,56,42,70,1
2026-03-15,1,11,61,61,55,67,0
2026-03-15,1,12,56,77,46,87,2
2026-03-15,1,13,48,48,28,68,0
2026-03-15,1,14,68,68,61,75,0
2026-03-15,1,15,69,69,53,85,1
2026-03-15,1,16,50,50,44,56,1
2026-03-15,1,17,60,71,55,76,1
2026-03-15,1,18,51,63,34,80,1
2026-03-15,1,19,54,66,44,76,0
2026-03-15,1,20,41,50,36,55,0
2026-03-15,2,1,50,60,37,73,0
2026-03-15,2,2,42,52,29,65,0
2026-03-15,2,3,20,20,8,32,0
2026-03-15,2,4,60,64,46,78,0
2026-03-15,2,5,30,33,25,38,0
2026-03-15,2,6,53,53,41,65,1
2026-03-15,2,7,64,64,55,73,0
2026-03-15,2,8,58,83,39,102,1
2026-03-15,2,9,57,79,48,88,0
2026-03-15,2,10,47,56,37,66,0
2026-03-15,2,11,53,74,45,82,0
2026-03-15,2,12,45,56,40,61,0
2026-03-15,2,13,37,37,28,46,0
2026-03-15,2,14,62,62,48,76,1
2026-03-15,2,15,63,66,43,86,1
2026-03-15,2,16,47,66,29,84,0
2026-03-15,2,17,48,50,28,70,0
2026-03-15,2,18,49,49,44,54,1
2026-03-15,2,19,16,16,10,22,0
2026-03-15,2,20,45,51,35,61,0
2026-03-15,3,1,61,61,47,75,0
2026-03-15,3,2,53,73,46,80,1
2026-03-15,3,3,39,51,32,58,0
2026-03-15,3,4,56,71,44,83,0
2026-03-15,3,5,49,52,31,70,0
2026-03-15,3,6,54,54,38,70,0
2026-03-15,3,7,67,79,49,97,1
2026-03-15,3,8,73,73,60,86,0
2026-03-15,3,9,62,62,50,74,0
2026-03-15,3,10,41,41,31,51,0
2026-03-15,3,11,62,62,44,80,1
2026-03-15,3,12,66,87,60,93,1
2026-03-15,3,13,64,85,57,92,0
2026-03-15,3,14,71,71,53,89,1
2026-03-15,3,15,57,73,44,86,0
2026-03-15,3,16,68,81,53,96,1
2026-03-15,3,17,39,48,30,57,0
2026-03-15,3,18,63,63,44,82,1
2026-03-15,3,19,40,49,33,56,1
2026-03-15,3,20,57,68,41,84,1
2026-03-15,4,1,66,66,52,80,0
2026-03-15,4,2,76,76,69,83,1
2026-03-15,4,3,70,88,60,98,0
2026-03-15,4,4,73,73,56,90,0
2026-03-15,4,5,59,83,53,89,0
2026-03-15,4,6,54,54,48,60,1
2026-03-15,4,7,85,85,70,100,0
2026-03-15,4,8,58,63,51,70,1
2026-03-15,4,9,83,93,71,105,0
2026-03-15,4,10,44,44,36,52,1
2026-03-15,4,11,59,59,47,71,1
2026-03-15,4,12,79,83,70,92,2
2026-03-15,4,13,56,82,44,94,1
2026-03-15,4,14,73,100,65,108,1
2026-03-15,4,15,63,84,48,99,1
2026-03-15,4,16,64,64,44,84,0
2026-03-15,4,17,52,73,45,80,0
2026-03-15,4,18,80,97,66,111,1
2026-03-15,4,19,57,70,41,86,1
2026-03-15,4,20,72,86,58,100,1
2026-03-15,5,1,39,51,28,62,0
2026-03-15,5,2,56,77,36,97,0
2026-03-15,5,3,35,43,26,52,0
2026-03-15,5,4,51,51,32,70,0
2026-03-15,5,5,36,36,28,44,0
2026-03-15,5,6,37,42,27,52,1
2026-03-15,5,7,41,41,32,50,1
2026-03-15,5,8,37,53,25,65,1
2026-03-15,5,9,63,63,43,83,1
2026-03-15,5,10,46,50,26,70,0
2026-03-15,5,11,41,41,27,55,0
2026-03-15,5,12,40,54,32,62,1
2026-03-15,5,13,35,48,20,63,0
2026-03-15,5,14,44,45,30,59,0
2026-03-15,5,15,45,47,31,61,1
2026-03-15,5,16,44,44,36,52,1
2026-03-15,5,17,51,58,46,63,0
2026-03-15,5,18,39,39,29,49,0
2026-03-15,5,19,50,59,31,78,1
2026-03-15,5,20,42,42,25,59,0
2026-03-15,6,1,57,57,37,77,0
2026-03-15,6,2,50,63,32,81,0
2026-03-15,6,3,50,59,39,70,0
2026-03-15,6,4,45,53,25,73,0
2026-03-15,6,5,41,41,36,46,0
2026-03-15,6,6,53,53,36,70,0
2026-03-15,6,7,39,39,32,46,0
2026-03-15,6,8,62,77,42,97,1
2026-03-15,6,9,64,64,54,74,0
2026-03-15,6,10,51,67,42,76,0
2026-03-15,6,11,49,71,40,80,0
2026-03-15,6,12,43,43,29,57,0
2026-03-15,6,13,46,47,38,55,0
2026-03-15,6,14,64,64,58,70,0
2026-03-15,6,15,59,59,45,73,0
2026-03-15,6,16,62,68,49,81,1
2026-03-15,6,17,49,53,40,62,0
2026-03-15,6,18,52,75,35,92,1
2026-03-15,6,19,62,80,50,92,1
2026-03-15,6,20,48,67,36,79,1
2026-03-15,7,1,54,71,38,87,1
2026-03-15,7,2,64,75,47,92,1
2026-03-15,7,3,52,52,37,67,0
2026-03-15,7,4,64,65,51,78,0
2026-03-15,7,5,49,49,29,69,0
2026-03-15,7,6,59,67,39,87,1
2026-03-15,7,7,70,70,54,86,1
2026-03-15,7,8,76,85,62,99,0
2026-03-15,7,9,81,116,73,124,2
2026-03-15,7,10,57,57,38,76,0
2026-03-15,7,11,86,106,66,126,2
2026-03-15,7,12,38,55,32,61,1
2026-03-15,7,13,48,58,34,72,0
2026-03-15,7,14,70,77,58,89,0
2026-03-15,7,15,61,61,46,76,1
2026-03-15,7,16,58,85,44,99,0
2026-03-15,7,17,52,52,33,71,0
2026-03-15,7,18,59,69,50,78,0
2026-03-15,7,19,37,41,26,52,0
2026-03-15,7,20,43,43,35,51,0
2026-03-15,8,1,51,65,32,84,0
2026-03-15,8,2,59,59,45,73,1
2026-03-15,8,3,39,43,26,56,0
2026-03-15,8,4,56,66,38,84,1
2026-03-15,8,5,32,42,25,49,0
2026-03-15,8,6,44,44,30,58,1
2026-03-15,8,7,53,53,38,68,0
2026-03-15,8,8,41,51,33,59,0
2026-03-15,8,9,46,60,29,77,1
2026-03-15,8,10,30,38,21,47,1
2026-03-15,8,11,43,43,32,54,0
2026-03-15,8,12,41,41,28,54,0
2026-03-15,8,13,29,33,22,40,0
2026-03-15,8,14,45,48,32,61,0
2026-03-15,8,15,37,37,28,46,0
2026-03-15,8,16,45,55,36,64,0
2026-03-15,8,17,48,50,36,62,0
2026-03-15,8,18,41,55,35,61,0
2026-03-15,8,19,44,65,32,77,1
2026-03-15,8,20,37,43,29,51,0
2026-03-15,9,1,59,59,44,74,0
2026-03-15,9,2,70,70,60,80,1
2026-03-15,9,3,48,71,39,80,1
2026-03-15,9,4,52,75,46,81,1
2026-03-15,9,5,72,104,61,115,1
2026-03-15,9,6,57,57,45,69,1
2026-03-15,9,7,57,57,46,68,1
2026-03-15,9,8,69,91,60,100,1
2026-03-15,9,9,79,79,60,98,0
2026-03-15,9,10,65,65,51,79,1
2026-03-15,9,11,71,71,51,91,0
2026-03-15,9,12,55,56,49,62,0
2026-03-15,9,13,60,61,51,70,0
2026-03-15,9,14,76,100,57,119,1
2026-03-15,9,15,54,54,48,60,0
2026-03-15,9,16,77,77,58,96,0
2026-03-15,9,17,85,85,72,98,1
2026-03-15,9,18,67,67,50,84,1
2026-03-15,9,19,68,92,55,105,0
2026-03-15,9,20,57,84,49,92,2
2026-03-15,10,1,78,111,60,129,1
2026-03-15,10,2,78,95,62,111,1
2026-03-15,10,3,76,85,67,94,1
2026-03-15,10,4,63,63,46,80,1
2026-03-15,10,5,85,85,65,105,2
2026-03-15,10,6,78,78,71,85,0
2026-03-15,10,7,68,89,61,96,1
2026-03-15,10,8,66,75,57,84,1
2026-03-15,10,9,86,120,75,131,0
2026-03-15,10,10,60,67,49,78,1
2026-03-15,10,11,81,81,74,88,0
2026-03-15,10,12,89,89,71,107,1
2026-03-15,10,13,75,75,59,91,1
2026-03-15,10,14,95,95,77,113,1
2026-03-15,10,15,81,105,64,122,2
2026-03-15,10,16,74,93,63,104,1
2026-03-15,10,17,78,78,66,90,0
2026-03-15,10,18,87,87,69,105,0
2026-03-15,10,19,86,86,75,97,0
2026-03-15,10,20,55,75,47,83,0
2026-03-15,11,1,47,59,38,68,1
2026-03-15,11,2,49,61,39,71,1
2026-03-15,11,3,40,45,25,60,1
2026-03-15,11,4,64,73,56,81,0
2026-03-15,11,5,54,75,39,90,1
2026-03-15,11,6,80,80,60,100,2
2026-03-15,11,7,64,65,54,75,0
2026-03-15,11,8,89,99,72,116,1
2026-03-15,11,9,61,61,51,71,0
2026-03-15,11,10,70,80,53,97,0
2026-03-15,11,11,62,62,53,71,0
2026-03-15,11,12,60,78,41,97,0
2026-03-15,11,13,54,69,42,81,0
2026-03-15,11,14,55,72,48,79,0
2026-03-15,11,15,60,79,52,87,1
2026-03-15,11,16,60,60,54,66,0
2026-03-15,11,17,46,64,32,78,0
2026-03-15,11,18,53,53,41,65,0
2026-03-15,11,19,39,50,25,64,0
2026-03-15,11,20,61,61,51,71,1
2026-03-15,12,1,72,72,57,87,0
2026-03-15,12,2,70,72,56,86,1
2026-03-15,12,3,41,41,28,54,0
2026-03-15,12,4,72,72,56,88,0
2026-03-15,12,5,50,59,39,70,1
2026-03-15,12,6,52,75,47,80,1
2026-03-15,12,7,68,68,52,84,1
2026-03-15,12,8,62,68,53,77,0
2026-03-15,12,9,58,58,43,73,1
2026-03-15,12,10,48,71,30,89,0
2026-03-15,12,11,56,56,48,64,1
2026-03-15,12,12,48,65,43,70,0
2026-03-15,12,13,60,60,45,75,0
2026-03-15,12,14,64,64,57,71,1
2026-03-15,12,15,72,72,55,89,2
2026-03-15,12,16,61,61,43,79,1
2026-03-15,12,17,42,60,34,68,0
2026-03-15,12,18,61,61,50,72,0
2026-03-15,12,19,41,46,36,51,0
2026-03-15,12,20,51,74,36,89,0
2026-03-15,13,1,60,67,54,73,1
2026-03-15,13,2,73,78,67,84,2
2026-03-15,13,3,61,91,50,102,2
2026-03-15,13,4,95,117,83,129,2
2026-03-15,13,5,66,97,54,109,1
2026-03-15,13,6,73,73,55,91,0
2026-03-15,13,7,87,126,70,143,2
2026-03-15,13,8,101,149,82,168,2
2026-03-15,13,9,92,109,76,125,2
2026-03-15,13,10,70,70,58,82,2
2026-03-15,13,11,84,84,69,99,1
2026-03-15,13,12,77,77,63,91,2
2026-03-15,13,13,64,64,57,71,1
2026-03-15,13,14,90,96,81,105,0
2026-03-15,13,15,54,68,42,80,1
2026-03-15,13,16,91,91,80,102,2
2026-03-15,13,17,53,61,48,66,0
2026-03-15,13,18,56,56,50,62,0
2026-03-15,13,19,75,75,57,93,1
2026-03-15,13,20,70,70,60,80,1
2026-03-15,14,1,62,74,43,93,0
2026-03-15,14,2,48,48,40,56,0
2026-03-15,14,3,55,75,39,91,1
2026-03-15,14,4,65,65,47,83,0
2026-03-15,14,5,58,65,42,81,0
2026-03-15,14,6,56,79,47,88,1
2026-03-15,14,7,67,93,54,106,1
2026-03-15,14,8,71,97,56,112,1
2026-03-15,14,9,64,80,45,99,1
2026-03-15,14,10,39,39,31,47,1
2026-03-15,14,11,66,91,51,106,1
2026-03-15,14,12,71,84,56,99,0
2026-03-15,14,13,39,39,33,45,1
2026-03-15,14,14,49,57,39,67,0
2026-03-15,14,15,68,80,51,97,1
2026-03-15,14,16,59,59,43,75,0
2026-03-15,14,17,45,45,37,53,0
2026-03-15,14,18,60,60,51,69,0
2026-03-15,14,19,63,70,46,87,0
2026-03-15,14,20,47,67,33,81,1
2026-03-15,15,1,48,48,42,54,0
2026-03-15,15,2,68,68,54,82,1
2026-03-15,15,3,40,49,21,68,1
2026-03-15,15,4,45,55,36,64,0
2026-03-15,15,5,40,43,28,55,0
2026-03-15,15,6,56,59,42,73,1
2026-03-15,15,7,59,59,50,68,0
2026-03-15,15,8,41,50,26,65,0
2026-03-15,15,9,58,58,43,73,1
2026-03-15,15,10,49,65,41,73,1
2026-03-15,15,11,49,49,39,59,0
2026-03-15,15,12,49,55,35,69,0
2026-03-15,15,13,54,59,46,67,0
2026-03-15,15,14,64,64,49,79,1
2026-03-15,15,15,47,56,32,71,0
2026-03-15,15,16,54,54,38,70,1
2026-03-15,15,17,41,47,21,67,0
2026-03-15,15,18,57,57,37,77,0
2026-03-15,15,19,41,41,31,51,0
2026-03-15,15,20,52,54,37,69,0
2026-03-15,16,1,60,71,40,91,1
2026-03-15,16,2,50,50,43,57,0
2026-03-15,16,3,46,51,41,56,0
2026-03-15,16,4,56,79,45,90,1
2026-03-15,16,5,55,68,40,83,0
2026-03-15,16,6,56,56,43,69,1
2026-03-15,16,7,70,84,50,104,0
2026-03-15,16,8,66,66,49,83,0
2026-03-15,16,9,54,72,43,83,1
2026-03-15,16,10,46,68,29,85,0
2026-03-15,16,11,55,75,45,85,2
2026-03-15,16,12,53,53,43,63,0
2026-03-15,16,13,68,72,49,91,0
2026-03-15,16,14,63,93,50,106,0
2026-03-15,16,15,59,72,50,81,0
2026-03-15,16,16,43,43,37,49,1
2026-03-15,16,17,60,80,47,93,1
2026-03-15,16,18,66,98,46,118,1
2026-03-15,16,19,49,72,37,84,0
2026-03-15,16,20,67,95,49,113,2
2026-03-15,17,1,56,65,39,82,1
2026-03-15,17,2,52,52,36,68,0
2026-03-15,17,3,47,66,34,79,1
2026-03-15,17,4,51,51,36,66,1
2026-03-15,17,5,40,52,32,60,1
2026-03-15,17,6,41,41,33,49,1
2026-03-15,17,7,39,39,29,49,0
2026-03-15,17,8,49,72,30,91,1
2026-03-15,17,9,47,47,38,56,0
2026-03-15,17,10,35,35,29,41,0
2026-03-15,17,11,50,52,38,64,0
2026-03-15,17,12,59,59,39,79,0
2026-03-15,17,13,44,62,33,73,1
2026-03-15,17,14,57,57,39,75,1
2026-03-15,17,15,45,45,39,51,0
2026-03-15,17,16,56,56,41,71,0
2026-03-15,17,17,44,44,26,62,1
2026-03-15,17,18,53,70,43,80,0
2026-03-15,17,19,33,42,20,55,0
2026-03-15,17,20,48,67,30,85,0
2026-03-15,18,1,86,86,73,99,1
2026-03-15,18,2,61,61,51,71,0
2026-03-15,18,3,70,70,53,87,0
2026-03-15,18,4,73,73,53,93,0
2026-03-15,18,5,82,119,71,130,0
2026-03-15,18,6,77,108,62,123,0
2026-03-15,18,7,63,88,57,94,1
2026-03-15,18,8,72,96,63,105,1
2026-03-15,18,9,94,94,83,105,2
2026-03-15,18,10,66,73,49,90,1
2026-03-15,18,11,82,82,71,93,1
2026-03-15,18,12,102,102,93,111,2
2026-03-15,18,13,101,101,81,121,0
2026-03-15,18,14,99,99,88,110,0
2026-03-15,18,15,75,80,58,97,0
2026-03-15,18,16,99,134,87,146,2
2026-03-15,18,17,59,62,52,69,1
2026-03-15,18,18,121,154,101,174,1
2026-03-15,18,19,67,67,60,74,1
2026-03-15,18,20,73,90,63,100,0
2026-03-15,19,1,72,72,58,86,1
2026-03-15,19,2,67,67,49,85,1
2026-03-15,19,3,46,66,41,71,0
2026-03-15,19,4,69,69,56,82,0
2026-03-15,19,5,67,80,50,97,0
2026-03-15,19,6,62,86,46,102,1
2026-03-15,19,7,47,58,34,71,0
2026-03-15,19,8,44,44,31,57,1
2026-03-15,19,9,46,46,35,57,0
2026-03-15,19,10,49,65,44,70,0
2026-03-15,19,11,53,73,45,81,1
2026-03-15,19,12,56,76,50,82,1
2026-03-15,19,13,62,62,49,75,0
2026-03-15,19,14,57,57,46,68,0
2026-03-15,19,15,39,51,31,59,0
2026-03-15,19,16,52,68,36,84,0
2026-03-15,19,17,52,74,39,87,0
2026-03-15,19,18,61,67,43,85,0
2026-03-15,19,19,52,52,47,57,0
2026-03-15,19,20,57,77,43,91,1
2026-03-15,20,1,63,80,44,99,0
2026-03-15,20,2,61,61,55,67,1
2026-03-15,20,3,44,44,30,58,0
2026-03-15,20,4,51,69,46,74,0
2026-03-15,20,5,36,42,28,50,0
2026-03-15,20,6,57,71,39,89,0
2026-03-15,20,7,69,95,49,115,0
2026-03-15,20,8,57,57,44,70,1
2026-03-15,20,9,60,62,42,80,0
2026-03-15,20,10,46,63,34,75,0
2026-03-15,20,11,55,56,43,68,0
2026-03-15,20,12,83,83,71,95,0
2026-03-15,20,13,39,39,31,47,0
2026-03-15,20,14,67,67,59,75,1
2026-03-15,20,15,62,72,56,78,1
2026-03-15,20,16,60,80,42,98,1
2026-03-15,20,17,37,55,30,62,0
2026-03-15,20,18,69,69,53,85,0
2026-03-15,20,19,34,34,23,45,0
2026-03-15,20,20,63,77,43,97,1
2026-03-15,21,1,44,44,36,52,0
2026-03-15,21,2,45,45,27,63,1
2026-03-15,21,3,54,54,34,74,1
2026-03-15,21,4,41,41,32,50,0
2026-03-15,21,5,47,47,39,55,0
2026-03-15,21,6,50,50,36,64,0
2026-03-15,21,7,46,65,37,74,1
2026-03-15,21,8,53,74,39,88,0
2026-03-15,21,9,54,80,39,95,1
2026-03-15,21,10,39,39,21,57,0
2026-03-15,21,11,30,30,25,35,0
2026-03-15,21,12,37,37,32,42,0
2026-03-15,21,13,43,58,23,78,0
2026-03-15,21,14,48,51,38,61,1
2026-03-15,21,15,44,56,38,62,1
2026-03-15,21,16,43,51,35,59,0
2026-03-15,21,17,42,42,29,55,0
2026-03-15,21,18,54,54,35,73,0
2026-03-15,21,19,36,48,29,55,0
2026-03-15,21,20,32,46,22,56,0
2026-03-15,22,1,63,63,43,83,1
2026-03-15,22,2,65,65,46,84,1
2026-03-15,22,3,67,83,50,100,1
2026-03-15,22,4,49,50,40,59,0
2026-03-15,22,5,53,54,39,68,0
2026-03-15,22,6,54,54,36,72,1
2026-03-15,22,7,59,71,48,82,0
2026-03-15,22,8,51,57,38,70,1
2026-03-15,22,9,52,55,44,63,0
2026-03-15,22,10,49,65,41,73,0
2026-03-15,22,11,47,47,36,58,1
2026-03-15,22,12,60,63,47,76,1
2026-03-15,22,13,61,61,50,72,1
2026-03-15,22,14,50,52,44,58,0
2026-03-15,22,15,64,87,46,105,0
2026-03-15,22,16,50,50,32,68,0
2026-03-15,22,17,60,60,41,79,0
2026-03-15,22,18,56,75,51,80,0
2026-03-15,22,19,58,58,49,67,0
2026-03-15,22,20,46,46,36,56,1
2026-03-15,23,1,50,50,41,59,0
2026-03-15,23,2,49,52,34,67,0
2026-03-15,23,3,76,76,56,96,1
2026-03-15,23,4,74,80,62,92,0
2026-03-15,23,5,43,43,36,50,0
2026-03-15,23,6,61,61,42,80,1
2026-03-15,23,7,53,69,45,77,0
2026-03-15,23,8,54,80,45,89,1
2026-03-15,23,9,59,70,39,90,1
2026-03-15,23,10,42,46,36,52,0
2026-03-15,23,11,49,49,40,58,1
2026-03-15,23,12,55,65,40,80,0
2026-03-15,23,13,61,69,47,83,2
2026-03-15,23,14,51,51,46,56,1
2026-03-15,23,15,58,62,39,81,0
2026-03-15,23,16,61,70,45,86,1
2026-03-15,23,17,52,59,40,71,0
2026-03-15,23,18,42,42,32,52,1
2026-03-15,23,19,45,45,39,51,0
2026-03-15,23,20,38,38,32,44,0
2026-03-15,24,1,47,69,38,78,0
2026-03-15,24,2,81,81,63,99,0
2026-03-15,24,3,31,31,22,40,0
2026-03-15,24,4,71,102,53,120,0
2026-03-15,24,5,53,72,46,79,1
2026-03-15,24,6,42,42,23,61,0
2026-03-15,24,7,66,66,53,79,0
2026-03-15,24,8,56,56,51,61,0
2026-03-15,24,9,71,78,52,97,0
2026-03-15,24,10,76,105,56,125,2
2026-03-15,24,11,90,90,71,109,0
2026-03-15,24,12,79,79,70,88,0
2026-03-15,24,13,68,99,63,104,2
2026-03-15,24,14,66,66,50,82,0
2026-03-15,24,15,60,67,45,82,1
2026-03-15,24,16,64,88,52,100,1
2026-03-15,24,17,72,72,58,86,0
2026-03-15,24,18,62,75,42,95,1
2026-03-15,24,19,64,71,53,82,1
2026-03-15,24,20,69,69,54,84,0
2026-03-15,25,1,77,113,61,129,0
2026-03-15,25,2,81,81,72,90,0
2026-03-15,25,3,64,87,53,98,2
2026-03-15,25,4,78,96,65,109,2
2026-03-15,25,5,67,96,47,116,2
2026-03-15,25,6,72,72,58,86,1
2026-03-15,25,7,77,77,72,82,2
2026-03-15,25,8,86,86,74,98,1
2026-03-15,25,9,82,111,63,130,0
2026-03-15,25,10,67,69,48,88,0
2026-03-15,25,11,106,128,100,134,0
2026-03-15,25,12,71,71,58,84,1
2026-03-15,25,13,68,68,60,76,1
2026-03-15,25,14,66,66,47,85,0
2026-03-15,25,15,75,75,58,92,1
2026-03-15,25,16,68,68,56,80,0
2026-03-15,25,17,76,83,64,95,0
2026-03-15,25,18,55,66,46,75,1
2026-03-15,25,19,56,56,41,71,1
2026-03-15,25,20,78,78,72,84,1
2026-03-15,26,1,45,45,32,58,1
2026-03-15,26,2,70,77,54,93,0
2026-03-15,26,3,51,58,46,63,1
2026-03-15,26,4,56,67,49,74,0
2026-03-15,26,5,58,61,39,80,0
2026-03-15,26,6,50,72,41,81,1
2026-03-15,26,7,58,75,38,95,0
2026-03-15,26,8,45,49,32,62,0
2026-03-15,26,9,58,70,47,81,0
2026-03-15,26,10,54,54,36,72,0
2026-03-15,26,11,57,69,37,89,0
2026-03-15,26,12,62,62,48,76,0
2026-03-15,26,13,39,39,32,46,0
2026-03-15,26,14,58,63,47,74,1
2026-03-15,26,15,53,53,42,64,0
2026-03-15,26,16,50,50,39,61,0
2026-03-15,26,17,67,91,47,111,1
2026-03-15,26,18,46,51,40,57,0
2026-03-15,26,19,70,86,50,106,1
2026-03-15,26,20,51,63,37,77,1
2026-03-15,27,1,56,71,44,83,0
2026-03-15,27,2,67,82,57,92,0
2026-03-15,27,3,61,75,41,95,0
2026-03-15,27,4,67,67,59,75,0
2026-03-15,27,5,56,80,51,85,2
2026-03-15,27,6,55,62,49,68,1
2026-03-15,27,7,81,115,61,135,0
2026-03-15,27,8,47,60,34,73,0
2026-03-15,27,9,60,60,53,67,0
2026-03-15,27,10,72,73,53,92,1
2026-03-15,27,11,80,115,62,133,2
2026-03-15,27,12,41,44,34,51,0
2026-03-15,27,13,68,68,56,80,0
2026-03-15,27,14,70,99,55,114,2
2026-03-15,27,15,71,103,53,121,0
2026-03-15,27,16,53,70,48,75,1
2026-03-15,27,17,67,75,55,87,0
2026-03-15,27,18,74,99,60,113,1
2026-03-15,27,19,39,39,34,44,1
2026-03-15,27,20,63,87,44,106,0
2026-03-15,28,1,67,67,57,77,1
2026-03-15,28,2,62,62,55,69,0
2026-03-15,28,3,76,76,59,93,0
2026-03-15,28,4,66,66,52,80,0
2026-03-15,28,5,47,54,36,65,1
2026-03-15,28,6,71,106,63,114,1
2026-03-15,28,7,73,73,65,81,0
2026-03-15,28,8,66,66,54,78,0
2026-03-15,28,9,68,68,59,77,0
2026-03-15,28,10,58,78,48,88,0
2026-03-15,28,11,67,67,57,77,1
2026-03-15,28,12,57,69,51,75,0
2026-03-15,28,13,75,79,62,92,2
2026-03-15,28,14,67,73,52,88,0
2026-03-15,28,15,58,85,45,98,0
2026-03-15,28,16,53,53,48,58,1
2026-03-15,28,17,55,76,43,88,0
2026-03-15,28,18,69,77,54,92,0
2026-03-15,28,19,64,94,54,104,1
2026-03-15,28,20,67,67,57,77,0
2026-03-15,29,1,50,50,40,60,1
2026-03-15,29,2,52,52,38,66,0
2026-03-15,29,3,67,67,47,87,1
2026-03-15,29,4,54,79,37,96,1
2026-03-15,29,5,54,54,35,73,0
2026-03-15,29,6,44,53,32,65,0
2026-03-15,29,7,55,58,37,76,1
2026-03-15,29,8,62,77,42,97,1
2026-03-15,29,9,51,51,40,62,1
2026-03-15,29,10,55,71,44,82,0
2026-03-15,29,11,60,76,44,92,0
2026-03-15,29,12,50,50,35,65,0
2026-03-15,29,13,53,53,37,69,1
2026-03-15,29,14,62,71,52,81,1
2026-03-15,29,15,51,66,43,74,1
2026-03-15,29,16,55,55,39,71,1
2026-03-15,29,17,44,44,39,49,1
2026-03-15,29,18,50,52,33,69,1
2026-03-15,29,19,54,74,40,88,0
2026-03-15,29,20,68,92,51,109,1
2026-03-15,30,1,78,107,63,122,0
2026-03-15,30,2,76,76,68,84,0
2026-03-15,30,3,62,87,54,95,0
2026-03-15,30,4,76,112,61,127,0
2026-03-15,30,5,53,70,38,85,1
2026-03-15,30,6,65,80,55,90,0
2026-03-15,30,7,72,97,67,102,0
2026-03-15,30,8,59,64,52,71,0
2026-03-15,30,9,78,78,61,95,1
2026-03-15,30,10,71,97,52,116,1
2026-03-15,30,11,66,91,55,102,0
2026-03-15,30,12,56,67,48,75,1
2026-03-15,30,13,45,45,40,50,0
2026-03-15,30,14,80,119,71,128,0
2026-03-15,30,15,56,56,49,63,1
2026-03-15,30,16,63,70,53,80,0
2026-03-15,30,17,52,52,44,60,0
2026-03-15,30,18,67,68,50,85,0
2026-03-15,30,19,51,62,40,73,1
2026-03-15,30,20,63,92,51,104,1
2026-03-15,31,1,64,95,48,111,1
2026-03-15,31,2,71,98,56,113,2
2026-03-15,31,3,58,82,43,97,0
2026-03-15,31,4,68,68,48,88,0
2026-03-15,31,5,58,58,51,65,0
2026-03-15,31,6,80,81,60,101,1
2026-03-15,31,7,60,62,52,70,0
2026-03-15,31,8,52,54,46,60,1
2026-03-15,31,9,68,68,48,88,0
2026-03-15,31,10,58,58,52,64,0
2026-03-15,31,11,56,56,50,62,1
2026-03-15,31,12,49,61,35,75,1
2026-03-15,31,13,60,60,47,73,1
2026-03-15,31,14,66,79,61,84,1
2026-03-15,31,15,64,79,46,97,0
2026-03-15,31,16,59,59,52,66,1
2026-03-15,31,17,55,55,49,61,1
2026-03-15,31,18,60,78,51,87,0
2026-03-15,31,19,75,75,60,90,1
2026-03-15,31,20,57,70,49,78,1
2026-03-15,32,1,38,38,33,43,1
2026-03-15,32,2,53,53,40,66,0
2026-03-15,32,3,47,50,39,58,0
2026-03-15,32,4,42,47,36,53,0
2026-03-15,32,5,39,55,29,65,0
2026-03-15,32,6,41,51,30,62,0
2026-03-15,32,7,37,50,27,60,0
2026-03-15,32,8,55,75,36,94,1
2026-03-15,32,9,47,47,38,56,0
2026-03-15,32,10,18,18,6,30,0
2026-03-15,32,11,51,76,34,93,1
2026-03-15,32,12,45,45,32,58,1
2026-03-15,32,13,28,30,18,40,0
2026-03-15,32,14,50,50,45,55,0
2026-03-15,32,15,49,66,34,81,1
2026-03-15,32,16,64,75,47,92,0
2026-03-15,32,17,66,94,49,111,2
2026-03-15,32,18,49,63,32,80,1
2026-03-15,32,19,35,35,27,43,0
2026-03-15,32,20,42,42,23,61,0
2026-03-15,33,1,51,54,38,67,1
2026-03-15,33,2,65,65,51,79,1
2026-03-15,33,3,43,43,38,48,0
2026-03-15,33,4,63,86,44,105,2
2026-03-15,33,5,40,59,35,64,1
2026-03-15,33,6,58,61,48,71,0
2026-03-15,33,7,57,83,39,101,1
2026-03-15,33,8,67,92,49,110,0
2026-03-15,33,9,57,72,50,79,1
2026-03-15,33,10,48,48,28,68,0
2026-03-15,33,11,50,64,32,82,0
2026-03-15,33,12,66,89,56,99,2
2026-03-15,33,13,56,77,40,93,1
2026-03-15,33,14,48,49,43,54,1
2026-03-15,33,15,56,56,42,70,0
2026-03-15,33,16,61,88,47,102,1
2026-03-15,33,17,49,61,42,68,1
2026-03-15,33,18,72,72,52,92,0
2026-03-15,33,19,41,41,30,52,0
2026-03-15,33,20,58,58,38,78,0
2026-03-15,34,1,71,74,61,84,0
2026-03-15,34,2,83,83,72,94,1
2026-03-15,34,3,87,87,76,98,0
2026-03-15,34,4,62,72,47,87,1
2026-03-15,34,5,64,89,56,97,0
2026-03-15,34,6,68,68,53,83,0
2026-03-15,34,7,55,61,41,75,1
2026-03-15,34,8,64,94,45,113,0
2026-03-15,34,9,93,98,82,109,0
2026-03-15,34,10,57,70,43,84,1
2026-03-15,34,11,57,66,48,75,0
2026-03-15,34,12,63,87,50,100,2
2026-03-15,34,13,72,107,52,127,2
2026-03-15,34,14,76,108,64,120,0
2026-03-15,34,15,42,42,36,48,0
2026-03-15,34,16,66,83,47,102,1
2026-03-15,34,17,69,93,51,111,0
2026-03-15,34,18,69,69,53,85,0
2026-03-15,34,19,61,81,54,88,0
2026-03-15,34,20,55,57,47,65,0
2026-03-15,35,1,62,62,54,70,0
2026-03-15,35,2,52,71,42,81,1
2026-03-15,35,3,48,48,36,60,0
2026-03-15,35,4,46,46,37,55,0
2026-03-15,35,5,59,81,41,99,2
2026-03-15,35,6,48,50,35,63,1
2026-03-15,35,7,51,64,38,77,1
2026-03-15,35,8,53,54,42,65,0
2026-03-15,35,9,53,67,41,79,0
2026-03-15,35,10,48,63,36,75,0
2026-03-15,35,11,64,64,58,70,1
2026-03-15,35,12,43,57,37,63,0
2026-03-15,35,13,49,49,38,60,0
2026-03-15,35,14,52,69,42,79,0
2026-03-15,35,15,58,75,38,95,2
2026-03-15,35,16,67,74,52,89,1
2026-03-15,35,17,58,58,49,67,0
2026-03-15,35,18,62,76,44,94,0
2026-03-15,35,19,54,54,47,61,1
2026-03-15,35,20,62,62,48,76,0
2026-03-15,36,1,49,52,35,66,1
2026-03-15,36,2,42,45,37,50,1
2026-03-15,36,3,35,35,26,44,0
2026-03-15,36,4,54,80,34,100,1
2026-03-15,36,5,39,39,30,48,0
2026-03-15,36,6,41,41,35,47,0
2026-03-15,36,7,48,48,35,61,0
2026-03-15,36,8,58,67,48,77,0
2026-03-15,36,9,61,61,45,77,1
2026-03-15,36,10,45,50,28,67,0
2026-03-15,36,11,55,68,49,74,0
2026-03-15,36,12,52,52,33,71,0
2026-03-15,36,13,52,77,37,92,0
2026-03-15,36,14,40,58,28,70,1
2026-03-15,36,15,55,55,48,62,1
2026-03-15,36,16,46,46,38,54,0
2026-03-15,36,17,34,34,18,50,0
2026-03-15,36,18,63,78,44,97,2
2026-03-15,36,19,33,34,25,42,0
2026-03-15,36,20,43,43,36,50,0
2026-03-15,37,1,52,52,44,60,0
2026-03-15,37,2,49,67,42,74,0
2026-03-15,37,3,64,64,53,75,1
2026-03-15,37,4,71,98,54,115,1
2026-03-15,37,5,55,55,42,68,1
2026-03-15,37,6,64,64,44,84,0
2026-03-15,37,7,57,57,48,66,0
2026-03-15,37,8,57,57,51,63,0
2026-03-15,37,9,80,80,72,88,1
2026-03-15,37,10,68,78,49,97,2
2026-03-15,37,11,64,64,44,84,1
2026-03-15,37,12,65,89,47,107,1
2026-03-15,37,13,59,74,44,89,1
2026-03-15,37,14,60,86,48,98,0
2026-03-15,37,15,83,97,66,114,1
2026-03-15,37,16,64,86,49,101,0
2026-03-15,37,17,54,68,44,78,1
2026-03-15,37,18,56,56,47,65,0
2026-03-15,37,19,74,105,56,123,2
2026-03-15,37,20,70,70,53,87,2
2026-03-15,38,1,60,60,42,78,0
2026-03-15,38,2,41,59,34,66,0
2026-03-15,38,3,38,44,28,54,0
2026-03-15,38,4,46,63,36,73,0
2026-03-15,38,5,43,64,28,79,1
2026-03-15,38,6,41,45,31,55,0
2026-03-15,38,7,42,46,35,53,0
2026-03-15,38,8,39,50,34,55,0
2026-03-15,38,9,58,61,48,71,0
2026-03-15,38,10,37,37,30,44,0
2026-03-15,38,11,49,65,43,71,0
2026-03-15,38,12,53,56,39,70,1
2026-03-15,38,13,59,60,39,80,1
2026-03-15,38,14,50,57,40,67,1
2026-03-15,38,15,44,63,34,73,0
2026-03-15,38,16,53,74,35,92,1
2026-03-15,38,17,41,41,28,54,0
2026-03-15,38,18,53,78,35,96,1
2026-03-15,38,19,40,56,20,76,1
2026-03-15,38,20,49,49,31,67,0
2026-03-15,39,1,61,77,53,85,1
2026-03-15,39,2,44,58,35,67,0
2026-03-15,39,3,61,89,52,98,0
2026-03-15,39,4,66,78,53,91,1
2026-03-15,39,5,25,25,20,30,0
2026-03-15,39,6,65,81,46,100,1
2026-03-15,39,7,44,45,39,50,0
2026-03-15,39,8,56,56,43,69,0
2026-03-15,39,9,62,62,44,80,1
2026-03-15,39,10,53,53,33,73,0
2026-03-15,39,11,50,67,43,74,0
2026-03-15,39,12,47,47,34,60,0
2026-03-15,39,13,51,64,37,78,0
2026-03-15,39,14,52,75,40,87,1
2026-03-15,39,15,55,55,37,73,1
2026-03-15,39,16,64,89,51,102,1
2026-03-15,39,17,38,49,25,62,0
2026-03-15,39,18,53,66,38,81,0
2026-03-15,39,19,37,49,28,58,0
2026-03-15,39,20,50,63,42,71,0
2026-03-15,40,1,62,62,44,80,1
2026-03-15,40,2,71,71,63,79,1
2026-03-15,40,3,69,69,50,88,1
2026-03-15,40,4,62,65,53,74,0
2026-03-15,40,5,56,74,49,81,0
2026-03-15,40,6,81,81,61,101,1
2026-03-15,40,7,78,78,70,86,1
2026-03-15,40,8,50,50,45,55,1
2026-03-15,40,9,91,135,72,154,0
2026-03-15,40,10,75,97,56,116,0
2026-03-15,40,11,74,74,63,85,1
2026-03-15,40,12,70,83,55,98,2
2026-03-15,40,13,65,73,49,89,1
2026-03-15,40,14,62,70,51,81,0
2026-03-15,40,15,66,66,59,73,1
2026-03-15,40,16,79,79,60,98,0
2026-03-15,40,17,65,65,45,85,1
2026-03-15,40,18,57,57,50,64,0
2026-03-15,40,19,93,110,73,130,2
2026-03-15,40,20,56,56,42,70,0
2026-03-15,41,1,46,46,31,61,0
2026-03-15,41,2,45,45,40,50,0
2026-03-15,41,3,33,33,22,44,0
2026-03-15,41,4,43,47,29,61,0
2026-03-15,41,5,43,51,33,61,0
2026-03-15,41,6,47,69,36,80,0
2026-03-15,41,7,39,53,30,62,0
2026-03-15,41,8,44,44,36,52,0
2026-03-15,41,9,48,48,32,64,0
2026-03-15,41,10,47,50,41,56,0
2026-03-15,41,11,59,59,46,72,1
2026-03-15,41,12,47,58,33,72,0
2026-03-15,41,13,45,51,38,58,0
2026-03-15,41,14,39,48,32,55,0
2026-03-15,41,15,64,65,52,77,1
2026-03-15,41,16,58,73,43,88,1
2026-03-15,41,17,29,29,21,37,0
2026-03-15,41,18,58,61,40,79,0
2026-03-15,41,19,33,33,23,43,0
2026-03-15,41,20,32,38,26,44,0
2026-03-15,42,1,53,53,40,66,0
2026-03-15,42,2,57,57,47,67,0
2026-03-15,42,3,48,63,35,76,1
2026-03-15,42,4,45,47,40,52,0
2026-03-15,42,5,47,47,36,58,0
2026-03-15,42,6,47,69,40,76,2
2026-03-15,42,7,58,60,38,80,1
2026-03-15,42,8,51,56,34,73,1
2026-03-15,42,9,48,48,37,59,1
2026-03-15,42,10,47,47,28,66,0
2026-03-15,42,11,67,67,47,87,0
2026-03-15,42,12,65,72,50,87,1
2026-03-15,42,13,41,60,22,79,0
2026-03-15,42,14,45,53,35,63,1
2026-03-15,42,15,54,54,43,65,0
2026-03-15,42,16,77,113,65,125,1
2026-03-15,42,17,46,47,33,60,1
2026-03-15,42,18,41,52,35,58,0
2026-03-15,42,19,59,63,39,83,0
2026-03-15,42,20,40,40,26,54,0
2026-03-15,43,1,56,77,43,90,1
2026-03-15,43,2,70,89,63,96,1
2026-03-15,43,3,60,82,49,93,1
2026-03-15,43,4,71,84,51,104,0
2026-03-15,43,5,53,58,44,67,1
2026-03-15,43,6,60,80,44,96,0
2026-03-15,43,7,77,79,61,95,0
2026-03-15,43,8,59,69,52,76,1
2026-03-15,43,9,68,72,59,81,1
2026-03-15,43,10,51,69,46,74,1
2026-03-15,43,11,62,77,50,89,2
2026-03-15,43,12,81,81,67,95,1
2026-03-15,43,13,58,58,49,67,1
2026-03-15,43,14,65,68,56,77,0
2026-03-15,43,15,67,76,47,96,1
2026-03-15,43,16,69,93,57,105,2
2026-03-15,43,17,71,85,53,103,1
2026-03-15,43,18,70,72,59,83,1
2026-03-15,43,19,64,87,53,98,0
2026-03-15,43,20,63,63,45,81,0
2026-03-15,44,1,50,50,39,61,0
2026-03-15,44,2,63,91,54,100,2
2026-03-15,44,3,50,50,37,63,0
2026-03-15,44,4,57,69,50,76,1
2026-03-15,44,5,67,67,48,86,1
2026-03-15,44,6,73,73,63,83,1
2026-03-15,44,7,56,83,47,92,1
2026-03-15,44,8,48,50,40,58,1
2026-03-15,44,9,66,67,49,84,1
2026-03-15,44,10,72,74,52,94,0
2026-03-15,44,11,67,95,47,115,1
2026-03-15,44,12,60,88,40,108,2
2026-03-15,44,13,57,57,37,77,0
2026-03-15,44,14,61,79,55,85,0
2026-03-15,44,15,55,80,50,85,1
2026-03-15,44,16,54,79,40,93,1
2026-03-15,44,17,58,58,40,76,1
2026-03-15,44,18,49,64,43,70,1
2026-03-15,44,19,55,55,45,65,0
2026-03-15,44,20,57,57,42,72,1
2026-03-15,45,1,73,73,65,81,1
2026-03-15,45,2,77,113,71,119,2
2026-03-15,45,3,70,70,57,83,0
2026-03-15,45,4,58,74,46,86,0
2026-03-15,45,5,59,59,50,68,0
2026-03-15,45,6,69,69,57,81,1
2026-03-15,45,7,54,54,45,63,1
2026-03-15,45,8,61,76,42,95,1
2026-03-15,45,9,69,72,49,92,0
2026-03-15,45,10,59,79,47,91,0
2026-03-15,45,11,69,103,49,123,2
2026-03-15,45,12,59,70,47,82,0
2026-03-15,45,13,75,110,56,129,0
2026-03-15,45,14,72,72,61,83,0
2026-03-15,45,15,51,51,44,58,0
2026-03-15,45,16,61,84,52,93,1
2026-03-15,45,17,71,95,56,110,2
2026-03-15,45,18,63,63,54,72,1
2026-03-15,45,19,75,107,67,115,0
2026-03-15,45,20,77,107,57,127,2
2026-03-15,46,1,73,92,59,106,2
2026-03-15,46,2,67,67,61,73,0
2026-03-15,46,3,70,91,54,107,0
2026-03-15,46,4,47,61,35,73,0
2026-03-15,46,5,50,50,45,55,0
2026-03-15,46,6,78,78,59,97,1
2026-03-15,46,7,83,83,74,92,0
2026-03-15,46,8,64,81,48,97,1
2026-03-15,46,9,51,56,46,61,1
2026-03-15,46,10,62,62,50,74,1
2026-03-15,46,11,67,88,51,104,2
2026-03-15,46,12,72,105,56,121,1
2026-03-15,46,13,61,72,51,82,1
2026-03-15,46,14,59,81,54,86,0
2026-03-15,46,15,67,75,52,90,1
2026-03-15,46,16,66,66,55,77,1
2026-03-15,46,17,95,113,77,131,1
2026-03-15,46,18,56,60,45,71,0
2026-03-15,46,19,59,63,47,75,0
2026-03-15,46,20,59,67,41,85,0
2026-03-15,47,1,103,103,88,118,2
2026-03-15,47,2,74,85,54,105,2
2026-03-15,47,3,68,68,52,84,1
2026-03-15,47,4,81,81,70,92,1
2026-03-15,47,5,74,74,62,86,0
2026-03-15,47,6,101,147,95,153,1
2026-03-15,47,7,83,83,65,101,1
2026-03-15,47,8,72,97,65,104,0
2026-03-15,47,9,74,74,63,85,1
2026-03-15,47,10,46,61,36,71,1
2026-03-15,47,11,88,93,69,112,1
2026-03-15,47,12,79,79,62,96,0
2026-03-15,47,13,50,50,43,57,1
2026-03-15,47,14,75,92,64,103,0
2026-03-15,47,15,87,87,80,94,2
2026-03-15,47,16,74,81,54,101,1
2026-03-15,47,17,89,123,75,137,0
2026-03-15,47,18,46,58,40,64,0
2026-03-15,47,19,68,80,51,97,0
2026-03-15,47,20,67,72,47,92,0
2026-03-15,48,1,54,54,47,61,1
2026-03-15,48,2,44,54,38,60,0
2026-03-15,48,3,88,88,72,104,0
2026-03-15,48,4,48,63,41,70,0
2026-03-15,48,5,46,46,36,56,0
2026-03-15,48,6,45,45,38,52,1
2026-03-15,48,7,69,96,55,110,2
2026-03-15,48,8,46,66,39,73,1
2026-03-15,48,9,70,70,50,90,0
2026-03-15,48,10,38,53,31,60,1
2026-03-15,48,11,66,97,47,116,1
2026-03-15,48,12,66,76,59,83,0
2026-03-15,48,13,45,61,34,72,0
2026-03-15,48,14,53,53,37,69,0
2026-03-15,48,15,55,60,43,72,0
2026-03-15,48,16,62,65,50,77,0
2026-03-15,48,17,56,73,39,90,1
2026-03-15,48,18,50,50,42,58,0
2026-03-15,48,19,59,59,46,72,0
2026-03-15,48,20,48,48,29,67,0
2026-03-15,49,1,55,74,35,94,0
2026-03-15,49,2,39,39,30,48,1
2026-03-15,49,3,46,65,31,80,1
2026-03-15,49,4,43,45,34,54,0
2026-03-15,49,5,50,53,40,63,1
2026-03-15,49,6,39,39,25,53,1
2026-03-15,49,7,44,61,39,66,1
2026-03-15,49,8,57,57,41,73,1
2026-03-15,49,9,48,58,41,65,0
2026-03-15,49,10,35,39,25,49,1
2026-03-15,49,11,52,69,41,80,0
2026-03-15,49,12,51,51,35,67,0
2026-03-15,49,13,33,34,21,46,0
2026-03-15,49,14,56,77,40,93,1
2026-03-15,49,15,19,19,1,37,0
2026-03-15,49,16,54,78,41,91,0
2026-03-15,49,17,43,43,38,48,0
2026-03-15,49,18,48,59,42,65,1
2026-03-15,49,19,51,62,37,76,1
2026-03-15,49,20,33,33,28,38,0
2026-03-15,50,1,48,48,35,61,0
2026-03-15,50,2,82,82,65,99,0
2026-03-15,50,3,52,63,35,80,1
2026-03-15,50,4,48,71,40,79,0
2026-03-15,50,5,36,39,25,50,1
2026-03-15,50,6,63,80,52,91,1
2026-03-15,50,7,43,43,34,52,0
2026-03-15,50,8,52,62,43,71,1
2026-03-15,50,9,57,57,47,67,0
2026-03-15,50,10,59,75,39,95,1
2026-03-15,50,11,56,76,48,84,0
2026-03-15,50,12,52,57,46,63,0
2026-03-15,50,13,45,53,32,66,0
2026-03-15,50,14,54,54,46,62,1
2026-03-15,50,15,68,73,49,92,0
2026-03-15,50,16,62,80,44,98,2
2026-03-15,50,17,31,32,25,38,0
2026-03-15,50,18,58,66,43,81,0
2026-03-15,50,19,23,29,16,36,0
2026-03-15,50,20,58,63,40,81,1
2026-03-22,1,1,49,49,44,54,0
2026-03-22,1,2,75,101,56,120,0
2026-03-22,1,3,65,97,53,109,1
2026-03-22,1,4,45,52,40,57,0
2026-03-22,1,5,48,53,41,60,0
2026-03-22,1,6,66,66,58,74,1
2026-03-22,1,7,74,74,59,89,0
2026-03-22,1,8,73,105,53,125,0
2026-03-22,1,9,56,56,47,65,0
2026-03-22,1,10,67,73,54,86,1
2026-03-22,1,11,76,94,59,111,2
2026-03-22,1,12,83,95,70,108,2
2026-03-22,1,13,62,62,44,80,0
2026-03-22,1,14,71,71,54,88,1
2026-03-22,1,15,56,80,43,93,1
2026-03-22,1,16,56,76,47,85,0
2026-03-22,1,17,63,74,49,88,1
2026-03-22,1,18,58,58,53,63,0
2026-03-22,1,19,58,58,42,74,1
2026-03-22,1,20,64,74,45,93,0
2026-03-22,2,1,48,57,33,72,0
2026-03-22,2,2,52,70,46,76,0
2026-03-22,2,3,32,32,25,39,0
2026-03-22,2,4,44,64,38,70,0
2026-03-22,2,5,43,54,26,71,0
2026-03-22,2,6,50,50,35,65,0
2026-03-22,2,7,60,70,40,90,1
2026-03-22,2,8,53,69,39,83,0
2026-03-22,2,9,65,73,47,91,1
2026-03-22,2,10,45,51,31,65,0
2026-03-22,2,11,50,50,45,55,0
2026-03-22,2,12,58,68,41,85,0
2026-03-22,2,13,49,49,41,57,0
2026-03-22,2,14,61,76,53,84,1
2026-03-22,2,15,48,48,34,62,0
2026-03-22,2,16,61,61,41,81,1
2026-03-22,2,17,40,55,26,69,0
2026-03-22,2,18,52,71,42,81,1
2026-03-22,2,19,38,38,27,49,0
2026-03-22,2,20,55,69,44,80,1
2026-03-22,3,1,60,63,48,75,1
2026-03-22,3,2,55,55,42,68,1
2026-03-22,3,3,48,48,34,62,0
2026-03-22,3,4,77,77,59,95,0
2026-03-22,3,5,44,44,30,58,0
2026-03-22,3,6,47,55,30,72,0
2026-03-22,3,7,50,50,36,64,1
2026-03-22,3,8,62,73,44,91,0
2026-03-22,3,9,70,70,51,89,0
2026-03-22,3,10,45,62,33,74,1
2026-03-22,3,11,71,71,55,87,1
2026-03-22,3,12,63,63,48,78,1
2026-03-22,3,13,59,87,45,101,2
2026-03-22,3,14,72,88,53,107,0
2026-03-22,3,15,65,84,50,99,1
2026-03-22,3,16,57,82,39,100,1
2026-03-22,3,17,53,53,39,67,1
2026-03-22,3,18,63,92,49,106,0
2026-03-22,3,19,39,41,28,52,0
2026-03-22,3,20,47,47,34,60,1
2026-03-22,4,1,71,92,56,107,2
2026-03-22,4,2,76,76,69,83,0
2026-03-22,4,3,58,65,46,77,0
2026-03-22,4,4,67,70,53,84,1
2026-03-22,4,5,64,64,47,81,1
2026-03-22,4,6,68,68,48,88,1
2026-03-22,4,7,70,70,62,78,1
2026-03-22,4,8,59,59,46,72,0
2026-03-22,4,9,64,91,55,100,2
2026-03-22,4,10,73,73,60,86,0
2026-03-22,4,11,75,75,56,94,1
2026-03-22,4,12,60,75,51,84,0
2026-03-22,4,13,60,62,42,80,0
2026-03-22,4,14,68,87,55,100,0
2026-03-22,4,15,49,58,44,63,0
2026-03-22,4,16,59,83,48,94,1
2026-03-22,4,17,81,81,61,101,2
2026-03-22,4,18,58,82,41,99,1
2026-03-22,4,19,78,78,59,97,1
2026-03-22,4,20,54,54,41,67,0
2026-03-22,5,1,34,44,19,59,0
2026-03-22,5,2,44,44,32,56,0
2026-03-22,5,3,45,59,30,74,0
2026-03-22,5,4,54,70,36,88,1
2026-03-22,5,5,38,52,23,67,0
2026-03-22,5,6,42,50,30,62,0
2026-03-22,5,7,37,39,26,50,0
2026-03-22,5,8,25,25,16,34,0
2026-03-22,5,9,43,62,27,78,0
2026-03-22,5,10,25,25,18,32,0
2026-03-22,5,11,40,47,25,62,0
2026-03-22,5,12,42,49,36,55,0
2026-03-22,5,13,47,48,27,68,0
2026-03-22,5,14,28,28,23,33,0
2026-03-22,5,15,34,43,29,48,0
2026-03-22,5,16,43,45,24,64,1
2026-03-22,5,17,38,54,27,65,0
2026-03-22,5,18,32,32,22,42,0
2026-03-22,5,19,63,65,44,84,1
2026-03-22,5,20,40,54,30,64,1
2026-03-22,6,1,54,54,35,73,0
2026-03-22,6,2,45,45,38,52,1
2026-03-22,6,3,44,44,38,50,0
2026-03-22,6,4,49,49,35,63,0
2026-03-22,6,5,55,56,35,76,1
2026-03-22,6,6,48,48,39,57,0
2026-03-22,6,7,58,58,38,78,0
2026-03-22,6,8,47,47,40,54,0
2026-03-22,6,9,63,87,46,104,1
2026-03-22,6,10,38,38,31,45,0
2026-03-22,6,11,69,70,51,88,0
2026-03-22,6,12,53,53,43,63,0
2026-03-22,6,13,51,61,43,69,0
2026-03-22,6,14,43,49,36,56,1
2026-03-22,6,15,62,72,48,86,0
2026-03-22,6,16,38,41,31,48,0
2026-03-22,6,17,50,65,40,75,0
2026-03-22,6,18,46,46,28,64,0
2026-03-22,6,19,46,54,40,60,1
2026-03-22,6,20,56,64,39,81,0
2026-03-22,7,1,59,59,45,73,1
2026-03-22,7,2,51,51,39,63,0
2026-03-22,7,3,54,54,34,74,0
2026-03-22,7,4,61,62,52,71,1
2026-03-22,7,5,28,28,23,33,0
2026-03-22,7,6,57,67,47,77,1
2026-03-22,7,7,62,72,43,91,0
2026-03-22,7,8,70,88,54,104,2
2026-03-22,7,9,49,49,44,54,0
2026-03-22,7,10,43,47,33,57,0
2026-03-22,7,11,61,68,53,76,0
2026-03-22,7,12,59,79,43,95,1
2026-03-22,7,13,72,72,53,91,1
2026-03-22,7,14,74,108,61,121,0
2026-03-22,7,15,68,86,48,106,0
2026-03-22,7,16,62,62,46,78,0
2026-03-22,7,17,52,52,32,72,0
2026-03-22,7,18,57,58,41,74,0
2026-03-22,7,19,61,77,51,87,2
2026-03-22,7,20,54,54,43,65,1
2026-03-22,8,1,37,48,27,58,1
2026-03-22,8,2,58,59,40,77,1
2026-03-22,8,3,41,41,32,50,0
2026-03-22,8,4,41,42,30,53,0
2026-03-22,8,5,49,66,35,80,0
2026-03-22,8,6,42,57,34,65,0
2026-03-22,8,7,50,50,30,70,1
2026-03-22,8,8,36,36,27,45,0
2026-03-22,8,9,56,73,40,89,1
2026-03-22,8,10,28,30,23,35,0
2026-03-22,8,11,43,48,32,59,0
2026-03-22,8,12,32,39,27,44,0
2026-03-22,8,13,45,53,28,70,1
2026-03-22,8,14,41,58,33,66,1
2026-03-22,8,15,44,65,35,74,0
2026-03-22,8,16,49,69,39,79,0
2026-03-22,8,17,56,79,40,95,0
2026-03-22,8,18,50,52,36,66,1
2026-03-22,8,19,52,52,45,59,0
2026-03-22,8,20,41,57,21,77,1
2026-03-22,9,1,68,96,53,111,1
2026-03-22,9,2,54,54,48,60,0
2026-03-22,9,3,66,75,52,89,1
2026-03-22,9,4,55,55,46,64,0
2026-03-22,9,5,79,102,63,118,0
2026-03-22,9,6,68,68,57,79,0
2026-03-22,9,7,74,74,58,90,0
2026-03-22,9,8,70,104,51,123,3
2026-03-22,9,9,57,57,51,63,0
2026-03-22,9,10,81,81,61,101,1
2026-03-22,9,11,79,80,71,88,0
2026-03-22,9,12,65,65,47,83,1
2026-03-22,9,13,56,56,49,63,1
2026-03-22,9,14,73,88,61,100,1
2026-03-22,9,15,69,100,49,120,0
2026-03-22,9,16,77,107,71,113,2
2026-03-22,9,17,75,88,62,101,1
2026-03-22,9,18,56,80,43,93,0
2026-03-22,9,19,50,74,39,85,0
2026-03-22,9,20,67,87,62,92,0
2026-03-22,10,1,63,67,51,79,1
2026-03-22,10,2,73,108,60,121,2
2026-03-22,10,3,84,100,69,115,0
2026-03-22,10,4,73,73,65,81,0
2026-03-22,10,5,71,95,55,111,2
2026-03-22,10,6,83,115,63,135,3
2026-03-22,10,7,79,85,62,102,1
2026-03-22,10,8,69,99,55,113,2
2026-03-22,10,9,63,93,49,107,0
2026-03-22,10,10,126,126,108,144,1
2026-03-22,10,11,73,73,64,82,1
2026-03-22,10,12,77,108,69,116,2
2026-03-22,10,13,57,58,52,63,1
2026-03-22,10,14,82,82,67,97,0
2026-03-22,10,15,68,71,60,79,0
2026-03-22,10,16,76,76,59,93,0
2026-03-22,10,17,58,80,47,91,0
2026-03-22,10,18,95,119,88,126,3
2026-03-22,10,19,73,96,58,111,2
2026-03-22,10,20,77,84,64,97,1
2026-03-22,11,1,55,55,40,70,1
2026-03-22,11,2,58,85,51,92,0
2026-03-22,11,3,40,55,31,64,0
2026-03-22,11,4,59,75,54,80,1
2026-03-22,11,5,39,41,27,53,0
2026-03-22,11,6,59,71,40,90,1
2026-03-22,11,7,71,76,54,93,1
2026-03-22,11,8,65,65,57,73,1
2026-03-22,11,9,68,79,55,92,0
2026-03-22,11,10,53,65,44,74,0
2026-03-22,11,11,71,71,52,90,1
2026-03-22,11,12,53,78,43,88,2
2026-03-22,11,13,47,55,39,63,1
2026-03-22,11,14,71,85,51,105,0
2026-03-22,11,15,52,58,43,67,0
2026-03-22,11,16,56,57,48,65,0
2026-03-22,11,17,37,37,29,45,0
2026-03-22,11,18,54,54,38,70,0
2026-03-22,11,19,34,34,21,47,0
2026-03-22,11,20,62,62,42,82,1
2026-03-22,12,1,50,59,43,66,0
2026-03-22,12,2,59,59,45,73,0
2026-03-22,12,3,47,56,28,75,0
2026-03-22,12,4,74,74,67,81,1
2026-03-22,12,5,31,35,25,41,0
2026-03-22,12,6,48,66,41,73,1
2026-03-22,12,7,88,129,68,149,3
2026-03-22,12,8,69,69,56,82,1
2026-03-22,12,9,76,98,62,112,2
2026-03-22,12,10,77,80,69,88,0
2026-03-22,12,11,65,84,45,104,0
2026-03-22,12,12,53,53,42,64,0
2026-03-22,12,13,48,55,42,61,1
2026-03-22,12,14,63,63,48,78,0
2026-03-22,12,15,44,44,39,49,1
2026-03-22,12,16,57,78,46,89,2
2026-03-22,12,17,50,63,42,71,1
2026-03-22,12,18,61,83,43,101,1
2026-03-22,12,19,56,56,41,71,0
2026-03-22,12,20,70,70,52,88,0
2026-03-22,13,1,60,60,53,67,1
2026-03-22,13,2,71,97,52,116,1
2026-03-22,13,3,56,67,50,73,0
2026-03-22,13,4,68,95,63,100,1
2026-03-22,13,5,54,64,49,69,1
2026-03-22,13,6,68,68,60,76,1
2026-03-22,13,7,88,95,72,111,0
2026-03-22,13,8,97,121,82,136,2
2026-03-22,13,9,101,108,83,126,2
2026-03-22,13,10,63,93,57,99,2
2026-03-22,13,11,86,99,73,112,2
2026-03-22,13,12,74,79,59,94,0
2026-03-22,13,13,70,70,60,80,0
2026-03-22,13,14,83,92,69,106,0
2026-03-22,13,15,77,100,64,113,0
2026-03-22,13,16,66,66,60,72,0
2026-03-22,13,17,69,69,63,75,1
2026-03-22,13,18,75,89,55,109,1
2026-03-22,13,19,82,117,71,128,3
2026-03-22,13,20,76,76,63,89,0
2026-03-22,14,1,76,76,57,95,0
2026-03-22,14,2,46,46,41,51,0
2026-03-22,14,3,63,77,44,96,2
2026-03-22,14,4,56,56,50,62,0
2026-03-22,14,5,48,48,42,54,0
2026-03-22,14,6,66,66,57,75,0
2026-03-22,14,7,66,95,50,111,1
2026-03-22,14,8,49,60,40,69,1
2026-03-22,14,9,50,50,45,55,1
2026-03-22,14,10,47,58,39,66,0
2026-03-22,14,11,51,51,45,57,0
2026-03-22,14,12,50,50,41,59,1
2026-03-22,14,13,58,58,40,76,0
2026-03-22,14,14,57,62,48,71,0
2026-03-22,14,15,63,71,47,87,0
2026-03-22,14,16,57,57,52,62,0
2026-03-22,14,17,56,71,51,76,0
2026-03-22,14,18,80,80,62,98,1
2026-03-22,14,19,62,64,47,79,1
2026-03-22,14,20,51,72,41,82,0
2026-03-22,15,1,58,64,38,84,0
2026-03-22,15,2,63,82,50,95,0
2026-03-22,15,3,31,31,24,38,0
2026-03-22,15,4,42,60,30,72,1
2026-03-22,15,5,37,51,29,59,0
2026-03-22,15,6,50,50,35,65,0
2026-03-22,15,7,59,73,54,78,0
2026-03-22,15,8,52,55,38,69,0
2026-03-22,15,9,51,51,34,68,0
2026-03-22,15,10,62,64,47,79,1
2026-03-22,15,11,52,77,34,95,0
2026-03-22,15,12,56,56,48,64,0
2026-03-22,15,13,50,51,35,66,1
2026-03-22,15,14,33,48,19,62,1
2026-03-22,15,15,40,58,30,68,0
2026-03-22,15,16,62,89,50,101,0
2026-03-22,15,17,38,38,23,53,0
2026-03-22,15,18,35,35,29,41,0
2026-03-22,15,19,42,57,24,75,0
2026-03-22,15,20,42,55,24,73,0
2026-03-22,16,1,47,50,41,56,0
2026-03-22,16,2,65,94,46,113,0
2026-03-22,16,3,49,50,42,57,0
2026-03-22,16,4,53,53,45,61,0
2026-03-22,16,5,68,71,49,90,1
2026-03-22,16,6,51,51,31,71,1
2026-03-22,16,7,68,68,62,74,1
2026-03-22,16,8,67,70,54,83,1
2026-03-22,16,9,65,93,59,99,2
2026-03-22,16,10,51,56,37,70,0
2026-03-22,16,11,59,80,50,89,1
2026-03-22,16,12,63,85,48,100,0
2026-03-22,16,13,68,98,50,116,2
2026-03-22,16,14,58,76,48,86,0
2026-03-22,16,15,56,56,43,69,0
2026-03-22,16,16,62,63,45,80,0
2026-03-22,16,17,55,73,35,93,1
2026-03-22,16,18,54,76,43,87,0
2026-03-22,16,19,67,87,50,104,1
2026-03-22,16,20,63,63,50,76,0
2026-03-22,17,1,44,48,29,63,1
2026-03-22,17,2,62,73,57,78,0
2026-03-22,17,3,60,75,40,95,0
2026-03-22,17,4,74,104,54,124,2
2026-03-22,17,5,52,66,39,79,1
2026-03-22,17,6,46,66,36,76,0
2026-03-22,17,7,52,74,33,93,0
2026-03-22,17,8,44,65,36,73,1
2026-03-22,17,9,58,74,42,90,0
2026-03-22,17,10,39,51,34,56,0
2026-03-22,17,11,42,42,36,48,0
2026-03-22,17,12,60,72,40,92,1
2026-03-22,17,13,34,34,20,48,0
2026-03-22,17,14,55,60,37,78,1
2026-03-22,17,15,41,49,31,59,0
2026-03-22,17,16,47,47,33,61,0
2026-03-22,17,17,54,59,38,75,1
2026-03-22,17,18,43,44,33,54,0
2026-03-22,17,19,53,66,37,82,0
2026-03-22,17,20,47,56,32,71,0
2026-03-22,18,1,74,74,56,92,0
2026-03-22,18,2,75,75,62,88,1
2026-03-22,18,3,66,69,50,85,1
2026-03-22,18,4,85,85,76,94,0
2026-03-22,18,5,67,97,58,106,0
2026-03-22,18,6,69,75,53,91,0
2026-03-22,18,7,81,81,72,90,1
2026-03-22,18,8,96,114,77,133,1
2026-03-22,18,9,84,84,66,102,0
2026-03-22,18,10,76,104,58,122,1
2026-03-22,18,11,82,82,63,101,1
2026-03-22,18,12,95,95,78,112,0
2026-03-22,18,13,88,128,71,145,1
2026-03-22,18,14,85,85,70,100,1
2026-03-22,18,15,78,105,71,112,1
2026-03-22,18,16,54,78,42,90,1
2026-03-22,18,17,62,62,50,74,1
2026-03-22,18,18,70,96,59,107,0
2026-03-22,18,19,93,106,73,126,0
2026-03-22,18,20,81,84,72,93,0
2026-03-22,19,1,45,45,39,51,0
2026-03-22,19,2,65,92,51,106,1
2026-03-22,19,3,51,58,34,75,0
2026-03-22,19,4,74,93,62,105,0
2026-03-22,19,5,61,81,41,101,1
2026-03-22,19,6,56,59,45,70,0
2026-03-22,19,7,62,62,50,74,0
2026-03-22,19,8,43,43,37,49,0
2026-03-22,19,9,62,70,42,90,1
2026-03-22,19,10,50,67,39,78,0
2026-03-22,19,11,52,59,39,72,0
2026-03-22,19,12,46,46,40,52,0
2026-03-22,19,13,47,47,36,58,1
2026-03-22,19,14,75,86,56,105,0
2026-03-22,19,15,52,52,43,61,1
2026-03-22,19,16,68,68,48,88,0
2026-03-22,19,17,60,86,41,105,0
2026-03-22,19,18,55,55,47,63,0
2026-03-22,19,19,50,50,34,66,0
2026-03-22,19,20,53,55,42,66,0
2026-03-22,20,1,58,59,52,65,1
2026-03-22,20,2,57,83,43,97,2
2026-03-22,20,3,42,42,33,51,0
2026-03-22,20,4,51,56,39,68,1
2026-03-22,20,5,47,47,33,61,1
2026-03-22,20,6,86,86,68,104,1
2026-03-22,20,7,60,60,55,65,1
2026-03-22,20,8,58,63,40,81,0
2026-03-22,20,9,51,75,41,85,0
2026-03-22,20,10,60,81,48,93,0
2026-03-22,20,11,58,76,45,89,0
2026-03-22,20,12,61,61,50,72,0
2026-03-22,20,13,56,74,40,90,1
2026-03-22,20,14,68,68,48,88,1
2026-03-22,20,15,64,69,57,76,0
2026-03-22,20,16,58,67,44,81,0
2026-03-22,20,17,47,53,37,63,1
2026-03-22,20,18,66,79,46,99,0
2026-03-22,20,19,44,44,35,53,1
2026-03-22,20,20,64,64,45,83,0
2026-03-22,21,1,42,56,37,61,0
2026-03-22,21,2,40,40,35,45,0
2026-03-22,21,3,44,54,35,63,0
2026-03-22,21,4,41,52,36,57,0
2026-03-22,21,5,50,63,32,81,0
2026-03-22,21,6,71,71,53,89,0
2026-03-22,21,7,46,58,34,70,1
2026-03-22,21,8,57,57,40,74,1
2026-03-22,21,9,50,70,44,76,0
2026-03-22,21,10,39,39,25,53,0
2026-03-22,21,11,59,70,47,82,0
2026-03-22,21,12,52,66,37,81,0
2026-03-22,21,13,39,58,25,72,0
2026-03-22,21,14,65,81,45,101,1
2026-03-22,21,15,52,52,33,71,0
2026-03-22,21,16,40,40,25,55,0
2026-03-22,21,17,41,44,35,50,0
2026-03-22,21,18,50,50,39,61,0
2026-03-22,21,19,68,68,48,88,0
2026-03-22,21,20,36,40,26,50,0
2026-03-22,22,1,68,75,51,92,0
2026-03-22,22,2,52,60,43,69,1
2026-03-22,22,3,47,49,28,68,0
2026-03-22,22,4,62,72,48,86,0
2026-03-22,22,5,43,53,37,59,0
2026-03-22,22,6,58,85,41,102,0
2026-03-22,22,7,67,67,58,76,1
2026-03-22,22,8,61,61,44,78,1
2026-03-22,22,9,55,55,47,63,1
2026-03-22,22,10,53,74,36,91,0
2026-03-22,22,11,62,62,49,75,1
2026-03-22,22,12,58,81,38,101,0
2026-03-22,22,13,73,75,53,95,1
2026-03-22,22,14,55,80,44,91,1
2026-03-22,22,15,49,66,39,76,1
2026-03-22,22,16,54,63,42,75,1
2026-03-22,22,17,63,75,44,94,2
2026-03-22,22,18,51,51,42,60,1
2026-03-22,22,19,48,48,35,61,0
2026-03-22,22,20,46,68,39,75,1
2026-03-22,23,1,58,66,43,81,0
2026-03-22,23,2,50,50,45,55,1
2026-03-22,23,3,61,61,46,76,0
2026-03-22,23,4,71,99,54,116,0
2026-03-22,23,5,65,79,47,97,1
2026-03-22,23,6,55,55,48,62,0
2026-03-22,23,7,65,65,50,80,1
2026-03-22,23,8,56,69,47,78,1
2026-03-22,23,9,59,71,47,83,0
2026-03-22,23,10,51,55,36,70,0
2026-03-22,23,11,43,46,38,51,0
2026-03-22,23,12,53,61,35,79,1
2026-03-22,23,13,46,51,32,65,0
2026-03-22,23,14,48,55,39,64,1
2026-03-22,23,15,55,65,48,72,0
2026-03-22,23,16,59,79,53,85,1
2026-03-22,23,17,55,69,38,86,1
2026-03-22,23,18,79,79,65,93,1
2026-03-22,23,19,48,61,36,73,0
2026-03-22,23,20,66,66,50,82,0
2026-03-22,24,1,70,88,55,103,1
2026-03-22,24,2,84,107,67,124,2
2026-03-22,24,3,56,82,41,97,2
2026-03-22,24,4,83,116,67,132,1
2026-03-22,24,5,82,89,71,100,0
2026-03-22,24,6,82,94,66,110,2
2026-03-22,24,7,71,71,54,88,1
2026-03-22,24,8,59,59,50,68,0
2026-03-22,24,9,76,82,57,101,0
2026-03-22,24,10,52,52,42,62,1
2026-03-22,24,11,93,138,79,152,3
2026-03-22,24,12,58,83,49,92,0
2026-03-22,24,13,64,64,44,84,1
2026-03-22,24,14,75,79,60,94,0
2026-03-22,24,15,43,49,37,55,0
2026-03-22,24,16,55,76,38,93,0
2026-03-22,24,17,54,54,49,59,0
2026-03-22,24,18,63,64,47,80,0
2026-03-22,24,19,61,61,46,76,0
2026-03-22,24,20,51,51,44,58,1
2026-03-22,25,1,66,84,58,92,1
2026-03-22,25,2,74,106,61,119,2
2026-03-22,25,3,68,97,50,115,2
2026-03-22,25,4,81,81,73,89,0
2026-03-22,25,5,83,108,74,117,1
2026-03-22,25,6,64,93,57,100,0
2026-03-22,25,7,77,77,70,84,1
2026-03-22,25,8,79,85,62,102,0
2026-03-22,25,9,73,73,55,91,2
2026-03-22,25,10,65,90,53,102,2
2026-03-22,25,11,95,141,77,159,2
2026-03-22,25,12,87,87,74,100,0
2026-03-22,25,13,88,128,71,145,3
2026-03-22,25,14,80,80,61,99,1
2026-03-22,25,15,78,98,67,109,1
2026-03-22,25,16,73,73,54,92,0
2026-03-22,25,17,73,73,68,78,0
2026-03-22,25,18,77,77,65,89,0
2026-03-22,25,19,56,66,43,79,0
2026-03-22,25,20,83,120,66,137,3
2026-03-22,26,1,52,52,38,66,0
2026-03-22,26,2,45,53,32,66,0
2026-03-22,26,3,69,96,58,107,1
2026-03-22,26,4,55,69,35,89,0
2026-03-22,26,5,68,100,61,107,1
2026-03-22,26,6,56,79,45,90,0
2026-03-22,26,7,71,78,52,97,1
2026-03-22,26,8,50,50,40,60,0
2026-03-22,26,9,49,49,35,63,0
2026-03-22,26,10,58,58,41,75,1
2026-03-22,26,11,58,58,49,67,0
2026-03-22,26,12,45,55,40,60,1
2026-03-22,26,13,41,41,25,57,0
2026-03-22,26,14,60,62,47,75,0
2026-03-22,26,15,50,66,40,76,0
2026-03-22,26,16,49,62,32,79,1
2026-03-22,26,17,45,45,38,52,0
2026-03-22,26,18,51,51,35,67,0
2026-03-22,26,19,54,65,38,81,1
2026-03-22,26,20,44,64,37,71,1
2026-03-22,27,1,69,99,54,114,1
2026-03-22,27,2,54,54,46,62,0
2026-03-22,27,3,60,78,44,94,0
2026-03-22,27,4,82,102,67,117,0
2026-03-22,27,5,73,73,54,92,1
2026-03-22,27,6,40,58,33,65,1
2026-03-22,27,7,61,61,49,73,1
2026-03-22,27,8,50,50,44,56,0
2026-03-22,27,9,60,65,48,77,0
2026-03-22,27,10,69,96,49,116,0
2026-03-22,27,11,68,68,55,81,1
2026-03-22,27,12,59,71,51,79,0
2026-03-22,27,13,38,50,31,57,1
2026-03-22,27,14,67,91,50,108,1
2026-03-22,27,15,74,88,62,100,2
2026-03-22,27,16,68,77,54,91,1
2026-03-22,27,17,55,55,43,67,0
2026-03-22,27,18,61,85,43,103,0
2026-03-22,27,19,61,74,52,83,0
2026-03-22,27,20,55,81,44,92,1
2026-03-22,28,1,65,65,56,74,0
2026-03-22,28,2,93,93,74,112,1
2026-03-22,28,3,68,68,49,87,1
2026-03-22,28,4,41,45,36,50,0
2026-03-22,28,5,59,70,41,88,1
2026-03-22,28,6,66,82,61,87,1
2026-03-22,28,7,65,65,50,80,0
2026-03-22,28,8,69,69,61,77,1
2026-03-22,28,9,55,58,48,65,0
2026-03-22,28,10,57,82,47,92,0
2026-03-22,28,11,84,84,64,104,0
2026-03-22,28,12,62,88,47,103,2
2026-03-22,28,13,55,72,42,85,0
2026-03-22,28,14,88,110,68,130,2
2026-03-22,28,15,74,85,60,99,2
2026-03-22,28,16,83,111,74,120,2
2026-03-22,28,17,60,67,53,74,1
2026-03-22,28,18,64,64,59,69,0
2026-03-22,28,19,63,67,52,78,0
2026-03-22,28,20,74,74,59,89,1
2026-03-22,29,1,52,52,43,61,0
2026-03-22,29,2,56,57,38,75,0
2026-03-22,29,3,52,75,47,80,0
2026-03-22,29,4,60,60,43,77,1
2026-03-22,29,5,51,68,35,84,1
2026-03-22,29,6,42,59,36,65,0
2026-03-22,29,7,67,90,52,105,0
2026-03-22,29,8,50,50,45,55,0
2026-03-22,29,9,60,65,42,83,0
2026-03-22,29,10,39,48,32,55,0
2026-03-22,29,11,49,68,42,75,0
2026-03-22,29,12,53,53,37,69,0
2026-03-22,29,13,42,42,32,52,0
2026-03-22,29,14,60,60,45,75,1
2026-03-22,29,15,36,42,24,54,0
2026-03-22,29,16,61,61,42,80,0
2026-03-22,29,17,50,59,40,69,0
2026-03-22,29,18,61,61,47,75,1
2026-03-22,29,19,41,57,35,63,0
2026-03-22,29,20,54,59,43,70,1
2026-03-22,30,1,74,74,67,81,1
2026-03-22,30,2,62,79,49,92,1
2026-03-22,30,3,70,70,53,87,0
2026-03-22,30,4,71,86,57,100,1
2026-03-22,30,5,65,65,50,80,0
2026-03-22,30,6,45,63,37,71,1
2026-03-22,30,7,55,55,50,60,0
2026-03-22,30,8,63,88,46,105,0
2026-03-22,30,9,72,74,53,93,1
2026-03-22,30,10,72,72,52,92,0
2026-03-22,30,11,70,74,61,83,1
2026-03-22,30,12,78,110,61,127,1
2026-03-22,30,13,68,68,60,76,0
2026-03-22,30,14,59,59,47,71,0
2026-03-22,30,15,66,66,47,85,0
2026-03-22,30,16,74,89,59,104,2
2026-03-22,30,17,58,58,49,67,0
2026-03-22,30,18,90,126,77,139,0
2026-03-22,30,19,49,64,39,74,1
2026-03-22,30,20,61,70,49,82,0
2026-03-22,31,1,86,86,72,100,1
2026-03-22,31,2,68,98,61,105,1
2026-03-22,31,3,55,81,48,88,1
2026-03-22,31,4,73,73,54,92,0
2026-03-22,31,5,48,62,38,72,0
2026-03-22,31,6,63,63,47,79,0
2026-03-22,31,7,61,61,46,76,0
2026-03-22,31,8,91,123,76,138,3
2026-03-22,31,9,69,75,50,94,1
2026-03-22,31,10,53,60,44,69,0
2026-03-22,31,11,79,84,72,91,1
2026-03-22,31,12,63,63,56,70,0
2026-03-22,31,13,62,69,48,83,0
2026-03-22,31,14,69,69,52,86,1
2026-03-22,31,15,67,67,56,78,0
2026-03-22,31,16,49,49,42,56,1
2026-03-22,31,17,74,93,60,107,1
2026-03-22,31,18,70,70,51,89,0
2026-03-22,31,19,54,59,44,69,1
2026-03-22,31,20,63,77,46,94,1
2026-03-22,32,1,47,47,37,57,0
2026-03-22,32,2,42,45,25,62,0
2026-03-22,32,3,43,55,37,61,1
2026-03-22,32,4,53,58,36,75,1
2026-03-22,32,5,38,47,31,54,1
2026-03-22,32,6,46,46,34,58,0
2026-03-22,32,7,54,77,35,96,1
2026-03-22,32,8,41,60,29,72,0
2026-03-22,32,9,48,64,35,77,0
2026-03-22,32,10,40,40,23,57,1
2026-03-22,32,11,48,48,34,62,1
2026-03-22,32,12,63,73,48,88,1
2026-03-22,32,13,42,43,26,59,1
2026-03-22,32,14,65,80,45,100,1
2026-03-22,32,15,43,59,33,69,0
2026-03-22,32,16,46,46,32,60,0
2026-03-22,32,17,52,72,32,92,1
2026-03-22,32,18,42,42,25,59,1
2026-03-22,32,19,47,68,38,77,0
2026-03-22,32,20,35,42,28,49,0
2026-03-22,33,1,48,60,41,67,0
2026-03-22,33,2,59,83,40,102,1
2026-03-22,33,3,43,43,33,53,0
2026-03-22,33,4,73,96,62,107,0
2026-03-22,33,5,52,52,44,60,0
2026-03-22,33,6,52,58,35,75,0
2026-03-22,33,7,62,63,51,74,1
2026-03-22,33,8,53,78,36,95,0
2026-03-22,33,9,53,73,41,85,0
2026-03-22,33,10,47,48,36,59,0
2026-03-22,33,11,53,53,42,64,0
2026-03-22,33,12,52,52,45,59,0
2026-03-22,33,13,49,64,31,82,0
2026-03-22,33,14,56,56,45,67,0
2026-03-22,33,15,55,70,47,78,0
2026-03-22,33,16,53,53,39,67,0
2026-03-22,33,17,48,48,31,65,0
2026-03-22,33,18,51,51,35,67,0
2026-03-22,33,19,48,48,34,62,1
2026-03-22,33,20,44,44,31,57,1
2026-03-22,34,1,53,69,45,77,0
2026-03-22,34,2,72,106,52,126,1
2026-03-22,34,3,51,51,41,61,1
2026-03-22,34,4,64,79,53,90,0
2026-03-22,34,5,66,66,56,76,0
2026-03-22,34,6,76,96,62,110,1
2026-03-22,34,7,56,56,47,65,0
2026-03-22,34,8,51,51,44,58,0
2026-03-22,34,9,64,64,53,75,0
2026-03-22,34,10,51,63,41,73,0
2026-03-22,34,11,72,72,59,85,0
2026-03-22,34,12,96,100,86,110,1
2026-03-22,34,13,46,50,41,55,1
2026-03-22,34,14,65,77,50,92,1
2026-03-22,34,15,64,92,48,108,1
2026-03-22,34,16,78,99,59,118,0
2026-03-22,34,17,52,52,42,62,0
2026-03-22,34,18,72,106,57,121,3
2026-03-22,34,19,79,79,68,90,0
2026-03-22,34,20,67,96,49,114,2
2026-03-22,35,1,53,53,45,61,1
2026-03-22,35,2,64,64,52,76,1
2026-03-22,35,3,52,57,42,67,1
2026-03-22,35,4,60,89,42,107,0
2026-03-22,35,5,30,33,24,39,0
2026-03-22,35,6,78,78,58,98,1
2026-03-22,35,7,46,53,37,62,0
2026-03-22,35,8,70,70,62,78,2
2026-03-22,35,9,57,71,44,84,1
2026-03-22,35,10,58,58,43,73,0
2026-03-22,35,11,48,66,43,71,1
2026-03-22,35,12,63,72,57,78,0
2026-03-22,35,13,42,42,37,47,1
2026-03-22,35,14,62,81,45,98,0
2026-03-22,35,15,57,57,38,76,1
2026-03-22,35,16,64,64,48,80,0
2026-03-22,35,17,37,37,27,47,0
2026-03-22,35,18,73,73,54,92,0
2026-03-22,35,19,59,64,51,72,0
2026-03-22,35,20,39,55,29,65,0
2026-03-22,36,1,59,64,49,74,1
2026-03-22,36,2,53,58,44,67,0
2026-03-22,36,3,32,32,19,45,0
2026-03-22,36,4,63,63,48,78,1
2026-03-22,36,5,42,44,27,59,0
2026-03-22,36,6,55,61,39,77,1
2026-03-22,36,7,54,54,42,66,0
2026-03-22,36,8,49,51,38,62,1
2026-03-22,36,9,72,72,53,91,0
2026-03-22,36,10,63,63,55,71,0
2026-03-22,36,11,48,48,35,61,1
2026-03-22,36,12,43,63,31,75,0
2026-03-22,36,13,41,47,31,57,0
2026-03-22,36,14,45,45,38,52,0
2026-03-22,36,15,45,46,33,58,0
2026-03-22,36,16,50,70,45,75,1
2026-03-22,36,17,45,61,35,71,0
2026-03-22,36,18,57,65,38,84,0
2026-03-22,36,19,39,39,32,46,0
2026-03-22,36,20,47,47,29,65,0
2026-03-22,37,1,64,65,51,78,0
2026-03-22,37,2,60,66,54,72,1
2026-03-22,37,3,61,61,48,74,0
2026-03-22,37,4,66,81,46,101,0
2026-03-22,37,5,52,68,47,73,0
2026-03-22,37,6,57,64,44,77,0
2026-03-22,37,7,66,66,54,78,0
2026-03-22,37,8,60,63,55,68,1
2026-03-22,37,9,73,73,57,89,0
2026-03-22,37,10,51,64,46,69,1
2026-03-22,37,11,74,74,60,88,2
2026-03-22,37,12,68,68,52,84,1
2026-03-22,37,13,65,92,55,102,1
2026-03-22,37,14,74,81,57,98,1
2026-03-22,37,15,65,65,56,74,0
2026-03-22,37,16,48,60,40,68,0
2026-03-22,37,17,53,66,43,76,0
2026-03-22,37,18,61,61,46,76,1
2026-03-22,37,19,61,61,44,78,0
2026-03-22,37,20,53,56,46,63,1
2026-03-22,38,1,43,43,36,50,1
2026-03-22,38,2,65,90,46,109,2
2026-03-22,38,3,39,39,28,50,0
2026-03-22,38,4,54,54,37,71,1
2026-03-22,38,5,35,48,21,62,1
2026-03-22,38,6,60,61,40,81,1
2026-03-22,38,7,46,46,38,54,1
2026-03-22,38,8,49,49,31,67,0
2026-03-22,38,9,61,82,45,98,1
2026-03-22,38,10,54,59,49,64,0
2026-03-22,38,11,57,79,42,94,0
2026-03-22,38,12,55,55,43,67,1
2026-03-22,38,13,43,61,33,71,0
2026-03-22,38,14,63,65,44,84,1
2026-03-22,38,15,53,74,41,86,0
2026-03-22,38,16,64,76,47,93,1
2026-03-22,38,17,46,58,28,76,1
2026-03-22,38,18,57,57,50,64,0
2026-03-22,38,19,23,27,18,32,0
2026-03-22,38,20,52,72,34,90,0
2026-03-22,39,1,70,70,52,88,1
2026-03-22,39,2,49,49,36,62,0
2026-03-22,39,3,32,32,22,42,0
2026-03-22,39,4,65,96,46,115,1
2026-03-22,39,5,59,59,41,77,1
2026-03-22,39,6,47,65,36,76,1
2026-03-22,39,7,55,79,50,84,2
2026-03-22,39,8,45,61,33,73,0
2026-03-22,39,9,67,79,54,92,0
2026-03-22,39,10,72,72,53,91,1
2026-03-22,39,11,56,75,41,90,0
2026-03-22,39,12,56,63,39,80,1
2026-03-22,39,13,43,43,37,49,0
2026-03-22,39,14,59,59,40,78,0
2026-03-22,39,15,55,55,40,70,1
2026-03-22,39,16,51,71,35,87,1
2026-03-22,39,17,48,48,30,66,0
2026-03-22,39,18,38,50,30,58,0
2026-03-22,39,19,58,67,42,83,0
2026-03-22,39,20,58,73,43,88,0
2026-03-22,40,1,65,65,49,81,1
2026-03-22,40,2,62,62,57,67,1
2026-03-22,40,3,71,100,54,117,2
2026-03-22,40,4,65,65,56,74,1
2026-03-22,40,5,79,116,62,133,0
2026-03-22,40,6,62,88,57,93,0
2026-03-22,40,7,85,85,75,95,1
2026-03-22,40,8,53,55,34,74,1
2026-03-22,40,9,85,95,66,114,1
2026-03-22,40,10,58,60,53,65,0
2026-03-22,40,11,72,72,54,90,1
2026-03-22,40,12,55,66,49,72,0
2026-03-22,40,13,74,74,55,93,1
2026-03-22,40,14,65,65,58,72,0
2026-03-22,40,15,69,69,58,80,0
2026-03-22,40,16,65,65,50,80,1
2026-03-22,40,17,75,84,58,101,0
2026-03-22,40,18,61,89,52,98,0
2026-03-22,40,19,65,81,52,94,2
2026-03-22,40,20,59,59,51,67,1
2026-03-22,41,1,34,46,29,51,0
2026-03-22,41,2,41,60,36,65,1
2026-03-22,41,3,44,53,28,69,1
2026-03-22,41,4,48,66,41,73,1
2026-03-22,41,5,39,55,20,74,1
2026-03-22,41,6,39,53,28,64,0
2026-03-22,41,7,39,39,31,47,1
2026-03-22,41,8,69,69,49,89,1
2026-03-22,41,9,53,53,41,65,0
2026-03-22,41,10,50,61,38,73,0
2026-03-22,41,11,61,61,49,73,0
2026-03-22,41,12,40,40,33,47,1
2026-03-22,41,13,48,48,35,61,0
2026-03-22,41,14,54,80,35,99,2
2026-03-22,41,15,59,59,39,79,0
2026-03-22,41,16,59,59,39,79,1
2026-03-22,41,17,32,46,19,59,1
2026-03-22,41,18,61,61,42,80,1
2026-03-22,41,19,28,28,21,35,0
2026-03-22,41,20,58,71,38,91,1
2026-03-22,42,1,53,54,36,71,1
2026-03-22,42,2,31,31,25,37,0
2026-03-22,42,3,64,64,53,75,0
2026-03-22,42,4,38,40,25,53,0
2026-03-22,42,5,43,62,35,70,1
2026-03-22,42,6,47,61,39,69,1
2026-03-22,42,7,52,74,38,88,0
2026-03-22,42,8,58,58,46,70,0
2026-03-22,42,9,44,65,39,70,0
2026-03-22,42,10,41,41,25,57,0
2026-03-22,42,11,42,55,33,64,1
2026-03-22,42,12,57,85,50,92,1
2026-03-22,42,13,46,46,29,63,0
2026-03-22,42,14,50,54,39,65,0
2026-03-22,42,15,46,62,36,72,0
2026-03-22,42,16,42,42,33,51,0
2026-03-22,42,17,52,70,37,85,0
2026-03-22,42,18,49,62,39,72,1
2026-03-22,42,19,47,55,41,61,1
2026-03-22,42,20,32,32,27,37,0
2026-03-22,43,1,70,98,62,106,2
2026-03-22,43,2,58,86,47,97,2
2026-03-22,43,3,52,73,43,82,0
2026-03-22,43,4,71,71,51,91,2
2026-03-22,43,5,67,67,57,77,1
2026-03-22,43,6,44,44,39,49,0
2026-03-22,43,7,64,64,59,69,1
2026-03-22,43,8,76,96,60,112,0
2026-03-22,43,9,73,95,64,104,2
2026-03-22,43,10,61,85,52,94,1
2026-03-22,43,11,73,73,62,84,1
2026-03-22,43,12,56,56,41,71,1
2026-03-22,43,13,55,64,46,73,0
2026-03-22,43,14,81,81,61,101,2
2026-03-22,43,15,69,74,50,93,0
2026-03-22,43,16,60,60,50,70,1
2026-03-22,43,17,55,64,45,74,1
2026-03-22,43,18,46,50,38,58,0
2026-03-22,43,19,72,72,55,89,0
2026-03-22,43,20,72,100,52,120,1
2026-03-22,44,1,39,39,34,44,0
2026-03-22,44,2,57,57,51,63,0
2026-03-22,44,3,69,74,56,87,1
2026-03-22,44,4,46,46,38,54,0
2026-03-22,44,5,59,81,41,99,0
2026-03-22,44,6,54,76,41,89,1
2026-03-22,44,7,52,57,47,62,0
2026-03-22,44,8,65,71,47,89,1
2026-03-22,44,9,52,52,47,57,1
2026-03-22,44,10,46,49,40,55,0
2026-03-22,44,11,63,90,46,107,2
2026-03-22,44,12,77,77,58,96,1
2026-03-22,44,13,44,52,27,69,1
2026-03-22,44,14,67,83,51,99,1
2026-03-22,44,15,53,53,39,67,0
2026-03-22,44,16,46,46,38,54,0
2026-03-22,44,17,42,53,32,63,1
2026-03-22,44,18,49,49,41,57,0
2026-03-22,44,19,55,71,45,81,2
2026-03-22,44,20,61,61,41,81,1
2026-03-22,45,1,87,120,69,138,1
2026-03-22,45,2,67,67,62,72,1
2026-03-22,45,3,56,56,47,65,1
2026-03-22,45,4,58,58,51,65,1
2026-03-22,45,5,60,84,42,102,0
2026-03-22,45,6,40,49,35,54,0
2026-03-22,45,7,90,90,77,103,0
2026-03-22,45,8,68,81,48,101,0
2026-03-22,45,9,55,55,50,60,0
2026-03-22,45,10,53,56,45,64,0
2026-03-22,45,11,62,91,42,111,1
2026-03-22,45,12,75,78,69,84,0
2026-03-22,45,13,66,66,51,81,1
2026-03-22,45,14,75,105,61,119,0
2026-03-22,45,15,56,76,49,83,1
2026-03-22,45,16,96,123,79,140,3
2026-03-22,45,17,67,79,58,88,1
2026-03-22,45,18,40,40,32,48,0
2026-03-22,45,19,39,39,25,53,0
2026-03-22,45,20,48,48,33,63,1
2026-03-22,46,1,61,61,48,74,1
2026-03-22,46,2,64,84,51,97,2
2026-03-22,46,3,64,91,55,100,1
2026-03-22,46,4,79,88,62,105,2
2026-03-22,46,5,67,76,48,95,0
2026-03-22,46,6,71,71,56,86,0
2026-03-22,46,7,66,67,58,75,1
2026-03-22,46,8,76,108,56,128,0
2026-03-22,46,9,64,64,52,76,1
2026-03-22,46,10,64,67,52,79,1
2026-03-22,46,11,81,91,71,101,0
2026-03-22,46,12,67,67,50,84,1
2026-03-22,46,13,87,87,74,100,1
2026-03-22,46,14,92,105,72,125,1
2026-03-22,46,15,69,83,60,92,1
2026-03-22,46,16,75,112,67,120,0
2026-03-22,46,17,64,76,46,94,0
2026-03-22,46,18,78,78,62,94,1
2026-03-22,46,19,71,96,53,114,2
2026-03-22,46,20,46,46,35,57,0
2026-03-22,47,1,78,90,69,99,1
2026-03-22,47,2,68,82,59,91,0
2026-03-22,47,3,68,83,60,91,0
2026-03-22,47,4,80,86,64,102,1
2026-03-22,47,5,72,93,62,103,1
2026-03-22,47,6,66,92,52,106,0
2026-03-22,47,7,89,89,69,109,0
2026-03-22,47,8,84,94,75,103,0
2026-03-22,47,9,96,100,89,107,2
2026-03-22,47,10,55,73,49,79,0
2026-03-22,47,11,66,66,59,73,1
2026-03-22,47,12,93,93,83,103,1
2026-03-22,47,13,81,88,66,103,1
2026-03-22,47,14,66,84,51,99,0
2026-03-22,47,15,76,76,68,84,1
2026-03-22,47,16,80,112,70,122,1
2026-03-22,47,17,84,100,71,113,2
2026-03-22,47,18,77,77,72,82,2
2026-03-22,47,19,66,86,58,94,0
2026-03-22,47,20,78,113,63,128,1
2026-03-22,48,1,61,75,51,85,0
2026-03-22,48,2,61,75,45,91,0
2026-03-22,48,3,50,50,42,58,0
2026-03-22,48,4,51,54,41,64,0
2026-03-22,48,5,44,52,36,60,0
2026-03-22,48,6,54,56,46,64,0
2026-03-22,48,7,81,81,62,100,1
2026-03-22,48,8,62,62,48,76,0
2026-03-22,48,9,85,85,67,103,0
2026-03-22,48,10,58,80,48,90,1
2026-03-22,48,11,68,68,55,81,1
2026-03-22,48,12,67,70,52,85,1
2026-03-22,48,13,66,94,46,114,0
2026-03-22,48,14,65,88,46,107,1
2026-03-22,48,15,52,71,43,80,1
2026-03-22,48,16,61,61,41,81,0
2026-03-22,48,17,57,57,47,67,0
2026-03-22,48,18,60,60,48,72,1
2026-03-22,48,19,54,54,37,71,0
2026-03-22,48,20,51,59,36,74,0
2026-03-22,49,1,42,42,28,56,0
2026-03-22,49,2,58,70,48,80,0
2026-03-22,49,3,62,62,44,80,0
2026-03-22,49,4,18,22,11,29,0
2026-03-22,49,5,40,40,33,47,0
2026-03-22,49,6,45,48,35,58,1
2026-03-22,49,7,50,60,43,67,0
2026-03-22,49,8,39,39,31,47,0
2026-03-22,49,9,59,63,50,72,0
2026-03-22,49,10,40,41,35,46,0
2026-03-22,49,11,54,73,37,90,0
2026-03-22,49,12,47,51,42,56,1
2026-03-22,49,13,41,42,22,61,0
2026-03-22,49,14,80,80,61,99,0
2026-03-22,49,15,44,44,32,56,0
2026-03-22,49,16,48,58,42,64,0
2026-03-22,49,17,50,61,37,74,0
2026-03-22,49,18,56,66,36,86,0
2026-03-22,49,19,47,60,37,70,0
2026-03-22,49,20,46,63,27,82,1
2026-03-22,50,1,48,49,34,63,0
2026-03-22,50,2,55,55,47,63,0
2026-03-22,50,3,38,44,24,58,0
2026-03-22,50,4,55,55,35,75,0
2026-03-22,50,5,39,56,31,64,0
2026-03-22,50,6,68,68,60,76,0
2026-03-22,50,7,63,71,50,84,0
2026-03-22,50,8,57,80,48,89,0
2026-03-22,50,9,83,99,68,114,1
2026-03-22,50,10,56,56,42,70,0
2026-03-22,50,11,43,43,38,48,0
2026-03-22,50,12,49,72,30,91,1
2026-03-22,50,13,54,54,47,61,0
2026-03-22,50,14,61,69,50,80,1
2026-03-22,50,15,71,74,54,91,1
2026-03-22,50,16,60,67,40,87,1
2026-03-22,50,17,48,48,29,67,0
2026-03-22,50,18,78,92,67,103,0
2026-03-22,50,19,51,51,32,70,0
2026-03-22,50,20,65,90,46,109,0
2026-03-29,1,1,75,75,58,92,2
2026-03-29,1,2,63,75,52,86,2
2026-03-29,1,3,75,75,62,88,0
2026-03-29,1,4,53,62,42,73,0
2026-03-29,1,5,78,78,65,91,1
2026-03-29,1,6,67,67,62,72,0
2026-03-29,1,7,61,61,56,66,0
2026-03-29,1,8,64,81,50,95,1
2026-03-29,1,9,81,108,62,127,2
2026-03-29,1,10,48,48,37,59,1
2026-03-29,1,11,64,67,47,84,1
2026-03-29,1,12,64,70,46,88,1
2026-03-29,1,13,50,56,44,62,0
2026-03-29,1,14,61,61,51,71,1
2026-03-29,1,15,52,52,44,60,1
2026-03-29,1,16,51,51,39,63,1
2026-03-29,1,17,52,57,47,62,0
2026-03-29,1,18,67,83,49,101,0
2026-03-29,1,19,59,59,40,78,0
2026-03-29,1,20,53,53,42,64,0
2026-03-29,2,1,74,105,60,119,2
2026-03-29,2,2,50,50,39,61,0
2026-03-29,2,3,44,44,30,58,0
2026-03-29,2,4,54,59,47,66,0
2026-03-29,2,5,32,33,22,43,0
2026-03-29,2,6,44,44,24,64,0
2026-03-29,2,7,41,41,28,54,0
2026-03-29,2,8,57,62,46,73,1
2026-03-29,2,9,67,76,51,92,0
2026-03-29,2,10,41,42,35,48,0
2026-03-29,2,11,61,61,50,72,0
2026-03-29,2,12,49,49,36,62,0
2026-03-29,2,13,37,37,31,43,0
2026-03-29,2,14,39,52,31,60,1
2026-03-29,2,15,53,53,43,63,0
2026-03-29,2,16,57,66,40,83,0
2026-03-29,2,17,41,54,30,65,1
2026-03-29,2,18,47,47,38,56,1
2026-03-29,2,19,35,52,18,69,1
2026-03-29,2,20,38,38,33,43,0
2026-03-29,3,1,53,53,40,66,0
2026-03-29,3,2,70,99,60,109,1
2026-03-29,3,3,50,54,36,68,0
2026-03-29,3,4,69,82,49,102,0
2026-03-29,3,5,30,30,25,35,0
2026-03-29,3,6,69,69,49,89,2
2026-03-29,3,7,66,68,47,87,1
2026-03-29,3,8,75,75,56,94,1
2026-03-29,3,9,61,61,53,69,1
2026-03-29,3,10,53,56,42,67,1
2026-03-29,3,11,65,68,50,83,1
2026-03-29,3,12,67,71,55,83,1
2026-03-29,3,13,53,53,38,68,0
2026-03-29,3,14,49,49,44,54,0
2026-03-29,3,15,56,71,46,81,1
2026-03-29,3,16,43,43,37,49,0
2026-03-29,3,17,51,56,35,72,1
2026-03-29,3,18,59,59,52,66,1
2026-03-29,3,19,34,41,27,48,0
2026-03-29,3,20,57,57,41,73,0
2026-03-29,4,1,74,100,58,116,2
2026-03-29,4,2,76,98,59,115,2
2026-03-29,4,3,55,80,42,93,0
2026-03-29,4,4,86,86,79,93,1
2026-03-29,4,5,57,74,41,90,2
2026-03-29,4,6,58,58,53,63,0
2026-03-29,4,7,93,93,75,111,2
2026-03-29,4,8,76,89,59,106,0
2026-03-29,4,9,65,65,59,71,0
2026-03-29,4,10,63,76,51,88,0
2026-03-29,4,11,77,77,57,97,2
2026-03-29,4,12,72,73,64,81,2
2026-03-29,4,13,68,87,55,100,0
2026-03-29,4,14,78,78,59,97,1
2026-03-29,4,15,66,66,56,76,0
2026-03-29,4,16,54,54,45,63,0
2026-03-29,4,17,71,92,54,109,0
2026-03-29,4,18,76,99,61,114,0
2026-03-29,4,19,63,94,55,102,0
2026-03-29,4,20,70,88,60,98,0
2026-03-29,5,1,41,41,29,53,0
2026-03-29,5,2,54,67,44,77,1
2026-03-29,5,3,43,43,29,57,0
2026-03-29,5,4,38,46,30,54,1
2026-03-29,5,5,42,46,34,54,1
2026-03-29,5,6,28,35,18,45,0
2026-03-29,5,7,46,62,26,82,1
2026-03-29,5,8,29,30,21,38,0
2026-03-29,5,9,51,56,34,73,0
2026-03-29,5,10,38,52,20,70,0
2026-03-29,5,11,40,40,27,53,0
2026-03-29,5,12,37,55,20,72,0
2026-03-29,5,13,37,37,23,51,0
2026-03-29,5,14,37,38,32,43,0
2026-03-29,5,15,48,68,28,88,0
2026-03-29,5,16,43,43,25,61,0
2026-03-29,5,17,42,51,30,63,0
2026-03-29,5,18,44,44,31,57,0
2026-03-29,5,19,46,60,31,75,0
2026-03-29,5,20,34,45,23,56,1
2026-03-29,6,1,53,67,33,87,1
2026-03-29,6,2,65,68,57,76,1
2026-03-29,6,3,61,89,43,107,2
2026-03-29,6,4,50,50,38,62,0
2026-03-29,6,5,51,51,41,61,1
2026-03-29,6,6,60,60,47,73,0
2026-03-29,6,7,50,70,43,77,0
2026-03-29,6,8,63,77,57,83,0
2026-03-29,6,9,60,75,43,92,2
2026-03-29,6,10,37,41,31,47,0
2026-03-29,6,11,56,72,49,79,1
2026-03-29,6,12,59,65,46,78,1
2026-03-29,6,13,56,56,50,62,1
2026-03-29,6,14,72,94,54,112,0
2026-03-29,6,15,71,97,55,113,1
2026-03-29,6,16,66,66,49,83,0
2026-03-29,6,17,52,54,35,71,0
2026-03-29,6,18,49,49,40,58,0
2026-03-29,6,19,54,54,40,68,1
2026-03-29,6,20,64,67,49,82,1
2026-03-29,7,1,72,72,56,88,1
2026-03-29,7,2,88,115,69,134,1
2026-03-29,7,3,43,59,29,73,0
2026-03-29,7,4,58,65,52,71,0
2026-03-29,7,5,34,34,28,40,0
2026-03-29,7,6,49,62,38,73,0
2026-03-29,7,7,63,63,48,78,0
2026-03-29,7,8,47,50,42,55,1
2026-03-29,7,9,70,70,52,88,0
2026-03-29,7,10,69,69,53,85,0
2026-03-29,7,11,60,60,48,72,0
2026-03-29,7,12,78,83,64,97,0
2026-03-29,7,13,51,51,37,65,0
2026-03-29,7,14,51,51,44,58,1
2026-03-29,7,15,54,54,35,73,1
2026-03-29,7,16,66,70,51,85,0
2026-03-29,7,17,44,44,28,60,0
2026-03-29,7,18,62,84,52,94,2
2026-03-29,7,19,51,71,39,83,1
2026-03-29,7,20,42,52,34,60,0
2026-03-29,8,1,31,38,26,43,0
2026-03-29,8,2,48,65,29,84,1
2026-03-29,8,3,42,53,35,60,0
2026-03-29,8,4,37,37,30,44,1
2026-03-29,8,5,48,48,30,66,0
2026-03-29,8,6,48,59,31,76,0
2026-03-29,8,7,55,72,41,86,1
2026-03-29,8,8,40,55,27,68,0
2026-03-29,8,9,41,53,34,60,0
2026-03-29,8,10,46,52,29,69,0
2026-03-29,8,11,56,60,44,72,1
2026-03-29,8,12,46,52,32,66,1
2026-03-29,8,13,33,43,25,51,0
2026-03-29,8,14,61,61,47,75,0
2026-03-29,8,15,33,39,25,47,1
2026-03-29,8,16,44,45,26,63,0
2026-03-29,8,17,48,62,41,69,1
2026-03-29,8,18,42,42,31,53,1
2026-03-29,8,19,43,55,30,68,1
2026-03-29,8,20,34,49,23,60,0
2026-03-29,9,1,81,81,63,99,1
2026-03-29,9,2,50,56,45,61,0
2026-03-29,9,3,53,62,43,72,0
2026-03-29,9,4,68,68,54,82,0
2026-03-29,9,5,63,89,46,106,2
2026-03-29,9,6,77,106,62,121,2
2026-03-29,9,7,97,97,77,117,0
2026-03-29,9,8,85,85,68,102,1
2026-03-29,9,9,68,68,54,82,0
2026-03-29,9,10,76,77,67,86,1
2026-03-29,9,11,71,71,65,77,1
2026-03-29,9,12,68,77,57,88,1
2026-03-29,9,13,66,66,57,75,0
2026-03-29,9,14,65,69,49,85,1
2026-03-29,9,15,69,92,49,112,2
2026-03-29,9,16,53,53,44,62,0
2026-03-29,9,17,77,105,62,120,1
2026-03-29,9,18,74,102,55,121,1
2026-03-29,9,19,55,55,45,65,1
2026-03-29,9,20,65,87,47,105,2
2026-03-29,10,1,83,102,69,116,0
2026-03-29,10,2,91,91,73,109,2
2026-03-29,10,3,59,59,42,76,0
2026-03-29,10,4,66,66,61,71,0
2026-03-29,10,5,67,67,55,79,0
2026-03-29,10,6,78,91,64,105,2
2026-03-29,10,7,69,69,64,74,0
2026-03-29,10,8,79,86,60,105,2
2026-03-29,10,9,94,121,74,141,1
2026-03-29,10,10,63,90,44,109,1
2026-03-29,10,11,80,80,73,87,0
2026-03-29,10,12,62,80,44,98,0
2026-03-29,10,13,88,91,83,96,2
2026-03-29,10,14,94,134,77,151,3
2026-03-29,10,15,66,66,56,76,1
2026-03-29,10,16,77,79,71,85,1
2026-03-29,10,17,59,59,45,73,1
2026-03-29,10,18,75,75,61,89,0
2026-03-29,10,19,69,79,54,94,0
2026-03-29,10,20,67,68,59,76,2
2026-03-29,11,1,66,83,49,100,1
2026-03-29,11,2,64,64,45,83,0
2026-03-29,11,3,45,66,32,79,1
2026-03-29,11,4,74,74,55,93,0
2026-03-29,11,5,39,41,23,57,1
2026-03-29,11,6,52,52,35,69,1
2026-03-29,11,7,59,59,52,66,1
2026-03-29,11,8,51,72,45,78,0
2026-03-29,11,9,66,76,47,95,1
2026-03-29,11,10,70,78,59,89,1
2026-03-29,11,11,62,62,53,71,0
2026-03-29,11,12,66,75,61,80,1
2026-03-29,11,13,57,76,41,92,2
2026-03-29,11,14,61,81,53,89,0
2026-03-29,11,15,57,68,40,85,0
2026-03-29,11,16,66,66,50,82,1
2026-03-29,11,17,39,52,31,60,0
2026-03-29,11,18,63,63,53,73,0
2026-03-29,11,19,36,36,30,42,0
2026-03-29,11,20,58,83,52,89,0
2026-03-29,12,1,73,73,61,85,0
2026-03-29,12,2,65,65,58,72,0
2026-03-29,12,3,52,52,39,65,0
2026-03-29,12,4,65,65,48,82,0
2026-03-29,12,5,47,61,33,75,1
2026-03-29,12,6,51,65,41,75,1
2026-03-29,12,7,65,83,46,102,0
2026-03-29,12,8,75,75,60,90,2
2026-03-29,12,9,52,52,46,58,0
2026-03-29,12,10,59,59,52,66,1
2026-03-29,12,11,70,70,58,82,0
2026-03-29,12,12,63,63,46,80,1
2026-03-29,12,13,51,62,42,71,1
2026-03-29,12,14,57,57,52,62,0
2026-03-29,12,15,59,59,43,75,1
2026-03-29,12,16,62,63,47,78,0
2026-03-29,12,17,40,52,35,57,1
2026-03-29,12,18,50,50,44,56,0
2026-03-29,12,19,43,43,32,54,0
2026-03-29,12,20,64,93,51,106,0
2026-03-29,13,1,81,81,62,100,2
2026-03-29,13,2,87,119,71,135,0
2026-03-29,13,3,82,100,65,117,2
2026-03-29,13,4,83,104,67,120,2
2026-03-29,13,5,69,98,61,106,2
2026-03-29,13,6,76,76,65,87,0
2026-03-29,13,7,78,109,63,124,0
2026-03-29,13,8,68,68,53,83,0
2026-03-29,13,9,97,97,80,114,2
2026-03-29,13,10,65,65,60,70,0
2026-03-29,13,11,101,122,94,129,2
2026-03-29,13,12,55,55,50,60,1
2026-03-29,13,13,69,99,60,108,0
2026-03-29,13,14,79,101,61,119,0
2026-03-29,13,15,67,85,55,97,1
2026-03-29,13,16,68,94,49,113,2
2026-03-29,13,17,77,108,63,122,1
2026-03-29,13,18,69,84,54,99,1
2026-03-29,13,19,79,79,71,87,1
2026-03-29,13,20,65,65,53,77,0
2026-03-29,14,1,59,72,41,90,1
2026-03-29,14,2,65,65,51,79,0
2026-03-29,14,3,37,42,27,52,1
2026-03-29,14,4,57,59,44,72,1
2026-03-29,14,5,40,56,30,66,0
2026-03-29,14,6,91,91,78,104,2
2026-03-29,14,7,63,74,52,85,2
2026-03-29,14,8,49,49,37,61,0
2026-03-29,14,9,70,70,53,87,1
2026-03-29,14,10,41,52,32,61,0
2026-03-29,14,11,61,66,51,76,0
2026-03-29,14,12,55,62,42,75,1
2026-03-29,14,13,43,43,27,59,0
2026-03-29,14,14,49,64,43,70,1
2026-03-29,14,15,42,46,32,56,0
2026-03-29,14,16,52,52,41,63,1
2026-03-29,14,17,60,76,50,86,1
2026-03-29,14,18,41,53,35,59,1
2026-03-29,14,19,37,37,30,44,0
2026-03-29,14,20,57,57,43,71,0
2026-03-29,15,1,49,64,31,82,0
2026-03-29,15,2,48,59,40,67,0
2026-03-29,15,3,38,55,25,68,0
2026-03-29,15,4,40,51,30,61,0
2026-03-29,15,5,44,52,28,68,0
2026-03-29,15,6,45,64,31,78,1
2026-03-29,15,7,54,66,40,80,1
2026-03-29,15,8,52,52,35,69,0
2026-03-29,15,9,50,69,34,85,0
2026-03-29,15,10,46,46,39,53,1
2026-03-29,15,11,62,81,56,87,0
2026-03-29,15,12,43,51,35,59,0
2026-03-29,15,13,52,59,42,69,1
2026-03-29,15,14,44,44,39,49,0
2026-03-29,15,15,59,59,40,78,1
2026-03-29,15,16,51,51,40,62,0
2026-03-29,15,17,36,36,27,45,0
2026-03-29,15,18,54,54,37,71,0
2026-03-29,15,19,39,39,23,55,0
2026-03-29,15,20,47,52,31,68,0
2026-03-29,16,1,31,31,26,36,0
2026-03-29,16,2,63,81,51,93,2
2026-03-29,16,3,52,52,42,62,1
2026-03-29,16,4,40,40,34,46,0
2026-03-29,16,5,49,50,40,59,1
2026-03-29,16,6,58,58,50,66,1
2026-03-29,16,7,54,54,39,69,0
2026-03-29,16,8,48,62,43,67,1
2026-03-29,16,9,93,93,73,113,0
2026-03-29,16,10,51,68,46,73,1
2026-03-29,16,11,61,61,46,76,1
2026-03-29,16,12,68,97,60,105,1
2026-03-29,16,13,34,39,28,45,0
2026-03-29,16,14,72,72,52,92,0
2026-03-29,16,15,62,73,42,93,1
2026-03-29,16,16,49,49,35,63,1
2026-03-29,16,17,59,73,39,93,0
2026-03-29,16,18,36,43,31,48,1
2026-03-29,16,19,61,61,42,80,1
2026-03-29,16,20,64,64,47,81,0
2026-03-29,17,1,42,62,29,75,1
2026-03-29,17,2,47,57,30,74,1
2026-03-29,17,3,36,36,31,41,0
2026-03-29,17,4,43,50,38,55,0
2026-03-29,17,5,44,44,33,55,0
2026-03-29,17,6,63,63,50,76,1
2026-03-29,17,7,43,63,29,77,1
2026-03-29,17,8,54,54,34,74,0
2026-03-29,17,9,53,53,48,58,0
2026-03-29,17,10,38,52,29,61,0
2026-03-29,17,11,47,67,37,77,0
2026-03-29,17,12,63,73,44,92,1
2026-03-29,17,13,28,34,23,39,0
2026-03-29,17,14,43,62,38,67,0
2026-03-29,17,15,41,41,28,54,0
2026-03-29,17,16,47,47,38,56,1
2026-03-29,17,17,49,59,38,70,0
2026-03-29,17,18,43,43,38,48,1
2026-03-29,17,19,37,37,28,46,0
2026-03-29,17,20,47,49,32,64,0
2026-03-29,18,1,88,108,69,127,0
2026-03-29,18,2,76,78,61,93,0
2026-03-29,18,3,67,70,54,83,0
2026-03-29,18,4,78,80,72,86,1
2026-03-29,18,5,90,115,75,130,2
2026-03-29,18,6,72,85,60,97,0
2026-03-29,18,7,81,82,68,95,2
2026-03-29,18,8,72,72,67,77,0
2026-03-29,18,9,99,99,86,112,1
2026-03-29,18,10,47,47,42,52,0
2026-03-29,18,11,85,85,73,97,1
2026-03-29,18,12,48,64,41,71,1
2026-03-29,18,13,61,80,54,87,1
2026-03-29,18,14,79,110,60,129,0
2026-03-29,18,15,86,100,81,105,1
2026-03-29,18,16,72,105,57,120,1
2026-03-29,18,17,69,70,53,86,1
2026-03-29,18,18,79,94,70,103,0
2026-03-29,18,19,61,75,46,90,0
2026-03-29,18,20,87,118,80,125,0
2026-03-29,19,1,36,51,22,65,1
2026-03-29,19,2,54,63,44,73,0
2026-03-29,19,3,53,59,33,79,1
2026-03-29,19,4,51,68,45,74,1
2026-03-29,19,5,64,73,45,92,1
2026-03-29,19,6,82,82,62,102,1
2026-03-29,19,7,49,49,38,60,0
2026-03-29,19,8,51,51,46,56,1
2026-03-29,19,9,54,68,43,79,0
2026-03-29,19,10,48,48,39,57,0
2026-03-29,19,11,61,61,52,70,1
2026-03-29,19,12,89,111,71,129,2
2026-03-29,19,13,45,50,33,62,1
2026-03-29,19,14,60,60,49,71,0
2026-03-29,19,15,47,47,41,53,1
2026-03-29,19,16,61,67,56,72,0
2026-03-29,19,17,49,49,41,57,1
2026-03-29,19,18,45,45,33,57,1
2026-03-29,19,19,48,71,40,79,1
2026-03-29,19,20,44,60,38,66,1
2026-03-29,20,1,58,69,46,81,1
2026-03-29,20,2,58,58,48,68,0
2026-03-29,20,3,47,67,35,79,0
2026-03-29,20,4,58,84,51,91,0
2026-03-29,20,5,39,41,26,54,0
2026-03-29,20,6,84,110,69,125,0
2026-03-29,20,7,54,62,37,79,1
2026-03-29,20,8,60,60,45,75,0
2026-03-29,20,9,65,92,55,102,1
2026-03-29,20,10,60,60,41,79,0
2026-03-29,20,11,60,60,50,70,1
2026-03-29,20,12,54,57,44,67,0
2026-03-29,20,13,59,59,49,69,1
2026-03-29,20,14,49,60,41,68,1
2026-03-29,20,15,63,63,47,79,0
2026-03-29,20,16,55,70,49,76,0
2026-03-29,20,17,45,45,35,55,0
2026-03-29,20,18,59,59,41,77,0
2026-03-29,20,19,49,49,30,68,0
2026-03-29,20,20,68,68,50,86,0
2026-03-29,21,1,52,52,36,68,1
2026-03-29,21,2,59,59,41,77,1
2026-03-29,21,3,49,49,35,63,1
2026-03-29,21,4,35,35,28,42,0
2026-03-29,21,5,32,32,27,37,0
2026-03-29,21,6,65,65,48,82,1
2026-03-29,21,7,45,45,37,53,0
2026-03-29,21,8,47,47,29,65,0
2026-03-29,21,9,67,67,54,80,1
2026-03-29,21,10,41,41,29,53,0
2026-03-29,21,11,44,49,39,54,0
2026-03-29,21,12,48,48,41,55,0
2026-03-29,21,13,36,36,26,46,0
2026-03-29,21,14,44,47,39,52,0
2026-03-29,21,15,45,45,38,52,0
2026-03-29,21,16,52,58,37,73,1
2026-03-29,21,17,52,63,37,78,0
2026-03-29,21,18,49,63,31,81,0
2026-03-29,21,19,46,66,32,80,1
2026-03-29,21,20,38,38,30,46,0
2026-03-29,22,1,58,58,47,69,0
2026-03-29,22,2,54,55,42,67,1
2026-03-29,22,3,80,80,65,95,1
2026-03-29,22,4,53,71,47,77,1
2026-03-29,22,5,50,50,37,63,0
2026-03-29,22,6,75,105,58,122,1
2026-03-29,22,7,52,64,40,76,0
2026-03-29,22,8,81,81,61,101,0
2026-03-29,22,9,72,95,60,107,2
2026-03-29,22,10,51,62,39,74,1
2026-03-29,22,11,51,51,45,57,1
2026-03-29,22,12,57,57,41,73,1
2026-03-29,22,13,47,47,37,57,0
2026-03-29,22,14,52,57,45,64,0
2026-03-29,22,15,66,82,46,102,1
2026-03-29,22,16,50,61,34,77,0
2026-03-29,22,17,63,63,54,72,0
2026-03-29,22,18,50,70,41,79,0
2026-03-29,22,19,48,61,39,70,0
2026-03-29,22,20,53,64,41,76,0
2026-03-29,23,1,72,72,62,82,1
2026-03-29,23,2,53,53,45,61,1
2026-03-29,23,3,61,88,43,106,2
2026-03-29,23,4,59,77,44,92,0
2026-03-29,23,5,38,53,30,61,0
2026-03-29,23,6,68,72,53,87,1
2026-03-29,23,7,54,69,43,80,0
2026-03-29,23,8,70,70,57,83,0
2026-03-29,23,9,57,66,37,86,0
2026-03-29,23,10,41,53,36,58,0
2026-03-29,23,11,69,89,50,108,0
2026-03-29,23,12,58,58,40,76,1
2026-03-29,23,13,36,36,31,41,0
2026-03-29,23,14,65,69,56,78,1
2026-03-29,23,15,66,78,50,94,0
2026-03-29,23,16,61,61,47,75,0
2026-03-29,23,17,44,45,39,50,1
2026-03-29,23,18,63,63,55,71,0
2026-03-29,23,19,66,68,57,77,1
2026-03-29,23,20,47,47,30,64,0
2026-03-29,24,1,72,97,62,107,0
2026-03-29,24,2,75,108,63,120,0
2026-03-29,24,3,60,60,50,70,0
2026-03-29,24,4,69,69,61,77,0
2026-03-29,24,5,84,84,71,97,1
2026-03-29,24,6,65,78,46,97,1
2026-03-29,24,7,51,75,45,81,0
2026-03-29,24,8,52,52,43,61,1
2026-03-29,24,9,76,76,60,92,0
2026-03-29,24,10,89,89,83,95,1
2026-03-29,24,11,72,89,59,102,2
2026-03-29,24,12,66,66,46,86,1
2026-03-29,24,13,59,79,44,94,0
2026-03-29,24,14,80,102,62,120,2
2026-03-29,24,15,62,62,57,67,1
2026-03-29,24,16,56,57,51,62,1
2026-03-29,24,17,61,87,48,100,2
2026-03-29,24,18,66,66,47,85,0
2026-03-29,24,19,57,57,39,75,0
2026-03-29,24,20,67,86,56,97,1
2026-03-29,25,1,74,98,64,108,0
2026-03-29,25,2,65,65,55,75,1
2026-03-29,25,3,53,55,45,63,0
2026-03-29,25,4,67,67,51,83,0
2026-03-29,25,5,71,71,60,82,1
2026-03-29,25,6,63,63,56,70,0
2026-03-29,25,7,91,91,86,96,1
2026-03-29,25,8,76,98,66,108,2
2026-03-29,25,9,67,90,49,108,0
2026-03-29,25,10,88,115,74,129,0
2026-03-29,25,11,79,79,67,91,0
2026-03-29,25,12,78,82,67,93,0
2026-03-29,25,13,73,94,55,112,2
2026-03-29,25,14,70,70,53,87,1
2026-03-29,25,15,92,110,78,124,2
2026-03-29,25,16,86,99,70,115,0
2026-03-29,25,17,77,109,64,122,2
2026-03-29,25,18,85,88,67,106,0
2026-03-29,25,19,61,68,55,74,0
2026-03-29,25,20,84,94,64,114,0
2026-03-29,26,1,76,99,58,117,1
2026-03-29,26,2,62,77,46,93,0
2026-03-29,26,3,48,48,36,60,1
2026-03-29,26,4,58,83,53,88,0
2026-03-29,26,5,43,56,36,63,0
2026-03-29,26,6,50,51,32,69,1
2026-03-29,26,7,58,58,40,76,0
2026-03-29,26,8,59,78,47,90,0
2026-03-29,26,9,83,95,73,105,1
2026-03-29,26,10,53,53,36,70,0
2026-03-29,26,11,76,76,56,96,1
2026-03-29,26,12,79,79,59,99,0
2026-03-29,26,13,52,52,43,61,0
2026-03-29,26,14,72,81,52,101,0
2026-03-29,26,15,52,57,42,67,1
2026-03-29,26,16,77,84,70,91,1
2026-03-29,26,17,58,58,44,72,1
2026-03-29,26,18,43,49,31,61,0
2026-03-29,26,19,53,76,44,85,1
2026-03-29,26,20,55,67,42,80,1
2026-03-29,27,1,68,87,59,96,1
2026-03-29,27,2,59,67,52,74,1
2026-03-29,27,3,76,76,60,92,0
2026-03-29,27,4,69,69,64,74,2
2026-03-29,27,5,82,82,62,102,2
2026-03-29,27,6,58,65,52,71,0
2026-03-29,27,7,62,62,52,72,1
2026-03-29,27,8,68,68,51,85,1
2026-03-29,27,9,48,54,31,71,0
2026-03-29,27,10,67,87,62,92,0
2026-03-29,27,11,71,94,56,109,1
2026-03-29,27,12,78,111,71,118,2
2026-03-29,27,13,72,88,55,105,2
2026-03-29,27,14,57,57,50,64,1
2026-03-29,27,15,63,73,51,85,0
2026-03-29,27,16,75,111,63,123,2
2026-03-29,27,17,59,59,42,76,1
2026-03-29,27,18,60,88,44,104,2
2026-03-29,27,19,80,82,67,95,1
2026-03-29,27,20,56,59,47,68,1
2026-03-29,28,1,59,82,52,89,1
2026-03-29,28,2,64,72,45,91,0
2026-03-29,28,3,61,61,55,67,1
2026-03-29,28,4,56,61,45,72,1
2026-03-29,28,5,66,87,47,106,0
2026-03-29,28,6,47,64,41,70,0
2026-03-29,28,7,64,76,46,94,1
2026-03-29,28,8,82,91,62,111,2
2026-03-29,28,9,78,78,67,89,1
2026-03-29,28,10,51,51,37,65,0
2026-03-29,28,11,88,128,72,144,0
2026-03-29,28,12,65,74,47,92,1
2026-03-29,28,13,59,59,42,76,1
2026-03-29,28,14,61,86,43,104,0
2026-03-29,28,15,62,62,54,70,1
2026-03-29,28,16,68,68,53,83,0
2026-03-29,28,17,57,76,45,88,2
2026-03-29,28,18,48,67,39,76,0
2026-03-29,28,19,56,60,46,70,0
2026-03-29,28,20,77,87,62,102,0
2026-03-29,29,1,56,63,44,75,0
2026-03-29,29,2,63,84,44,103,0
2026-03-29,29,3,49,49,37,61,0
2026-03-29,29,4,59,59,44,74,1
2026-03-29,29,5,43,63,32,74,0
2026-03-29,29,6,40,47,35,52,0
2026-03-29,29,7,62,62,51,73,1
2026-03-29,29,8,49,71,38,82,1
2026-03-29,29,9,55,81,37,99,0
2026-03-29,29,10,40,47,35,52,0
2026-03-29,29,11,49,53,36,66,0
2026-03-29,29,12,56,62,47,71,0
2026-03-29,29,13,49,60,38,71,1
2026-03-29,29,14,61,68,53,76,1
2026-03-29,29,15,59,75,49,85,0
2026-03-29,29,16,35,35,26,44,0
2026-03-29,29,17,45,64,34,75,0
2026-03-29,29,18,45,50,40,55,1
2026-03-29,29,19,68,68,52,84,0
2026-03-29,29,20,65,65,45,85,0
2026-03-29,30,1,64,86,46,104,1
2026-03-29,30,2,61,76,56,81,1
2026-03-29,30,3,57,76,43,90,1
2026-03-29,30,4,73,95,56,112,1
2026-03-29,30,5,65,80,45,100,1
2026-03-29,30,6,67,67,48,86,0
2026-03-29,30,7,75,90,67,98,1
2026-03-29,30,8,64,64,56,72,1
2026-03-29,30,9,67,67,54,80,1
2026-03-29,30,10,78,78,69,87,1
2026-03-29,30,11,67,67,60,74,1
2026-03-29,30,12,75,103,56,122,0
2026-03-29,30,13,78,105,63,120,2
2026-03-29,30,14,62,84,54,92,1
2026-03-29,30,15,81,81,61,101,0
2026-03-29,30,16,66,76,59,83,0
2026-03-29,30,17,79,95,59,115,1
2026-03-29,30,18,54,54,37,71,0
2026-03-29,30,19,77,77,65,89,1
2026-03-29,30,20,65,65,46,84,1
2026-03-29,31,1,58,58,45,71,1
2026-03-29,31,2,61,76,56,81,2
2026-03-29,31,3,59,81,53,87,2
2026-03-29,31,4,48,48,35,61,0
2026-03-29,31,5,59,64,40,83,0
2026-03-29,31,6,76,76,59,93,1
2026-03-29,31,7,55,55,46,64,1
2026-03-29,31,8,56,75,43,88,0
2026-03-29,31,9,58,70,44,84,1
2026-03-29,31,10,66,89,61,94,0
2026-03-29,31,11,77,113,62,128,1
2026-03-29,31,12,84,84,70,98,1
2026-03-29,31,13,51,51,43,59,0
2026-03-29,31,14,67,73,59,81,1
2026-03-29,31,15,53,53,40,66,0
2026-03-29,31,16,88,126,74,140,3
2026-03-29,31,17,45,64,31,78,1
2026-03-29,31,18,59,65,45,79,0
2026-03-29,31,19,56,56,46,66,0
2026-03-29,31,20,65,71,53,83,1
2026-03-29,32,1,37,37,26,48,0
2026-03-29,32,2,45,45,30,60,1
2026-03-29,32,3,57,80,46,91,1
2026-03-29,32,4,43,43,36,50,1
2026-03-29,32,5,35,35,30,40,0
2026-03-29,32,6,38,38,33,43,1
2026-03-29,32,7,36,51,29,58,0
2026-03-29,32,8,38,38,28,48,0
2026-03-29,32,9,50,54,30,74,1
2026-03-29,32,10,45,56,29,72,0
2026-03-29,32,11,45,62,34,73,1
2026-03-29,32,12,27,29,20,36,0
2026-03-29,32,13,36,42,27,51,0
2026-03-29,32,14,38,48,30,56,0
2026-03-29,32,15,41,41,36,46,1
2026-03-29,32,16,36,46,29,53,0
2026-03-29,32,17,57,57,39,75,1
2026-03-29,32,18,33,48,28,53,1
2026-03-29,32,19,46,68,36,78,0
2026-03-29,32,20,51,58,33,76,0
2026-03-29,33,1,58,81,40,99,1
2026-03-29,33,2,63,83,44,102,1
2026-03-29,33,3,36,46,27,55,0
2026-03-29,33,4,49,69,43,75,0
2026-03-29,33,5,59,73,39,93,0
2026-03-29,33,6,44,59,39,64,0
2026-03-29,33,7,57,57,41,73,1
2026-03-29,33,8,48,67,40,75,1
2026-03-29,33,9,56,75,37,94,0
2026-03-29,33,10,42,62,35,69,1
2026-03-29,33,11,61,61,43,79,0
2026-03-29,33,12,50,66,37,79,1
2026-03-29,33,13,57,72,40,89,1
2026-03-29,33,14,58,58,43,73,0
2026-03-29,33,15,47,68,35,80,1
2026-03-29,33,16,44,44,34,54,1
2026-03-29,33,17,58,67,48,77,1
2026-03-29,33,18,48,53,33,68,0
2026-03-29,33,19,52,52,44,60,1
2026-03-29,33,20,44,61,38,67,1
2026-03-29,34,1,76,107,65,118,2
2026-03-29,34,2,74,74,57,91,1
2026-03-29,34,3,74,95,58,111,1
2026-03-29,34,4,66,95,60,101,0
2026-03-29,34,5,66,79,47,98,2
2026-03-29,34,6,68,68,53,83,0
2026-03-29,34,7,91,127,75,143,3
2026-03-29,34,8,77,112,59,130,1
2026-03-29,34,9,68,68,56,80,0
2026-03-29,34,10,66,95,55,106,1
2026-03-29,34,11,62,91,47,106,1
2026-03-29,34,12,86,86,71,101,2
2026-03-29,34,13,72,74,57,89,1
2026-03-29,34,14,65,65,46,84,0
2026-03-29,34,15,57,84,47,94,0
2026-03-29,34,16,66,66,51,81,1
2026-03-29,34,17,68,78,56,90,1
2026-03-29,34,18,62,84,43,103,0
2026-03-29,34,19,70,100,51,119,2
2026-03-29,34,20,55,55,48,62,0
2026-03-29,35,1,51,54,40,65,0
2026-03-29,35,2,48,54,40,62,0
2026-03-29,35,3,54,79,42,91,2
2026-03-29,35,4,57,57,45,69,1
2026-03-29,35,5,53,55,43,65,0
2026-03-29,35,6,48,57,35,70,1
2026-03-29,35,7,43,44,35,52,1
2026-03-29,35,8,51,59,41,69,1
2026-03-29,35,9,58,58,48,68,0
2026-03-29,35,10,52,67,47,72,0
2026-03-29,35,11,77,77,57,97,0
2026-03-29,35,12,65,83,50,98,0
2026-03-29,35,13,54,62,42,74,0
2026-03-29,35,14,49,49,43,55,0
2026-03-29,35,15,64,95,47,112,2
2026-03-29,35,16,41,41,36,46,0
2026-03-29,35,17,46,68,40,74,1
2026-03-29,35,18,57,57,40,74,0
2026-03-29,35,19,59,59,50,68,0
2026-03-29,35,20,44,57,35,66,0
2026-03-29,36,1,57,57,47,67,0
2026-03-29,36,2,56,80,45,91,1
2026-03-29,36,3,51,69,33,87,1
2026-03-29,36,4,60,60,41,79,1
2026-03-29,36,5,52,76,34,94,1
2026-03-29,36,6,48,57,38,67,1
2026-03-29,36,7,42,44,36,50,0
2026-03-29,36,8,47,48,42,53,0
2026-03-29,36,9,64,69,49,84,0
2026-03-29,36,10,58,58,45,71,0
2026-03-29,36,11,72,72,53,91,1
2026-03-29,36,12,60,60,44,76,0
2026-03-29,36,13,46,59,39,66,1
2026-03-29,36,14,51,60,40,71,1
2026-03-29,36,15,33,33,22,44,0
2026-03-29,36,16,51,62,42,71,1
2026-03-29,36,17,45,46,25,66,0
2026-03-29,36,18,43,51,37,57,0
2026-03-29,36,19,39,48,29,58,0
2026-03-29,36,20,64,87,44,107,0
2026-03-29,37,1,65,85,47,103,1
2026-03-29,37,2,58,58,50,66,0
2026-03-29,37,3,66,66,46,86,0
2026-03-29,37,4,62,62,42,82,1
2026-03-29,37,5,62,78,52,88,0
2026-03-29,37,6,71,89,55,105,1
2026-03-29,37,7,62,77,46,93,1
2026-03-29,37,8,64,64,51,77,0
2026-03-29,37,9,62,83,49,96,1
2026-03-29,37,10,37,44,26,55,0
2026-03-29,37,11,54,57,44,67,0
2026-03-29,37,12,71,84,55,100,1
2026-03-29,37,13,59,73,45,87,0
2026-03-29,37,14,83,109,68,124,2
2026-03-29,37,15,51,52,44,59,0
2026-03-29,37,16,61,67,54,74,0
2026-03-29,37,17,67,67,53,81,0
2026-03-29,37,18,69,69,56,82,1
2026-03-29,37,19,57,57,46,68,1
2026-03-29,37,20,66,66,46,86,0
2026-03-29,38,1,57,57,45,69,0
2026-03-29,38,2,58,65,45,78,0
2026-03-29,38,3,46,50,34,62,0
2026-03-29,38,4,61,61,42,80,0
2026-03-29,38,5,38,40,21,57,0
2026-03-29,38,6,48,69,39,78,0
2026-03-29,38,7,62,62,56,68,0
2026-03-29,38,8,42,61,35,68,0
2026-03-29,38,9,57,57,38,76,0
2026-03-29,38,10,41,46,34,53,0
2026-03-29,38,11,63,63,53,73,1
2026-03-29,38,12,60,89,44,105,2
2026-03-29,38,13,26,26,17,35,0
2026-03-29,38,14,39,39,31,47,0
2026-03-29,38,15,47,47,36,58,0
2026-03-29,38,16,43,43,30,56,0
2026-03-29,38,17,38,47,24,61,0
2026-03-29,38,18,46,64,41,69,1
2026-03-29,38,19,34,37,29,42,0
2026-03-29,38,20,49,59,40,68,1
2026-03-29,39,1,61,83,42,102,0
2026-03-29,39,2,60,83,41,102,1
2026-03-29,39,3,47,47,39,55,0
2026-03-29,39,4,57,57,46,68,0
2026-03-29,39,5,70,77,62,85,2
2026-03-29,39,6,58,77,43,92,0
2026-03-29,39,7,57,85,38,104,0
2026-03-29,39,8,64,71,44,91,2
2026-03-29,39,9,57,64,45,76,0
2026-03-29,39,10,40,48,32,56,0
2026-03-29,39,11,71,74,55,90,2
2026-03-29,39,12,49,54,40,63,0
2026-03-29,39,13,56,73,48,81,1
2026-03-29,39,14,73,76,55,94,1
2026-03-29,39,15,52,70,45,77,0
2026-03-29,39,16,51,71,34,88,0
2026-03-29,39,17,34,35,15,54,0
2026-03-29,39,18,56,77,46,87,2
2026-03-29,39,19,68,85,56,97,0
2026-03-29,39,20,43,43,38,48,0
2026-03-29,40,1,75,75,67,83,0
2026-03-29,40,2,75,75,60,90,0
2026-03-29,40,3,67,88,55,100,2
2026-03-29,40,4,78,114,61,131,2
2026-03-29,40,5,60,66,46,80,0
2026-03-29,40,6,64,86,56,94,1
2026-03-29,40,7,52,63,47,68,1
2026-03-29,40,8,73,94,63,104,0
2026-03-29,40,9,103,103,90,116,0
2026-03-29,40,10,51,64,39,76,0
2026-03-29,40,11,78,104,70,112,1
2026-03-29,40,12,76,76,67,85,0
2026-03-29,40,13,80,106,60,126,1
2026-03-29,40,14,81,81,62,100,0
2026-03-29,40,15,80,114,65,129,0
2026-03-29,40,16,64,65,44,85,0
2026-03-29,40,17,94,106,75,125,0
2026-03-29,40,18,78,78,58,98,0
2026-03-29,40,19,67,67,55,79,0
2026-03-29,40,20,103,103,84,122,0
2026-03-29,41,1,46,46,34,58,0
2026-03-29,41,2,47,56,35,68,0
2026-03-29,41,3,40,56,23,73,1
2026-03-29,41,4,49,49,36,62,1
2026-03-29,41,5,42,50,28,64,1
2026-03-29,41,6,40,44,22,62,1
2026-03-29,41,7,54,60,47,67,1
2026-03-29,41,8,49,49,40,58,0
2026-03-29,41,9,43,43,28,58,0
2026-03-29,41,10,50,50,39,61,0
2026-03-29,41,11,60,78,45,93,2
2026-03-29,41,12,47,65,35,77,1
2026-03-29,41,13,49,66,30,85,1
2026-03-29,41,14,40,46,35,51,1
2026-03-29,41,15,50,50,45,55,1
2026-03-29,41,16,49,72,39,82,1
2026-03-29,41,17,38,38,19,57,0
2026-03-29,41,18,48,51,34,65,0
2026-03-29,41,19,30,39,17,52,0
2026-03-29,41,20,40,40,29,51,0
2026-03-29,42,1,41,41,34,48,1
2026-03-29,42,2,50,67,44,73,0
2026-03-29,42,3,54,56,37,73,0
2026-03-29,42,4,48,62,37,73,1
2026-03-29,42,5,47,47,41,53,0
2026-03-29,42,6,34,48,28,54,0
2026-03-29,42,7,59,59,48,70,1
2026-03-29,42,8,51,74,37,88,1
2026-03-29,42,9,61,87,50,98,1
2026-03-29,42,10,39,39,32,46,0
2026-03-29,42,11,51,69,39,81,0
2026-03-29,42,12,55,55,41,69,0
2026-03-29,42,13,52,63,38,77,0
2026-03-29,42,14,31,32,22,41,0
2026-03-29,42,15,24,24,15,33,0
2026-03-29,42,16,47,60,30,77,0
2026-03-29,42,17,41,52,30,63,0
2026-03-29,42,18,48,56,34,70,0
2026-03-29,42,19,57,57,37,77,0
2026-03-29,42,20,59,59,43,75,0
2026-03-29,43,1,71,91,63,99,2
2026-03-29,43,2,75,75,55,95,0
2026-03-29,43,3,56,78,47,87,0
2026-03-29,43,4,61,67,49,79,0
2026-03-29,43,5,72,92,57,107,2
2026-03-29,43,6,69,93,51,111,2
2026-03-29,43,7,73,73,59,87,1
2026-03-29,43,8,70,81,61,90,2
2026-03-29,43,9,111,163,92,182,1
2026-03-29,43,10,63,63,54,72,0
2026-03-29,43,11,105,114,86,133,2
2026-03-29,43,12,55,64,47,72,1
2026-03-29,43,13,60,60,49,71,1
2026-03-29,43,14,59,86,44,101,1
2026-03-29,43,15,67,75,58,84,0
2026-03-29,43,16,69,69,60,78,1
2026-03-29,43,17,59,59,40,78,0
2026-03-29,43,18,71,71,53,89,0
2026-03-29,43,19,59,59,40,78,0
2026-03-29,43,20,67,67,48,86,0
2026-03-29,44,1,53,53,34,72,0
2026-03-29,44,2,56,80,47,89,1
2026-03-29,44,3,63,71,53,81,1
2026-03-29,44,4,63,66,46,83,1
2026-03-29,44,5,52,52,46,58,0
2026-03-29,44,6,59,65,39,85,0
2026-03-29,44,7,52,52,42,62,0
2026-03-29,44,8,60,70,40,90,0
2026-03-29,44,9,53,53,47,59,0
2026-03-29,44,10,56,56,44,68,0
2026-03-29,44,11,46,46,30,62,0
2026-03-29,44,12,51,51,41,61,0
2026-03-29,44,13,37,53,30,60,0
2026-03-29,44,14,63,63,50,76,1
2026-03-29,44,15,60,60,45,75,1
2026-03-29,44,16,54,71,40,85,0
2026-03-29,44,17,67,94,48,113,1
2026-03-29,44,18,71,71,63,79,1
2026-03-29,44,19,66,66,49,83,1
2026-03-29,44,20,56,56,38,74,1
2026-03-29,45,1,56,58,37,77,1
2026-03-29,45,2,58,58,44,72,0
2026-03-29,45,3,63,94,45,112,0
2026-03-29,45,4,60,60,52,68,0
2026-03-29,45,5,82,98,62,118,0
2026-03-29,45,6,92,92,77,107,2
2026-03-29,45,7,69,69,53,85,0
2026-03-29,45,8,59,59,44,74,0
2026-03-29,45,9,62,79,47,94,0
2026-03-29,45,10,55,62,42,75,1
2026-03-29,45,11,49,49,43,55,0
2026-03-29,45,12,66,93,61,98,1
2026-03-29,45,13,53,64,44,73,0
2026-03-29,45,14,76,105,62,119,0
2026-03-29,45,15,71,106,59,118,0
2026-03-29,45,16,66,66,52,80,0
2026-03-29,45,17,56,76,46,86,0
2026-03-29,45,18,58,58,52,64,0
2026-03-29,45,19,65,65,54,76,0
2026-03-29,45,20,50,50,32,68,0
2026-03-29,46,1,66,66,59,73,1
2026-03-29,46,2,61,61,55,67,0
2026-03-29,46,3,90,91,72,109,0
2026-03-29,46,4,69,78,49,98,2
2026-03-29,46,5,65,93,60,98,0
2026-03-29,46,6,62,88,46,104,0
2026-03-29,46,7,63,72,52,83,1
2026-03-29,46,8,48,48,35,61,0
2026-03-29,46,9,59,59,52,66,0
2026-03-29,46,10,40,54,34,60,0
2026-03-29,46,11,77,86,71,92,1
2026-03-29,46,12,57,57,47,67,0
2026-03-29,46,13,44,59,35,68,1
2026-03-29,46,14,73,76,57,92,1
2026-03-29,46,15,67,95,53,109,2
2026-03-29,46,16,67,87,60,94,0
2026-03-29,46,17,68,101,56,113,0
2026-03-29,46,18,76,76,60,92,2
2026-03-29,46,19,66,69,55,80,1
2026-03-29,46,20,62,70,52,80,1
2026-03-29,47,1,89,89,77,101,0
2026-03-29,47,2,100,100,80,120,1
2026-03-29,47,3,71,71,66,76,0
2026-03-29,47,4,69,90,51,108,1
2026-03-29,47,5,106,122,93,135,2
2026-03-29,47,6,89,130,70,149,3
2026-03-29,47,7,65,65,59,71,1
2026-03-29,47,8,87,87,67,107,0
2026-03-29,47,9,62,62,54,70,0
2026-03-29,47,10,71,96,57,110,1
2026-03-29,47,11,74,74,68,80,0
2026-03-29,47,12,86,107,81,112,1
2026-03-29,47,13,65,65,57,73,0
2026-03-29,47,14,93,115,85,123,1
2026-03-29,47,15,85,85,68,102,0
2026-03-29,47,16,77,87,59,105,0
2026-03-29,47,17,92,92,84,100,1
2026-03-29,47,18,84,84,68,100,1
2026-03-29,47,19,77,77,59,95,1
2026-03-29,47,20,54,54,44,64,0
2026-03-29,48,1,57,57,40,74,1
2026-03-29,48,2,56,56,44,68,0
2026-03-29,48,3,68,87,54,101,1
2026-03-29,48,4,44,57,39,62,1
2026-03-29,48,5,75,100,57,118,1
2026-03-29,48,6,64,70,47,87,0
2026-03-29,48,7,52,64,41,75,0
2026-03-29,48,8,47,62,42,67,0
2026-03-29,48,9,55,63,49,69,0
2026-03-29,48,10,56,78,39,95,0
2026-03-29,48,11,57,72,40,89,2
2026-03-29,48,12,83,124,70,137,1
2026-03-29,48,13,60,62,41,81,0
2026-03-29,48,14,58,85,43,100,0
2026-03-29,48,15,62,85,56,91,2
2026-03-29,48,16,58,58,46,70,1
2026-03-29,48,17,56,68,48,76,0
2026-03-29,48,18,48,48,30,66,0
2026-03-29,48,19,43,51,35,59,1
2026-03-29,48,20,47,54,39,62,0
2026-03-29,49,1,47,47,37,57,0
2026-03-29,49,2,57,61,45,73,0
2026-03-29,49,3,45,65,26,84,0
2026-03-29,49,4,52,52,43,61,0
2026-03-29,49,5,35,41,29,47,0
2026-03-29,49,6,54,54,42,66,0
2026-03-29,49,7,44,44,33,55,0
2026-03-29,49,8,31,46,18,59,0
2026-03-29,49,9,57,67,41,83,0
2026-03-29,49,10,47,69,29,87,1
2026-03-29,49,11,49,49,37,61,0
2026-03-29,49,12,53,53,36,70,1
2026-03-29,49,13,36,36,18,54,0
2026-03-29,49,14,49,67,42,74,0
2026-03-29,49,15,39,50,34,55,1
2026-03-29,49,16,46,63,37,72,0
2026-03-29,49,17,53,53,43,63,1
2026-03-29,49,18,30,30,24,36,0
2026-03-29,49,19,54,73,37,90,0
2026-03-29,49,20,41,50,30,61,0
2026-03-29,50,1,57,82,45,94,0
2026-03-29,50,2,52,52,37,67,0
2026-03-29,50,3,52,53,35,70,1
2026-03-29,50,4,51,52,36,67,1
2026-03-29,50,5,37,46,23,60,0
2026-03-29,50,6,45,45,39,51,0
2026-03-29,50,7,56,82,42,96,0
2026-03-29,50,8,49,49,38,60,0
2026-03-29,50,9,76,88,63,101,1
2026-03-29,50,10,49,72,35,86,1
2026-03-29,50,11,58,58,45,71,0
2026-03-29,50,12,44,50,36,58,0
2026-03-29,50,13,57,57,43,71,0
2026-03-29,50,14,49,49,43,55,1
2026-03-29,50,15,56,74,49,81,1
2026-03-29,50,16,59,59,52,66,1
2026-03-29,50,17,38,51,29,60,0
2026-03-29,50,18,60,61,51,70,1
2026-03-29,50,19,38,38,23,53,0
2026-03-29,50,20,50,55,39,66,0
2026-04-05,1,1,53,53,39,67,0
2026-04-05,1,2,47,47,42,52,0
2026-04-05,1,3,50,74,35,89,0
2026-04-05,1,4,54,54,43,65,0
2026-04-05,1,5,46,46,34,58,1
2026-04-05,1,6,49,56,42,63,0
2026-04-05,1,7,69,69,55,83,1
2026-04-05,1,8,53,67,44,76,0
2026-04-05,1,9,70,83,56,97,1
2026-04-05,1,10,50,50,45,55,0
2026-04-05,1,11,78,94,66,106,1
2026-04-05,1,12,71,90,54,107,0
2026-04-05,1,13,74,74,69,79,0
2026-04-05,1,14,61,73,56,78,1
2026-04-05,1,15,64,73,47,90,0
2026-04-05,1,16,59,59,54,64,0
2026-04-05,1,17,70,70,60,80,1
2026-04-05,1,18,66,93,51,108,1
2026-04-05,1,19,55,55,42,68,0
2026-04-05,1,20,55,57,35,77,1
2026-04-05,2,1,53,53,36,70,0
2026-04-05,2,2,50,70,38,82,0
2026-04-05,2,3,42,42,25,59,0
2026-04-05,2,4,49,68,38,79,0
2026-04-05,2,5,38,38,23,53,0
2026-04-05,2,6,47,56,36,67,1
2026-04-05,2,7,55,55,45,65,0
2026-04-05,2,8,41,56,35,62,0
2026-04-05,2,9,56,56,36,76,1
2026-04-05,2,10,47,47,35,59,0
2026-04-05,2,11,57,66,43,80,0
2026-04-05,2,12,56,80,44,92,1
2026-04-05,2,13,45,64,35,74,0
2026-04-05,2,14,50,71,38,83,1
2026-04-05,2,15,58,60,45,73,1
2026-04-05,2,16,58,83,45,96,0
2026-04-05,2,17,38,38,22,54,0
2026-04-05,2,18,55,55,46,64,0
2026-04-05,2,19,40,55,30,65,1
2026-04-05,2,20,55,55,37,73,1
2026-04-05,3,1,48,69,38,79,0
2026-04-05,3,2,74,89,59,104,1
2026-04-05,3,3,44,44,24,64,0
2026-04-05,3,4,60,89,55,94,1
2026-04-05,3,5,57,57,41,73,0
2026-04-05,3,6,63,63,57,69,0
2026-04-05,3,7,58,58,44,72,1
2026-04-05,3,8,58,58,38,78,1
2026-04-05,3,9,57,80,51,86,2
2026-04-05,3,10,35,35,30,40,0
2026-04-05,3,11,74,74,64,84,0
2026-04-05,3,12,59,59,44,74,1
2026-04-05,3,13,59,87,42,104,2
2026-04-05,3,14,71,83,58,96,0
2026-04-05,3,15,80,98,61,117,2
2026-04-05,3,16,61,61,56,66,1
2026-04-05,3,17,44,44,32,56,0
2026-04-05,3,18,70,103,56,117,2
2026-04-05,3,19,51,51,42,60,0
2026-04-05,3,20,65,65,58,72,0
2026-04-05,4,1,58,61,43,76,0
2026-04-05,4,2,63,91,52,102,2
2026-04-05,4,3,72,101,57,116,1
2026-04-05,4,4,67,78,58,87,1
2026-04-05,4,5,76,107,56,127,1
2026-04-05,4,6,68,69,49,88,0
2026-04-05,4,7,72,72,64,80,0
2026-04-05,4,8,61,90,46,105,0
2026-04-05,4,9,92,101,74,119,2
2026-04-05,4,10,73,92,60,105,0
2026-04-05,4,11,68,68,53,83,1
2026-04-05,4,12,70,80,52,98,0
2026-04-05,4,13,73,73,53,93,0
2026-04-05,4,14,53,62,39,76,1
2026-04-05,4,15,58,67,50,75,1
2026-04-05,4,16,67,67,58,76,0
2026-04-05,4,17,55,70,49,76,0
2026-04-05,4,18,59,59,54,64,0
2026-04-05,4,19,64,64,55,73,0
2026-04-05,4,20,60,60,40,80,0
2026-04-05,5,1,44,59,28,75,0
2026-04-05,5,2,41,43,27,57,0
2026-04-05,5,3,44,44,36,52,0
2026-04-05,5,4,44,44,33,55,0
2026-04-05,5,5,46,63,28,81,0
2026-04-05,5,6,33,33,26,40,0
2026-04-05,5,7,38,48,20,66,1
2026-04-05,5,8,33,47,27,53,0
2026-04-05,5,9,57,59,37,79,1
2026-04-05,5,10,37,55,28,64,0
2026-04-05,5,11,46,57,29,74,0
2026-04-05,5,12,44,44,28,60,1
2026-04-05,5,13,30,36,20,46,0
2026-04-05,5,14,29,33,21,41,0
2026-04-05,5,15,45,45,28,62,0
2026-04-05,5,16,46,46,32,60,0
2026-04-05,5,17,41,47,27,61,0
2026-04-05,5,18,28,28,22,34,0
2026-04-05,5,19,37,54,30,61,1
2026-04-05,5,20,46,58,28,76,1
2026-04-05,6,1,64,88,57,95,2
2026-04-05,6,2,49,51,42,58,0
2026-04-05,6,3,64,91,44,111,1
2026-04-05,6,4,58,58,53,63,1
2026-04-05,6,5,52,68,42,78,0
2026-04-05,6,6,56,79,40,95,0
2026-04-05,6,7,94,128,76,146,2
2026-04-05,6,8,69,69,52,86,0
2026-04-05,6,9,68,68,55,81,1
2026-04-05,6,10,59,63,47,75,1
2026-04-05,6,11,75,97,58,114,2
2026-04-05,6,12,48,63,43,68,0
2026-04-05,6,13,58,67,46,79,0
2026-04-05,6,14,58,85,45,98,1
2026-04-05,6,15,50,70,39,81,1
2026-04-05,6,16,59,61,42,78,1
2026-04-05,6,17,51,74,46,79,2
2026-04-05,6,18,49,63,36,76,1
2026-04-05,6,19,37,37,30,44,0
2026-04-05,6,20,53,60,48,65,0
2026-04-05,7,1,62,82,56,88,1
2026-04-05,7,2,57,65,47,75,0
2026-04-05,7,3,42,47,34,55,0
2026-04-05,7,4,47,62,42,67,1
2026-04-05,7,5,39,39,31,47,0
2026-04-05,7,6,47,51,31,67,0
2026-04-05,7,7,60,60,50,70,1
2026-04-05,7,8,67,74,58,83,2
2026-04-05,7,9,67,67,60,74,0
2026-04-05,7,10,57,68,47,78,1
2026-04-05,7,11,63,78,52,89,0
2026-04-05,7,12,43,60,23,80,0
2026-04-05,7,13,60,76,44,92,0
2026-04-05,7,14,78,78,63,93,1
2026-04-05,7,15,47,47,40,54,0
2026-04-05,7,16,59,80,54,85,1
2026-04-05,7,17,58,75,42,91,0
2026-04-05,7,18,61,64,44,81,1
2026-04-05,7,19,40,56,33,63,0
2026-04-05,7,20,64,74,59,79,1
2026-04-05,8,1,42,50,24,68,1
2026-04-05,8,2,52,76,43,85,0
2026-04-05,8,3,37,37,29,45,0
2026-04-05,8,4,42,42,22,62,0
2026-04-05,8,5,45,62,32,75,0
2026-04-05,8,6,50,69,32,87,1
2026-04-05,8,7,45,45,30,60,0
2026-04-05,8,8,44,56,27,73,0
2026-04-05,8,9,43,58,32,69,0
2026-04-05,8,10,29,36,17,48,0
2026-04-05,8,11,46,63,26,83,1
2026-04-05,8,12,49,68,33,84,0
2026-04-05,8,13,29,29,22,36,0
2026-04-05,8,14,54,59,34,79,1
2026-04-05,8,15,34,34,25,43,0
2026-04-05,8,16,44,58,26,76,1
2026-04-05,8,17,36,51,28,59,0
2026-04-05,8,18,51,74,39,86,1
2026-04-05,8,19,54,54,35,73,0
2026-04-05,8,20,43,47,23,67,0
2026-04-05,9,1,66,68,57,77,1
2026-04-05,9,2,66,73,48,91,2
2026-04-05,9,3,60,63,44,79,0
2026-04-05,9,4,58,85,46,97,2
2026-04-05,9,5,68,75,50,93,0
2026-04-05,9,6,65,89,49,105,1
2026-04-05,9,7,51,56,45,62,1
2026-04-05,9,8,49,70,29,90,2
2026-04-05,9,9,72,72,56,88,0
2026-04-05,9,10,55,55,48,62,0
2026-04-05,9,11,74,105,54,125,1
2026-04-05,9,12,55,61,46,70,1
2026-04-05,9,13,62,62,42,82,1
2026-04-05,9,14,75,86,61,100,1
2026-04-05,9,15,68,73,48,93,2
2026-04-05,9,16,70,82,56,96,1
2026-04-05,9,17,53,72,42,83,1
2026-04-05,9,18,71,71,53,89,0
2026-04-05,9,19,65,65,56,74,1
2026-04-05,9,20,68,68,53,83,0
2026-04-05,10,1,75,75,68,82,1
2026-04-05,10,2,73,87,63,97,1
2026-04-05,10,3,66,66,59,73,1
2026-04-05,10,4,64,86,58,92,0
2026-04-05,10,5,75,96,60,111,2
2026-04-05,10,6,74,78,63,89,0
2026-04-05,10,7,75,75,70,80,2
2026-04-05,10,8,71,89,60,100,0
2026-04-05,10,9,97,97,77,117,0
2026-04-05,10,10,74,108,62,120,1
2026-04-05,10,11,70,70,52,88,1
2026-04-05,10,12,81,89,70,100,0
2026-04-05,10,13,72,79,67,84,0
2026-04-05,10,14,88,88,68,108,2
2026-04-05,10,15,96,98,85,109,2
2026-04-05,10,16,78,78,66,90,0
2026-04-05,10,17,104,105,85,124,1
2026-04-05,10,18,82,97,74,105,2
2026-04-05,10,19,53,77,47,83,1
2026-04-05,10,20,78,106,71,113,2
2026-04-05,11,1,57,74,50,81,0
2026-04-05,11,2,49,73,41,81,1
2026-04-05,11,3,39,47,25,61,0
2026-04-05,11,4,64,64,57,71,0
2026-04-05,11,5,44,58,35,67,1
2026-04-05,11,6,62,70,54,78,1
2026-04-05,11,7,65,85,55,95,1
2026-04-05,11,8,58,58,41,75,1
2026-04-05,11,9,62,62,56,68,1
2026-04-05,11,10,57,57,44,70,0
2026-04-05,11,11,74,74,69,79,1
2026-04-05,11,12,59,68,52,75,0
2026-04-05,11,13,56,75,47,84,2
2026-04-05,11,14,50,74,38,86,1
2026-04-05,11,15,54,61,44,71,0
2026-04-05,11,16,57,57,44,70,0
2026-04-05,11,17,50,65,36,79,0
2026-04-05,11,18,53,53,43,63,0
2026-04-05,11,19,47,49,33,63,0
2026-04-05,11,20,74,74,56,92,1
2026-04-05,12,1,57,68,47,78,0
2026-04-05,12,2,46,66,39,73,0
2026-04-05,12,3,44,49,28,65,0
2026-04-05,12,4,40,52,35,57,0
2026-04-05,12,5,39,55,28,66,0
2026-04-05,12,6,56,56,49,63,1
2026-04-05,12,7,64,81,46,99,2
2026-04-05,12,8,75,84,60,99,1
2026-04-05,12,9,59,62,50,71,1
2026-04-05,12,10,33,33,25,41,0
2026-04-05,12,11,48,57,43,62,0
2026-04-05,12,12,53,76,39,90,0
2026-04-05,12,13,55,79,44,90,0
2026-04-05,12,14,69,69,49,89,1
2026-04-05,12,15,50,65,45,70,0
2026-04-05,12,16,72,75,60,87,0
2026-04-05,12,17,34,34,29,39,0
2026-04-05,12,18,44,57,30,71,1
2026-04-05,12,19,35,35,28,42,0
2026-04-05,12,20,53,76,38,91,2
2026-04-05,13,1,66,97,51,112,1
2026-04-05,13,2,74,74,66,82,0
2026-04-05,13,3,66,66,57,75,0
2026-04-05,13,4,58,80,38,100,1
2026-04-05,13,5,50,64,44,70,0
2026-04-05,13,6,55,78,42,91,0
2026-04-05,13,7,59,69,51,77,0
2026-04-05,13,8,68,68,54,82,1
2026-04-05,13,9,84,97,71,110,1
2026-04-05,13,10,64,64,51,77,0
2026-04-05,13,11,67,73,48,92,0
2026-04-05,13,12,88,101,72,117,1
2026-04-05,13,13,80,114,61,133,0
2026-04-05,13,14,83,83,77,89,0
2026-04-05,13,15,73,73,58,88,1
2026-04-05,13,16,80,114,61,133,3
2026-04-05,13,17,69,83,54,98,2
2026-04-05,13,18,70,85,57,98,1
2026-04-05,13,19,81,84,61,104,0
2026-04-05,13,20,78,78,62,94,1
2026-04-05,14,1,65,65,51,79,0
2026-04-05,14,2,42,46,32,56,1
2026-04-05,14,3,64,85,55,94,1
2026-04-05,14,4,64,64,51,77,0
2026-04-05,14,5,65,69,45,89,0
2026-04-05,14,6,47,47,41,53,0
2026-04-05,14,7,59,59,53,65,0
2026-04-05,14,8,53,53,43,63,1
2026-04-05,14,9,48,49,38,59,1
2026-04-05,14,10,53,70,39,84,0
2026-04-05,14,11,68,100,52,116,0
2026-04-05,14,12,49,49,44,54,1
2026-04-05,14,13,52,57,34,75,1
2026-04-05,14,14,53,66,41,78,1
2026-04-05,14,15,47,47,41,53,1
2026-04-05,14,16,55,55,48,62,0
2026-04-05,14,17,70,70,57,83,0
2026-04-05,14,18,55,57,35,77,0
2026-04-05,14,19,51,75,43,83,0
2026-04-05,14,20,56,70,45,81,0
2026-04-05,15,1,45,53,38,60,1
2026-04-05,15,2,46,63,29,80,1
2026-04-05,15,3,47,65,36,76,0
2026-04-05,15,4,59,67,45,81,0
2026-04-05,15,5,37,43,25,55,0
2026-04-05,15,6,50,52,43,59,0
2026-04-05,15,7,62,62,42,82,0
2026-04-05,15,8,61,70,44,87,1
2026-04-05,15,9,58,82,46,94,1
2026-04-05,15,10,38,38,28,48,0
2026-04-05,15,11,55,74,45,84,0
2026-04-05,15,12,48,53,36,65,0
2026-04-05,15,13,55,55,38,72,1
2026-04-05,15,14,55,65,38,82,0
2026-04-05,15,15,62,62,49,75,0
2026-04-05,15,16,59,79,50,88,0
2026-04-05,15,17,44,44,26,62,0
2026-04-05,15,18,44,44,33,55,0
2026-04-05,15,19,43,49,35,57,1
2026-04-05,15,20,48,48,36,60,1
2026-04-05,16,1,45,48,40,53,0
2026-04-05,16,2,55,65,50,70,0
2026-04-05,16,3,54,75,44,85,1
2026-04-05,16,4,50,50,31,69,0
2026-04-05,16,5,52,52,45,59,1
2026-04-05,16,6,65,84,50,99,2
2026-04-05,16,7,48,61,35,74,1
2026-04-05,16,8,50,59,42,67,0
2026-04-05,16,9,62,91,46,107,2
2026-04-05,16,10,49,65,36,78,1
2026-04-05,16,11,37,37,30,44,0
2026-04-05,16,12,51,52,34,69,1
2026-04-05,16,13,58,59,52,65,0
2026-04-05,16,14,49,49,34,64,0
2026-04-05,16,15,57,57,40,74,1
2026-04-05,16,16,49,49,30,68,0
2026-04-05,16,17,58,59,43,74,0
2026-04-05,16,18,46,46,37,55,0
2026-04-05,16,19,69,69,49,89,0
2026-04-05,16,20,64,90,46,108,1
2026-04-05,17,1,50,50,33,67,0
2026-04-05,17,2,67,94,49,112,1
2026-04-05,17,3,58,60,49,69,0
2026-04-05,17,4,52,70,39,83,0
2026-04-05,17,5,33,37,28,42,0
2026-04-05,17,6,47,60,35,72,0
2026-04-05,17,7,44,65,37,72,0
2026-04-05,17,8,37,37,32,42,0
2026-04-05,17,9,54,76,37,93,0
2026-04-05,17,10,31,31,25,37,0
2026-04-05,17,11,60,60,41,79,0
2026-04-05,17,12,54,54,42,66,1
2026-04-05,17,13,40,58,28,70,0
2026-04-05,17,14,46,67,34,79,1
2026-04-05,17,15,53,57,41,69,1
2026-04-05,17,16,52,52,36,68,1
2026-04-05,17,17,49,49,43,55,1
2026-04-05,17,18,52,52,40,64,0
2026-04-05,17,19,45,54,29,70,0
2026-04-05,17,20,34,49,20,63,1
2026-04-05,18,1,84,101,77,108,0
2026-04-05,18,2,86,104,73,117,0
2026-04-05,18,3,71,71,64,78,0
2026-04-05,18,4,95,95,77,113,2
2026-04-05,18,5,82,82,66,98,0
2026-04-05,18,6,77,108,64,121,0
2026-04-05,18,7,82,84,77,89,0
2026-04-05,18,8,95,95,78,112,2
2026-04-05,18,9,86,86,69,103,0
2026-04-05,18,10,65,65,50,80,1
2026-04-05,18,11,87,123,72,138,1
2026-04-05,18,12,97,142,89,150,4
2026-04-05,18,13,89,89,75,103,2
2026-04-05,18,14,72,72,65,79,0
2026-04-05,18,15,77,77,58,96,1
2026-04-05,18,16,76,81,70,87,1
2026-04-05,18,17,79,114,61,132,2
2026-04-05,18,18,76,96,65,107,1
2026-04-05,18,19,104,122,86,140,0
2026-04-05,18,20,73,73,59,87,1
2026-04-05,19,1,42,42,37,47,0
2026-04-05,19,2,46,63,38,71,1
2026-04-05,19,3,59,67,44,82,1
2026-04-05,19,4,60,60,43,77,1
2026-04-05,19,5,51,72,43,80,0
2026-04-05,19,6,70,94,50,114,2
2026-04-05,19,7,69,87,56,100,2
2026-04-05,19,8,49,54,40,63,0
2026-04-05,19,9,60,86,51,95,1
2026-04-05,19,10,60,89,53,96,0
2026-04-05,19,11,77,77,65,89,1
2026-04-05,19,12,75,87,59,103,0
2026-04-05,19,13,60,79,50,89,1
2026-04-05,19,14,58,80,50,88,1
2026-04-05,19,15,59,68,53,74,1
2026-04-05,19,16,59,65,50,74,0
2026-04-05,19,17,54,54,39,69,0
2026-04-05,19,18,74,74,54,94,0
2026-04-05,19,19,65,65,47,83,1
2026-04-05,19,20,50,53,37,66,1
2026-04-05,20,1,62,64,42,84,0
2026-04-05,20,2,50,74,37,87,1
2026-04-05,20,3,52,65,37,80,0
2026-04-05,20,4,64,86,44,106,1
2026-04-05,20,5,33,46,25,54,0
2026-04-05,20,6,59,63,47,75,0
2026-04-05,20,7,38,47,33,52,1
2026-04-05,20,8,46,53,39,60,0
2026-04-05,20,9,59,72,46,85,1
2026-04-05,20,10,73,88,56,105,0
2026-04-05,20,11,75,75,55,95,0
2026-04-05,20,12,54,72,40,86,1
2026-04-05,20,13,62,88,47,103,0
2026-04-05,20,14,70,88,60,98,0
2026-04-05,20,15,43,43,37,49,0
2026-04-05,20,16,58,76,38,96,0
2026-04-05,20,17,41,50,31,60,0
2026-04-05,20,18,55,64,38,81,0
2026-04-05,20,19,41,41,33,49,0
2026-04-05,20,20,50,71,42,79,0
2026-04-05,21,1,59,59,39,79,0
2026-04-05,21,2,49,71,39,81,1
2026-04-05,21,3,45,45,26,64,0
2026-04-05,21,4,47,67,27,87,0
2026-04-05,21,5,41,41,33,49,0
2026-04-05,21,6,33,33,26,40,0
2026-04-05,21,7,55,55,36,74,0
2026-04-05,21,8,36,36,29,43,0
2026-04-05,21,9,43,43,36,50,0
2026-04-05,21,10,35,35,27,43,0
2026-04-05,21,11,65,66,47,84,1
2026-04-05,21,12,48,51,36,63,1
2026-04-05,21,13,42,45,24,63,0
2026-04-05,21,14,41,41,34,48,0
2026-04-05,21,15,37,50,29,58,1
2026-04-05,21,16,44,63,34,73,1
2026-04-05,21,17,52,76,36,92,1
2026-04-05,21,18,46,51,34,63,0
2026-04-05,21,19,28,35,16,47,0
2026-04-05,21,20,42,45,26,61,0
2026-04-05,22,1,56,58,45,69,1
2026-04-05,22,2,62,71,47,86,0
2026-04-05,22,3,74,74,56,92,2
2026-04-05,22,4,51,59,43,67,0
2026-04-05,22,5,58,77,43,92,1
2026-04-05,22,6,48,56,43,61,0
2026-04-05,22,7,63,78,50,91,0
2026-04-05,22,8,60,74,45,89,0
2026-04-05,22,9,75,75,59,91,0
2026-04-05,22,10,56,56,44,68,0
2026-04-05,22,11,66,93,54,105,1
2026-04-05,22,12,83,109,70,122,1
2026-04-05,22,13,53,57,34,76,0
2026-04-05,22,14,58,63,49,72,0
2026-04-05,22,15,72,99,57,114,2
2026-04-05,22,16,53,53,37,69,1
2026-04-05,22,17,54,75,45,84,2
2026-04-05,22,18,67,98,51,114,0
2026-04-05,22,19,66,66,50,82,0
2026-04-05,22,20,80,117,64,133,2
2026-04-05,23,1,47,47,37,57,0
2026-04-05,23,2,56,56,44,68,1
2026-04-05,23,3,58,78,52,84,1
2026-04-05,23,4,68,68,49,87,1
2026-04-05,23,5,49,49,38,60,0
2026-04-05,23,6,58,76,41,93,1
2026-04-05,23,7,59,85,46,98,0
2026-04-05,23,8,82,95,66,111,1
2026-04-05,23,9,68,68,49,87,0
2026-04-05,23,10,61,61,48,74,1
2026-04-05,23,11,78,78,65,91,0
2026-04-05,23,12,61,61,47,75,1
2026-04-05,23,13,66,66,46,86,1
2026-04-05,23,14,65,66,53,78,1
2026-04-05,23,15,40,40,31,49,0
2026-04-05,23,16,73,87,54,106,1
2026-04-05,23,17,57,80,37,100,0
2026-04-05,23,18,67,88,48,107,0
2026-04-05,23,19,61,71,49,83,0
2026-04-05,23,20,56,56,43,69,0
2026-04-05,24,1,60,60,52,68,0
2026-04-05,24,2,71,79,52,98,1
2026-04-05,24,3,72,94,54,112,1
2026-04-05,24,4,73,106,53,126,1
2026-04-05,24,5,62,62,53,71,0
2026-04-05,24,6,62,62,55,69,0
2026-04-05,24,7,84,99,78,105,2
2026-04-05,24,8,60,74,41,93,0
2026-04-05,24,9,48,50,41,57,1
2026-04-05,24,10,50,50,44,56,0
2026-04-05,24,11,67,77,51,93,0
2026-04-05,24,12,71,71,60,82,0
2026-04-05,24,13,51,57,39,69,0
2026-04-05,24,14,71,103,63,111,1
2026-04-05,24,15,55,68,38,85,1
2026-04-05,24,16,62,80,50,92,1
2026-04-05,24,17,41,41,35,47,1
2026-04-05,24,18,75,75,66,84,0
2026-04-05,24,19,56,56,40,72,0
2026-04-05,24,20,43,43,36,50,0
2026-04-05,25,1,63,82,50,95,0
2026-04-05,25,2,62,63,56,69,0
2026-04-05,25,3,66,90,48,108,2
2026-04-05,25,4,72,72,67,77,0
2026-04-05,25,5,75,104,57,122,2
2026-04-05,25,6,93,93,74,112,0
2026-04-05,25,7,75,78,68,85,2
2026-04-05,25,8,69,102,55,116,0
2026-04-05,25,9,67,98,59,106,0
2026-04-05,25,10,73,73,62,84,0
2026-04-05,25,11,83,112,65,130,0
2026-04-05,25,12,68,68,63,73,1
2026-04-05,25,13,63,91,51,103,1
2026-04-05,25,14,74,79,62,91,0
2026-04-05,25,15,52,52,45,59,0
2026-04-05,25,16,70,102,58,114,2
2026-04-05,25,17,73,73,58,88,0
2026-04-05,25,18,81,110,64,127,2
2026-04-05,25,19,70,81,52,99,0
2026-04-05,25,20,75,87,60,102,0
2026-04-05,26,1,53,62,46,69,0
2026-04-05,26,2,60,88,47,101,2
2026-04-05,26,3,49,59,39,69,0
2026-04-05,26,4,68,74,53,89,1
2026-04-05,26,5,47,58,41,64,0
2026-04-05,26,6,56,83,42,97,0
2026-04-05,26,7,60,60,47,73,1
2026-04-05,26,8,56,56,51,61,0
2026-04-05,26,9,74,110,63,121,1
2026-04-05,26,10,54,58,41,71,0
2026-04-05,26,11,49,49,39,59,0
2026-04-05,26,12,47,51,42,56,1
2026-04-05,26,13,46,46,38,54,1
2026-04-05,26,14,89,105,70,124,0
2026-04-05,26,15,69,81,50,100,0
2026-04-05,26,16,63,63,50,76,1
2026-04-05,26,17,66,70,49,87,0
2026-04-05,26,18,67,97,53,111,2
2026-04-05,26,19,63,77,52,88,1
2026-04-05,26,20,36,36,30,42,0
2026-04-05,27,1,71,71,60,82,0
2026-04-05,27,2,74,96,66,104,0
2026-04-05,27,3,59,77,50,86,1
2026-04-05,27,4,90,113,79,124,2
2026-04-05,27,5,66,85,52,99,0
2026-04-05,27,6,64,73,57,80,1
2026-04-05,27,7,75,105,68,112,0
2026-04-05,27,8,74,98,56,116,1
2026-04-05,27,9,77,97,61,113,1
2026-04-05,27,10,60,86,51,95,1
2026-04-05,27,11,53,53,44,62,0
2026-04-05,27,12,78,78,67,89,1
2026-04-05,27,13,46,46,30,62,0
2026-04-05,27,14,84,118,68,134,1
2026-04-05,27,15,65,69,53,81,0
2026-04-05,27,16,67,85,57,95,0
2026-04-05,27,17,62,62,48,76,1
2026-04-05,27,18,69,101,64,106,2
2026-04-05,27,19,64,64,50,78,0
2026-04-05,27,20,60,87,49,98,2
2026-04-05,28,1,61,71,52,80,0
2026-04-05,28,2,83,83,67,99,0
2026-04-05,28,3,33,33,21,45,0
2026-04-05,28,4,93,93,73,113,0
2026-04-05,28,5,72,79,52,99,0
2026-04-05,28,6,48,57,42,63,1
2026-04-05,28,7,55,78,50,83,0
2026-04-05,28,8,73,105,61,117,0
2026-04-05,28,9,61,69,50,80,1
2026-04-05,28,10,64,64,54,74,0
2026-04-05,28,11,71,71,60,82,1
2026-04-05,28,12,50,64,36,78,1
2026-04-05,28,13,57,79,47,89,0
2026-04-05,28,14,83,118,64,137,1
2026-04-05,28,15,52,65,44,73,1
2026-04-05,28,16,71,71,60,82,2
2026-04-05,28,17,45,56,39,62,0
2026-04-05,28,18,67,100,47,120,2
2026-04-05,28,19,34,36,21,49,0
2026-04-05,28,20,50,50,43,57,0
2026-04-05,29,1,50,50,35,65,0
2026-04-05,29,2,50,55,34,71,1
2026-04-05,29,3,50,50,39,61,0
2026-04-05,29,4,61,90,47,104,1
2026-04-05,29,5,57,57,43,71,0
2026-04-05,29,6,64,70,49,85,0
2026-04-05,29,7,51,56,45,62,0
2026-04-05,29,8,50,73,34,89,0
2026-04-05,29,9,51,51,36,66,1
2026-04-05,29,10,50,73,37,86,0
2026-04-05,29,11,46,46,40,52,0
2026-04-05,29,12,54,72,36,90,1
2026-04-05,29,13,46,48,39,55,0
2026-04-05,29,14,65,73,46,92,1
2026-04-05,29,15,47,51,42,56,0
2026-04-05,29,16,44,54,37,61,0
2026-04-05,29,17,43,64,31,76,1
2026-04-05,29,18,63,63,43,83,1
2026-04-05,29,19,59,61,40,80,1
2026-04-05,29,20,46,55,30,71,1
2026-04-05,30,1,59,69,43,85,1
2026-04-05,30,2,59,67,52,74,0
2026-04-05,30,3,48,48,43,53,1
2026-04-05,30,4,77,104,62,119,2
2026-04-05,30,5,66,86,54,98,0
2026-04-05,30,6,74,74,61,87,0
2026-04-05,30,7,63,87,50,100,1
2026-04-05,30,8,72,100,55,117,1
2026-04-05,30,9,78,115,60,133,2
2026-04-05,30,10,61,61,41,81,0
2026-04-05,30,11,69,69,55,83,0
2026-04-05,30,12,67,81,61,87,1
2026-04-05,30,13,60,60,45,75,1
2026-04-05,30,14,82,82,62,102,1
2026-04-05,30,15,60,72,55,77,0
2026-04-05,30,16,87,87,70,104,2
2026-04-05,30,17,71,101,59,113,0
2026-04-05,30,18,68,68,53,83,0
2026-04-05,30,19,78,81,67,92,0
2026-04-05,30,20,50,60,43,67,0
2026-04-05,31,1,62,62,49,75,0
2026-04-05,31,2,60,60,54,66,1
2026-04-05,31,3,53,56,46,63,1
2026-04-05,31,4,66,81,50,97,2
2026-04-05,31,5,62,64,53,73,0
2026-04-05,31,6,62,88,52,98,1
2026-04-05,31,7,55,73,40,88,1
2026-04-05,31,8,62,62,53,71,1
2026-04-05,31,9,66,66,60,72,1
2026-04-05,31,10,70,89,62,97,2
2026-04-05,31,11,105,115,89,131,0
2026-04-05,31,12,95,95,78,112,2
2026-04-05,31,13,59,78,46,91,2
2026-04-05,31,14,68,91,61,98,2
2026-04-05,31,15,64,64,53,75,1
2026-04-05,31,16,58,73,45,86,0
2026-04-05,31,17,67,81,59,89,0
2026-04-05,31,18,70,95,55,110,2
2026-04-05,31,19,76,113,59,130,1
2026-04-05,31,20,60,80,52,88,1
2026-04-05,32,1,47,67,28,86,1
2026-04-05,32,2,61,82,42,101,2
2026-04-05,32,3,38,38,29,47,0
2026-04-05,32,4,45,62,35,72,0
2026-04-05,32,5,42,50,33,59,0
2026-04-05,32,6,28,28,16,40,0
2026-04-05,32,7,45,45,31,59,0
2026-04-05,32,8,48,52,32,68,0
2026-04-05,32,9,42,42,32,52,0
2026-04-05,32,10,42,42,22,62,0
2026-04-05,32,11,35,35,21,49,0
2026-04-05,32,12,60,75,40,95,1
2026-04-05,32,13,43,43,24,62,0
2026-04-05,32,14,24,24,18,30,0
2026-04-05,32,15,28,28,19,37,0
2026-04-05,32,16,39,43,33,49,0
2026-04-05,32,17,48,69,30,87,0
2026-04-05,32,18,47,47,27,67,0
2026-04-05,32,19,39,55,33,61,0
2026-04-05,32,20,38,49,19,68,0
2026-04-05,33,1,58,68,38,88,0
2026-04-05,33,2,44,44,35,53,1
2026-04-05,33,3,43,61,27,77,1
2026-04-05,33,4,42,42,33,51,0
2026-04-05,33,5,42,57,34,65,0
2026-04-05,33,6,52,56,39,69,1
2026-04-05,33,7,48,61,35,74,1
2026-04-05,33,8,48,48,38,58,1
2026-04-05,33,9,73,73,55,91,0
2026-04-05,33,10,50,63,45,68,0
2026-04-05,33,11,42,58,33,67,0
2026-04-05,33,12,68,68,48,88,0
2026-04-05,33,13,49,55,36,68,0
2026-04-05,33,14,67,67,47,87,0
2026-04-05,33,15,37,44,32,49,0
2026-04-05,33,16,69,88,53,104,1
2026-04-05,33,17,57,57,45,69,1
2026-04-05,33,18,46,46,31,61,0
2026-04-05,33,19,38,54,28,64,0
2026-04-05,33,20,50,50,42,58,1
2026-04-05,34,1,61,61,51,71,1
2026-04-05,34,2,66,90,57,99,2
2026-04-05,34,3,75,105,64,116,1
2026-04-05,34,4,66,78,49,95,1
2026-04-05,34,5,61,82,53,90,2
2026-04-05,34,6,64,76,57,83,2
2026-04-05,34,7,73,73,56,90,1
2026-04-05,34,8,78,82,71,89,0
2026-04-05,34,9,84,124,64,144,0
2026-04-05,34,10,54,54,40,68,0
2026-04-05,34,11,69,77,54,92,1
2026-04-05,34,12,92,130,78,144,3
2026-04-05,34,13,61,76,51,86,0
2026-04-05,34,14,84,125,74,135,0
2026-04-05,34,15,69,69,62,76,0
2026-04-05,34,16,49,67,35,81,2
2026-04-05,34,17,60,60,46,74,1
2026-04-05,34,18,86,86,69,103,0
2026-04-05,34,19,67,67,58,76,1
2026-04-05,34,20,63,88,50,101,1
2026-04-05,35,1,66,73,57,82,1
2026-04-05,35,2,80,81,63,98,0
2026-04-05,35,3,49,55,44,60,0
2026-04-05,35,4,47,47,37,57,1
2026-04-05,35,5,62,62,50,74,0
2026-04-05,35,6,54,54,49,59,0
2026-04-05,35,7,60,82,47,95,1
2026-04-05,35,8,53,53,39,67,0
2026-04-05,35,9,68,68,53,83,0
2026-04-05,35,10,66,79,49,96,1
2026-04-05,35,11,32,45,26,51,0
2026-04-05,35,12,55,78,48,85,0
2026-04-05,35,13,53,60,46,67,0
2026-04-05,35,14,62,76,50,88,1
2026-04-05,35,15,58,64,50,72,1
2026-04-05,35,16,58,58,53,63,0
2026-04-05,35,17,60,83,40,103,0
2026-04-05,35,18,43,54,38,59,0
2026-04-05,35,19,59,59,48,70,1
2026-04-05,35,20,54,72,42,84,0
2026-04-05,36,1,57,73,40,90,2
2026-04-05,36,2,50,50,34,66,1
2026-04-05,36,3,40,55,21,74,1
2026-04-05,36,4,55,57,41,71,1
2026-04-05,36,5,40,40,20,60,0
2026-04-05,36,6,48,69,32,85,0
2026-04-05,36,7,60,60,41,79,0
2026-04-05,36,8,30,41,17,54,0
2026-04-05,36,9,70,94,54,110,1
2026-04-05,36,10,37,53,27,63,1
2026-04-05,36,11,66,66,54,78,1
2026-04-05,36,12,45,45,29,61,0
2026-04-05,36,13,49,49,30,68,0
2026-04-05,36,14,46,52,39,59,1
2026-04-05,36,15,40,40,33,47,0
2026-04-05,36,16,60,60,44,76,0
2026-04-05,36,17,33,49,20,62,0
2026-04-05,36,18,45,45,34,56,0
2026-04-05,36,19,30,30,20,40,0
2026-04-05,36,20,44,45,36,53,0
2026-04-05,37,1,70,102,53,119,2
2026-04-05,37,2,76,76,57,95,0
2026-04-05,37,3,47,47,35,59,0
2026-04-05,37,4,53,63,44,72,1
2026-04-05,37,5,52,56,43,65,1
2026-04-05,37,6,61,75,51,85,1
2026-04-05,37,7,56,56,43,69,1
2026-04-05,37,8,59,59,47,71,1
2026-04-05,37,9,57,57,48,66,0
2026-04-05,37,10,50,72,41,81,0
2026-04-05,37,11,70,70,54,86,0
2026-04-05,37,12,59,66,51,74,0
2026-04-05,37,13,47,52,37,62,1
2026-04-05,37,14,85,124,66,143,0
2026-04-05,37,15,47,64,42,69,1
2026-04-05,37,16,72,77,52,97,0
2026-04-05,37,17,56,62,40,78,1
2026-04-05,37,18,70,89,60,99,0
2026-04-05,37,19,60,79,42,97,2
2026-04-05,37,20,51,51,42,60,0
2026-04-05,38,1,51,74,39,86,0
2026-04-05,38,2,57,57,44,70,1
2026-04-05,38,3,40,53,33,60,0
2026-04-05,38,4,63,76,45,94,0
2026-04-05,38,5,40,40,33,47,0
2026-04-05,38,6,40,43,34,49,0
2026-04-05,38,7,65,65,49,81,0
2026-04-05,38,8,53,74,47,80,0
2026-04-05,38,9,50,54,43,61,1
2026-04-05,38,10,53,62,40,75,0
2026-04-05,38,11,57,57,45,69,1
2026-04-05,38,12,50,54,36,68,0
2026-04-05,38,13,48,53,37,64,1
2026-04-05,38,14,53,53,42,64,1
2026-04-05,38,15,45,48,40,53,0
2026-04-05,38,16,51,52,34,69,0
2026-04-05,38,17,39,39,27,51,0
2026-04-05,38,18,57,77,39,95,1
2026-04-05,38,19,42,42,28,56,0
2026-04-05,38,20,47,64,35,76,1
2026-04-05,39,1,47,47,33,61,0
2026-04-05,39,2,73,78,61,90,0
2026-04-05,39,3,57,80,42,95,1
2026-04-05,39,4,72,89,64,97,1
2026-04-05,39,5,60,60,51,69,1
2026-04-05,39,6,70,91,55,106,1
2026-04-05,39,7,78,91,62,107,0
2026-04-05,39,8,63,63,49,77,1
2026-04-05,39,9,64,83,54,93,1
2026-04-05,39,10,60,61,51,70,0
2026-04-05,39,11,57,57,52,62,0
2026-04-05,39,12,59,60,41,78,0
2026-04-05,39,13,61,61,49,73,0
2026-04-05,39,14,67,67,48,86,1
2026-04-05,39,15,56,68,45,79,0
2026-04-05,39,16,56,56,51,61,1
2026-04-05,39,17,55,80,49,86,2
2026-04-05,39,18,85,85,69,101,0
2026-04-05,39,19,57,57,47,67,0
2026-04-05,39,20,57,84,46,95,2
2026-04-05,40,1,73,74,53,94,0
2026-04-05,40,2,74,82,58,98,1
2026-04-05,40,3,51,51,44,58,0
2026-04-05,40,4,70,92,52,110,2
2026-04-05,40,5,61,61,48,74,0
2026-04-05,40,6,49,49,42,56,0
2026-04-05,40,7,65,65,45,85,0
2026-04-05,40,8,60,75,49,86,0
2026-04-05,40,9,51,70,32,89,0
2026-04-05,40,10,61,65,53,73,0
2026-04-05,40,11,80,102,63,119,0
2026-04-05,40,12,69,80,49,100,0
2026-04-05,40,13,54,58,39,73,1
2026-04-05,40,14,88,94,73,109,0
2026-04-05,40,15,58,71,45,84,0
2026-04-05,40,16,61,61,54,68,0
2026-04-05,40,17,54,60,36,78,0
2026-04-05,40,18,66,71,46,91,2
2026-04-05,40,19,76,76,61,91,0
2026-04-05,40,20,56,56,50,62,0
2026-04-05,41,1,46,46,32,60,0
2026-04-05,41,2,56,56,43,69,0
2026-04-05,41,3,32,32,19,45,0
2026-04-05,41,4,37,37,29,45,1
2026-04-05,41,5,47,47,29,65,1
2026-04-05,41,6,54,54,36,72,0
2026-04-05,41,7,45,53,39,59,0
2026-04-05,41,8,36,39,30,45,0
2026-04-05,41,9,44,44,39,49,1
2026-04-05,41,10,46,46,36,56,0
2026-04-05,41,11,70,81,53,98,1
2026-04-05,41,12,43,43,28,58,1
2026-04-05,41,13,41,55,28,68,0
2026-04-05,41,14,54,54,39,69,1
2026-04-05,41,15,56,71,36,91,1
2026-04-05,41,16,51,53,44,60,1
2026-04-05,41,17,39,39,24,54,0
2026-04-05,41,18,58,58,49,67,0
2026-04-05,41,19,27,39,19,47,1
2026-04-05,41,20,39,43,32,50,0
2026-04-05,42,1,52,52,36,68,0
2026-04-05,42,2,51,53,37,67,1
2026-04-05,42,3,50,50,44,56,0
2026-04-05,42,4,55,55,47,63,0
2026-04-05,42,5,73,83,61,95,1
2026-04-05,42,6,59,59,39,79,1
2026-04-05,42,7,49,56,42,63,1
2026-04-05,42,8,63,63,47,79,0
2026-04-05,42,9,48,48,39,57,1
2026-04-05,42,10,34,38,24,48,0
2026-04-05,42,11,55,55,49,61,1
2026-04-05,42,12,42,54,37,59,1
2026-04-05,42,13,48,54,34,68,1
2026-04-05,42,14,51,51,44,58,0
2026-04-05,42,15,60,61,47,74,0
2026-04-05,42,16,66,76,48,94,0
2026-04-05,42,17,36,49,28,57,0
2026-04-05,42,18,37,37,30,44,0
2026-04-05,42,19,65,65,49,81,0
2026-04-05,42,20,42,42,37,47,0
2026-04-05,43,1,66,66,61,71,1
2026-04-05,43,2,73,101,66,108,0
2026-04-05,43,3,68,101,61,108,1
2026-04-05,43,4,78,81,65,94,1
2026-04-05,43,5,59,63,54,68,0
2026-04-05,43,6,69,69,59,79,0
2026-04-05,43,7,84,92,66,110,2
2026-04-05,43,8,73,74,54,93,0
2026-04-05,43,9,64,64,52,76,1
2026-04-05,43,10,63,63,58,68,1
2026-04-05,43,11,65,66,53,78,0
2026-04-05,43,12,94,94,79,109,0
2026-04-05,43,13,52,71,35,88,0
2026-04-05,43,14,65,88,60,93,0
2026-04-05,43,15,86,86,78,94,1
2026-04-05,43,16,64,92,49,107,1
2026-04-05,43,17,57,62,48,71,1
2026-04-05,43,18,61,64,46,79,0
2026-04-05,43,19,66,98,51,113,1
2026-04-05,43,20,65,78,57,86,1
2026-04-05,44,1,57,57,39,75,0
2026-04-05,44,2,44,54,27,71,1
2026-04-05,44,3,56,56,41,71,0
2026-04-05,44,4,43,47,37,53,0
2026-04-05,44,5,45,45,32,58,0
2026-04-05,44,6,44,62,36,70,0
2026-04-05,44,7,54,60,39,75,1
2026-04-05,44,8,59,59,39,79,0
2026-04-05,44,9,65,65,45,85,1
2026-04-05,44,10,46,51,38,59,1
2026-04-05,44,11,62,62,48,76,1
2026-04-05,44,12,63,71,53,81,2
2026-04-05,44,13,60,60,50,70,0
2026-04-05,44,14,49,53,35,67,1
2026-04-05,44,15,52,52,37,67,0
2026-04-05,44,16,84,84,64,104,0
2026-04-05,44,17,63,92,43,112,1
2026-04-05,44,18,36,53,26,63,1
2026-04-05,44,19,53,72,41,84,0
2026-04-05,44,20,61,67,43,85,0
2026-04-05,45,1,88,122,68,142,1
2026-04-05,45,2,62,62,49,75,1
2026-04-05,45,3,67,67,48,86,0
2026-04-05,45,4,78,115,63,130,0
2026-04-05,45,5,66,66,52,80,1
2026-04-05,45,6,56,62,38,80,0
2026-04-05,45,7,65,74,46,93,1
2026-04-05,45,8,66,94,56,104,0
2026-04-05,45,9,59,59,49,69,0
2026-04-05,45,10,43,43,31,55,0
2026-04-05,45,11,61,62,48,75,0
2026-04-05,45,12,63,63,51,75,0
2026-04-05,45,13,61,71,49,83,2
2026-04-05,45,14,52,52,46,58,1
2026-04-05,45,15,58,68,45,81,0
2026-04-05,45,16,59,84,53,90,0
2026-04-05,45,17,57,60,51,66,1
2026-04-05,45,18,62,65,49,78,1
2026-04-05,45,19,56,57,48,65,1
2026-04-05,45,20,55,57,48,64,0
2026-04-05,46,1,58,58,52,64,1
2026-04-05,46,2,65,65,58,72,1
2026-04-05,46,3,56,60,42,74,0
2026-04-05,46,4,55,55,45,65,0
2026-04-05,46,5,79,109,69,119,3
2026-04-05,46,6,83,106,77,112,2
2026-04-05,46,7,64,64,55,73,1
2026-04-05,46,8,80,80,63,97,0
2026-04-05,46,9,82,82,66,98,2
2026-04-05,46,10,66,66,51,81,0
2026-04-05,46,11,74,102,64,112,0
2026-04-05,46,12,47,69,42,74,1
2026-04-05,46,13,66,78,61,83,2
2026-04-05,46,14,89,89,79,99,0
2026-04-05,46,15,76,85,67,94,1
2026-04-05,46,16,79,106,61,124,1
2026-04-05,46,17,68,68,59,77,1
2026-04-05,46,18,61,61,46,76,1
2026-04-05,46,19,58,82,49,91,0
2026-04-05,46,20,62,62,50,74,0
2026-04-05,47,1,69,82,54,97,1
2026-04-05,47,2,66,78,61,83,2
2026-04-05,47,3,72,72,66,78,0
2026-04-05,47,4,79,79,73,85,0
2026-04-05,47,5,83,83,71,95,2
2026-04-05,47,6,115,166,100,181,1
2026-04-05,47,7,102,146,85,163,1
2026-04-05,47,8,109,110,92,127,3
2026-04-05,47,9,60,75,49,86,1
2026-04-05,47,10,83,116,74,125,2
2026-04-05,47,11,59,59,50,68,1
2026-04-05,47,12,96,96,79,113,2
2026-04-05,47,13,83,86,77,92,0
2026-04-05,47,14,87,128,80,135,2
2026-04-05,47,15,77,106,63,120,1
2026-04-05,47,16,85,85,71,99,0
2026-04-05,47,17,93,127,75,145,0
2026-04-05,47,18,90,100,70,120,2
2026-04-05,47,19,84,116,64,136,0
2026-04-05,47,20,83,118,68,133,2
2026-04-05,48,1,43,58,26,75,0
2026-04-05,48,2,41,41,29,53,0
2026-04-05,48,3,33,34,21,46,0
2026-04-05,48,4,63,90,50,103,2
2026-04-05,48,5,60,60,40,80,0
2026-04-05,48,6,63,63,48,78,1
2026-04-05,48,7,43,49,25,67,0
2026-04-05,48,8,52,69,33,88,1
2026-04-05,48,9,59,61,39,81,0
2026-04-05,48,10,52,52,44,60,0
2026-04-05,48,11,56,59,36,79,0
2026-04-05,48,12,56,61,45,72,0
2026-04-05,48,13,58,58,46,70,0
2026-04-05,48,14,67,82,53,96,2
2026-04-05,48,15,61,84,42,103,2
2026-04-05,48,16,54,78,49,83,0
2026-04-05,48,17,73,73,58,88,1
2026-04-05,48,18,36,41,16,61,0
2026-04-05,48,19,52,61,37,76,1
2026-04-05,48,20,63,63,43,83,1
2026-04-05,49,1,34,40,24,50,0
2026-04-05,49,2,43,52,33,62,0
2026-04-05,49,3,50,54,37,67,0
2026-04-05,49,4,48,68,34,82,1
2026-04-05,49,5,46,48,37,57,0
2026-04-05,49,6,38,38,25,51,0
2026-04-05,49,7,50,56,37,69,0
2026-04-05,49,8,39,48,28,59,1
2026-04-05,49,9,57,80,41,96,0
2026-04-05,49,10,51,65,31,85,0
2026-04-05,49,11,56,56,50,62,1
2026-04-05,49,12,43,54,37,60,0
2026-04-05,49,13,41,55,33,63,1
2026-04-05,49,14,49,63,40,72,1
2026-04-05,49,15,48,55,34,69,0
2026-04-05,49,16,45,62,29,78,0
2026-04-05,49,17,43,58,35,66,0
2026-04-05,49,18,57,57,44,70,0
2026-04-05,49,19,45,46,37,54,1
2026-04-05,49,20,43,50,28,65,0
2026-04-05,50,1,64,71,45,90,1
2026-04-05,50,2,66,66,58,74,0
2026-04-05,50,3,47,47,36,58,1
2026-04-05,50,4,87,87,68,106,1
2026-04-05,50,5,48,68,33,83,1
2026-04-05,50,6,39,39,33,45,0
2026-04-05,50,7,50,50,44,56,1
2026-04-05,50,8,80,106,60,126,1
2026-04-05,50,9,51,59,43,67,0
2026-04-05,50,10,46,46,36,56,0
2026-04-05,50,11,67,93,50,110,1
2026-04-05,50,12,65,65,59,71,1
2026-04-05,50,13,53,65,46,72,0
2026-04-05,50,14,66,85,46,105,1
2026-04-05,50,15,44,44,34,54,1
2026-04-05,50,16,65,65,45,85,1
2026-04-05,50,17,40,50,35,55,0
2026-04-05,50,18,63,63,57,69,0
2026-04-05,50,19,55,81,42,94,1
2026-04-05,50,20,63,78,46,95,0
2026-04-12,1,1,68,70,51,87,0
2026-04-12,1,2,69,69,52,86,1
2026-04-12,1,3,73,73,55,91,2
2026-04-12,1,4,68,85,56,97,2
2026-04-12,1,5,41,42,28,55,0
2026-04-12,1,6,66,66,48,84,1
2026-04-12,1,7,63,63,55,71,0
2026-04-12,1,8,55,55,44,66,1
2026-04-12,1,9,52,52,34,70,1
2026-04-12,1,10,51,63,46,68,1
2026-04-12,1,11,70,88,53,105,1
2026-04-12,1,12,52,68,47,73,0
2026-04-12,1,13,45,67,40,72,0
2026-04-12,1,14,60,76,51,85,0
2026-04-12,1,15,46,47,40,53,0
2026-04-12,1,16,47,65,40,72,0
2026-04-12,1,17,48,48,42,54,0
2026-04-12,1,18,69,94,51,112,2
2026-04-12,1,19,62,92,43,111,1
2026-04-12,1,20,55,57,49,63,1
2026-04-12,2,1,51,73,38,86,0
2026-04-12,2,2,57,68,41,84,1
2026-04-12,2,3,44,44,29,59,1
2026-04-12,2,4,48,48,36,60,0
2026-04-12,2,5,46,49,31,64,0
2026-04-12,2,6,54,54,46,62,1
2026-04-12,2,7,57,57,40,74,0
2026-04-12,2,8,62,62,56,68,0
2026-04-12,2,9,48,56,39,65,0
2026-04-12,2,10,53,72,39,86,1
2026-04-12,2,11,62,87,42,107,1
2026-04-12,2,12,47,47,40,54,0
2026-04-12,2,13,50,60,44,66,1
2026-04-12,2,14,64,95,50,109,2
2026-04-12,2,15,68,93,59,102,1
2026-04-12,2,16,60,60,55,65,0
2026-04-12,2,17,23,31,11,43,0
2026-04-12,2,18,52,52,38,66,0
2026-04-12,2,19,48,50,37,61,0
2026-04-12,2,20,48,69,39,78,0
2026-04-12,3,1,99,99,86,112,0
2026-04-12,3,2,71,73,63,81,1
2026-04-12,3,3,49,58,31,76,0
2026-04-12,3,4,80,80,62,98,0
2026-04-12,3,5,46,46,32,60,0
2026-04-12,3,6,38,48,26,60,0
2026-04-12,3,7,46,46,39,53,1
2026-04-12,3,8,47,51,40,58,0
2026-04-12,3,9,58,81,46,93,1
2026-04-12,3,10,49,60,39,70,1
2026-04-12,3,11,78,106,58,126,1
2026-04-12,3,12,65,85,50,100,2
2026-04-12,3,13,54,63,49,68,0
2026-04-12,3,14,46,59,41,64,1
2026-04-12,3,15,49,68,39,78,0
2026-04-12,3,16,58,58,45,71,0
2026-04-12,3,17,37,40,32,45,1
2026-04-12,3,18,72,72,55,89,1
2026-04-12,3,19,38,38,29,47,0
2026-04-12,3,20,61,65,51,75,0
2026-04-12,4,1,52,75,47,80,0
2026-04-12,4,2,79,105,71,113,1
2026-04-12,4,3,51,51,42,60,1
2026-04-12,4,4,71,71,58,84,1
2026-04-12,4,5,63,63,54,72,1
2026-04-12,4,6,64,66,56,74,0
2026-04-12,4,7,99,99,80,118,0
2026-04-12,4,8,72,107,65,114,2
2026-04-12,4,9,79,105,66,118,2
2026-04-12,4,10,60,85,45,100,1
2026-04-12,4,11,69,71,59,81,1
2026-04-12,4,12,61,61,43,79,0
2026-04-12,4,13,65,65,52,78,1
2026-04-12,4,14,71,106,55,122,2
2026-04-12,4,15,54,54,46,62,1
2026-04-12,4,16,81,104,64,121,1
2026-04-12,4,17,52,70,36,86,0
2026-04-12,4,18,58,71,46,83,1
2026-04-12,4,19,55,55,49,61,1
2026-04-12,4,20,50,54,45,59,0
2026-04-12,5,1,46,46,31,61,0
2026-04-12,5,2,36,39,30,45,0
2026-04-12,5,3,34,43,21,56,0
2026-04-12,5,4,41,41,33,49,0
2026-04-12,5,5,39,44,28,55,0
2026-04-12,5,6,35,39,27,47,0
2026-04-12,5,7,52,52,37,67,0
2026-04-12,5,8,33,37,27,43,0
2026-04-12,5,9,42,42,32,52,0
2026-04-12,5,10,28,28,22,34,0
2026-04-12,5,11,45,45,29,61,0
2026-04-12,5,12,31,42,26,47,1
2026-04-12,5,13,13,13,8,18,0
2026-04-12,5,14,29,33,20,42,0
2026-04-12,5,15,44,55,28,71,1
2026-04-12,5,16,34,43,28,49,0
2026-04-12,5,17,47,47,35,59,0
2026-04-12,5,18,34,36,26,44,0
2026-04-12,5,19,41,41,29,53,0
2026-04-12,5,20,26,31,17,40,0
2026-04-12,6,1,56,56,45,67,1
2026-04-12,6,2,83,90,73,100,1
2026-04-12,6,3,70,84,52,102,1
2026-04-12,6,4,80,80,71,89,1
2026-04-12,6,5,57,72,38,91,1
2026-04-12,6,6,57,82,51,88,1
2026-04-12,6,7,47,47,42,52,0
2026-04-12,6,8,61,73,42,92,1
2026-04-12,6,9,82,82,63,101,0
2026-04-12,6,10,67,100,59,108,0
2026-04-12,6,11,61,63,52,72,0
2026-04-12,6,12,62,62,53,71,1
2026-04-12,6,13,37,37,26,48,0
2026-04-12,6,14,65,65,47,83,0
2026-04-12,6,15,62,62,48,76,0
2026-04-12,6,16,47,60,39,68,1
2026-04-12,6,17,56,83,37,102,2
2026-04-12,6,18,60,80,42,98,0
2026-04-12,6,19,44,44,32,56,0
2026-04-12,6,20,54,54,36,72,0
2026-04-12,7,1,61,61,54,68,1
2026-04-12,7,2,59,71,52,78,1
2026-04-12,7,3,47,47,30,64,0
2026-04-12,7,4,98,98,84,112,2
2026-04-12,7,5,39,53,25,67,0
2026-04-12,7,6,75,75,60,90,1
2026-04-12,7,7,44,51,36,59,1
2026-04-12,7,8,71,74,65,80,1
2026-04-12,7,9,50,50,36,64,1
2026-04-12,7,10,73,84,54,103,0
2026-04-12,7,11,71,71,65,77,0
2026-04-12,7,12,64,70,59,75,0
2026-04-12,7,13,69,69,51,87,0
2026-04-12,7,14,48,58,42,64,0
2026-04-12,7,15,64,77,51,90,0
2026-04-12,7,16,62,62,49,75,0
2026-04-12,7,17,46,57,35,68,0
2026-04-12,7,18,47,61,40,68,0
2026-04-12,7,19,65,65,51,79,1
2026-04-12,7,20,55,55,50,60,0
2026-04-12,8,1,50,61,38,73,1
2026-04-12,8,2,44,54,36,62,0
2026-04-12,8,3,43,60,37,66,1
2026-04-12,8,4,53,53,36,70,0
2026-04-12,8,5,33,33,24,42,0
2026-04-12,8,6,39,54,29,64,0
2026-04-12,8,7,41,47,34,54,1
2026-04-12,8,8,25,25,14,36,0
2026-04-12,8,9,37,37,24,50,0
2026-04-12,8,10,31,33,22,42,0
2026-04-12,8,11,42,49,34,57,0
2026-04-12,8,12,51,58,31,78,1
2026-04-12,8,13,34,44,22,56,0
2026-04-12,8,14,62,62,43,81,0
2026-04-12,8,15,32,35,27,40,0
2026-04-12,8,16,42,59,26,75,1
2026-04-12,8,17,40,40,31,49,0
2026-04-12,8,18,45,45,35,55,0
2026-04-12,8,19,42,42,32,52,1
2026-04-12,8,20,16,16,11,21,0
2026-04-12,9,1,61,61,49,73,0
2026-04-12,9,2,66,66,56,76,0
2026-04-12,9,3,57,57,52,62,0
2026-04-12,9,4,75,77,67,85,0
2026-04-12,9,5,84,120,73,131,1
2026-04-12,9,6,49,49,40,58,0
2026-04-12,9,7,64,64,49,79,1
2026-04-12,9,8,60,60,45,75,0
2026-04-12,9,9,61,61,50,72,0
2026-04-12,9,10,48,69,41,76,1
2026-04-12,9,11,84,85,71,98,0
2026-04-12,9,12,70,80,52,98,1
2026-04-12,9,13,51,73,45,79,1
2026-04-12,9,14,53,53,41,65,0
2026-04-12,9,15,90,107,77,120,1
2026-04-12,9,16,75,110,61,124,2
2026-04-12,9,17,57,71,52,76,2
2026-04-12,9,18,51,58,44,65,0
2026-04-12,9,19,48,48,40,56,0
2026-04-12,9,20,61,61,54,68,0
2026-04-12,10,1,71,93,66,98,1
2026-04-12,10,2,83,95,68,110,1
2026-04-12,10,3,67,67,61,73,1
2026-04-12,10,4,74,74,60,88,1
2026-04-12,10,5,97,97,80,114,1
2026-04-12,10,6,63,63,47,79,0
2026-04-12,10,7,92,92,81,103,0
2026-04-12,10,8,70,70,61,79,1
2026-04-12,10,9,92,135,74,153,3
2026-04-12,10,10,70,70,60,80,0
2026-04-12,10,11,83,112,67,128,1
2026-04-12,10,12,91,97,79,109,2
2026-04-12,10,13,98,98,78,118,0
2026-04-12,10,14,92,127,76,143,0
2026-04-12,10,15,85,118,65,138,2
2026-04-12,10,16,74,107,64,117,1
2026-04-12,10,17,62,62,48,76,0
2026-04-12,10,18,69,69,61,77,1
2026-04-12,10,19,75,110,61,124,2
2026-04-12,10,20,62,85,48,99,2
2026-04-12,11,1,58,58,47,69,0
2026-04-12,11,2,61,66,46,81,1
2026-04-12,11,3,39,39,30,48,0
2026-04-12,11,4,64,94,54,104,0
2026-04-12,11,5,29,39,19,49,0
2026-04-12,11,6,61,65,50,76,1
2026-04-12,11,7,51,51,40,62,1
2026-04-12,11,8,57,84,39,102,0
2026-04-12,11,9,66,66,57,75,1
2026-04-12,11,10,92,92,76,108,1
2026-04-12,11,11,80,114,60,134,0
2026-04-12,11,12,73,73,56,90,1
2026-04-12,11,13,67,93,54,106,2
2026-04-12,11,14,68,68,52,84,0
2026-04-12,11,15,75,79,57,97,0
2026-04-12,11,16,43,43,34,52,0
2026-04-12,11,17,51,51,42,60,0
2026-04-12,11,18,54,54,43,65,1
2026-04-12,11,19,40,52,32,60,1
2026-04-12,11,20,61,61,41,81,1
2026-04-12,12,1,55,56,48,63,0
2026-04-12,12,2,44,58,36,66,1
2026-04-12,12,3,46,53,26,73,0
2026-04-12,12,4,57,65,44,78,1
2026-04-12,12,5,35,43,24,54,1
2026-04-12,12,6,51,65,36,80,1
2026-04-12,12,7,62,62,48,76,1
2026-04-12,12,8,71,71,51,91,1
2026-04-12,12,9,94,94,74,114,1
2026-04-12,12,10,47,47,36,58,0
2026-04-12,12,11,64,81,49,96,1
2026-04-12,12,12,61,61,48,74,0
2026-04-12,12,13,50,61,40,71,1
2026-04-12,12,14,60,60,55,65,1
2026-04-12,12,15,70,96,53,113,1
2026-04-12,12,16,55,55,46,64,1
2026-04-12,12,17,46,46,32,60,1
2026-04-12,12,18,52,63,47,68,1
2026-04-12,12,19,43,43,33,53,0
2026-04-12,12,20,57,57,42,72,0
2026-04-12,13,1,73,100,58,115,1
2026-04-12,13,2,62,82,57,87,1
2026-04-12,13,3,70,70,61,79,0
2026-04-12,13,4,64,64,49,79,0
2026-04-12,13,5,95,106,75,126,0
2026-04-12,13,6,47,50,37,60,0
2026-04-12,13,7,59,59,47,71,1
2026-04-12,13,8,91,136,75,152,1
2026-04-12,13,9,94,105,76,123,0
2026-04-12,13,10,64,84,56,92,0
2026-04-12,13,11,72,72,52,92,1
2026-04-12,13,12,114,155,98,171,2
2026-04-12,13,13,42,42,32,52,0
2026-04-12,13,14,85,85,68,102,1
2026-04-12,13,15,68,68,56,80,0
2026-04-12,13,16,81,81,65,97,2
2026-04-12,13,17,77,77,71,83,1
2026-04-12,13,18,63,80,58,85,1
2026-04-12,13,19,90,90,77,103,0
2026-04-12,13,20,65,68,52,81,1
2026-04-12,14,1,62,77,45,94,0
2026-04-12,14,2,63,85,53,95,2
2026-04-12,14,3,53,64,46,71,0
2026-04-12,14,4,61,74,49,86,1
2026-04-12,14,5,52,52,39,65,1
2026-04-12,14,6,57,58,41,74,0
2026-04-12,14,7,70,97,55,112,2
2026-04-12,14,8,62,91,46,107,0
2026-04-12,14,9,63,63,45,81,0
2026-04-12,14,10,55,65,42,78,0
2026-04-12,14,11,67,67,55,79,0
2026-04-12,14,12,64,73,51,86,0
2026-04-12,14,13,69,72,51,90,1
2026-04-12,14,14,69,100,56,113,2
2026-04-12,14,15,68,96,48,116,0
2026-04-12,14,16,62,80,54,88,1
2026-04-12,14,17,49,49,42,56,0
2026-04-12,14,18,45,50,39,56,1
2026-04-12,14,19,53,53,45,61,0
2026-04-12,14,20,62,62,46,78,1
2026-04-12,15,1,47,52,35,64,0
2026-04-12,15,2,64,64,56,72,0
2026-04-12,15,3,38,43,32,49,0
2026-04-12,15,4,61,61,49,73,0
2026-04-12,15,5,35,35,27,43,0
2026-04-12,15,6,41,41,34,48,0
2026-04-12,15,7,59,85,48,96,1
2026-04-12,15,8,59,59,44,74,0
2026-04-12,15,9,48,48,43,53,0
2026-04-12,15,10,57,57,45,69,1
2026-04-12,15,11,53,53,43,63,0
2026-04-12,15,12,45,45,33,57,0
2026-04-12,15,13,48,57,37,68,1
2026-04-12,15,14,67,89,49,107,1
2026-04-12,15,15,61,83,43,101,0
2026-04-12,15,16,47,48,39,56,0
2026-04-12,15,17,31,40,21,50,1
2026-04-12,15,18,52,52,35,69,0
2026-04-12,15,19,40,42,27,55,0
2026-04-12,15,20,57,59,52,64,0
2026-04-12,16,1,60,82,42,100,0
2026-04-12,16,2,54,54,49,59,0
2026-04-12,16,3,49,65,39,75,0
2026-04-12,16,4,55,68,47,76,1
2026-04-12,16,5,40,43,33,50,0
2026-04-12,16,6,44,44,34,54,0
2026-04-12,16,7,58,58,43,73,0
2026-04-12,16,8,60,60,55,65,1
2026-04-12,16,9,57,57,39,75,1
2026-04-12,16,10,49,60,44,65,0
2026-04-12,16,11,59,85,47,97,0
2026-04-12,16,12,43,62,31,74,0
2026-04-12,16,13,50,57,40,67,0
2026-04-12,16,14,60,60,44,76,0
2026-04-12,16,15,55,60,44,71,1
2026-04-12,16,16,70,70,50,90,0
2026-04-12,16,17,42,42,33,51,1
2026-04-12,16,18,55,55,41,69,0
2026-04-12,16,19,49,56,38,67,1
2026-04-12,16,20,52,52,45,59,0
2026-04-12,17,1,40,40,35,45,0
2026-04-12,17,2,64,77,53,88,0
2026-04-12,17,3,57,77,37,97,0
2026-04-12,17,4,50,56,41,65,0
2026-04-12,17,5,49,68,33,84,0
2026-04-12,17,6,53,53,39,67,0
2026-04-12,17,7,63,63,46,80,1
2026-04-12,17,8,56,58,47,67,0
2026-04-12,17,9,46,49,41,54,0
2026-04-12,17,10,44,54,28,70,1
2026-04-12,17,11,51,67,38,80,1
2026-04-12,17,12,52,59,44,67,1
2026-04-12,17,13,32,35,27,40,0
2026-04-12,17,14,43,45,32,56,1
2026-04-12,17,15,38,38,32,44,0
2026-04-12,17,16,54,64,38,80,0
2026-04-12,17,17,42,56,34,64,0
2026-04-12,17,18,66,86,50,102,1
2026-04-12,17,19,28,31,20,39,0
2026-04-12,17,20,44,44,29,59,0
2026-04-12,18,1,79,79,59,99,0
2026-04-12,18,2,85,85,78,92,0
2026-04-12,18,3,74,101,62,113,0
2026-04-12,18,4,84,84,75,93,1
2026-04-12,18,5,58,75,53,80,0
2026-04-12,18,6,76,106,60,122,1
2026-04-12,18,7,70,87,65,92,2
2026-04-12,18,8,75,75,65,85,0
2026-04-12,18,9,95,137,76,156,2
2026-04-12,18,10,62,64,56,70,0
2026-04-12,18,11,88,113,72,129,2
2026-04-12,18,12,95,132,86,141,2
2026-04-12,18,13,88,88,78,98,1
2026-04-12,18,14,90,132,71,151,3
2026-04-12,18,15,80,117,70,127,0
2026-04-12,18,16,92,92,79,105,2
2026-04-12,18,17,77,77,65,89,1
2026-04-12,18,18,67,67,61,73,0
2026-04-12,18,19,70,100,57,113,2
2026-04-12,18,20,75,92,61,106,1
2026-04-12,19,1,55,82,45,92,2
2026-04-12,19,2,55,56,41,70,0
2026-04-12,19,3,55,60,42,73,0
2026-04-12,19,4,46,55,41,60,1
2026-04-12,19,5,52,52,41,63,0
2026-04-12,19,6,47,67,39,75,0
2026-04-12,19,7,65,85,58,92,2
2026-04-12,19,8,57,60,43,74,0
2026-04-12,19,9,64,64,47,81,1
2026-04-12,19,10,53,53,44,62,0
2026-04-12,19,11,51,71,37,85,0
2026-04-12,19,12,58,77,51,84,0
2026-04-12,19,13,54,54,45,63,1
2026-04-12,19,14,76,94,66,104,2
2026-04-12,19,15,56,56,48,64,0
2026-04-12,19,16,76,85,64,97,1
2026-04-12,19,17,52,52,39,65,1
2026-04-12,19,18,62,80,48,94,0
2026-04-12,19,19,55,80,41,94,2
2026-04-12,19,20,56,56,39,73,1
2026-04-12,20,1,70,102,61,111,2
2026-04-12,20,2,55,55,43,67,1
2026-04-12,20,3,32,41,24,49,1
2026-04-12,20,4,59,59,40,78,0
2026-04-12,20,5,45,45,29,61,0
2026-04-12,20,6,65,65,54,76,1
2026-04-12,20,7,53,53,33,73,0
2026-04-12,20,8,68,68,48,88,1
2026-04-12,20,9,69,81,52,98,1
2026-04-12,20,10,49,49,41,57,0
2026-04-12,20,11,80,86,60,106,1
2026-04-12,20,12,62,62,49,75,1
2026-04-12,20,13,58,58,53,63,1
2026-04-12,20,14,68,68,55,81,1
2026-04-12,20,15,57,71,47,81,0
2026-04-12,20,16,84,84,74,94,2
2026-04-12,20,17,49,65,31,83,1
2026-04-12,20,18,51,51,35,67,1
2026-04-12,20,19,57,57,39,75,1
2026-04-12,20,20,48,48,39,57,1
2026-04-12,21,1,44,63,39,68,1
2026-04-12,21,2,50,50,38,62,0
2026-04-12,21,3,42,56,34,64,0
2026-04-12,21,4,47,47,34,60,0
2026-04-12,21,5,37,50,30,57,1
2026-04-12,21,6,44,44,35,53,0
2026-04-12,21,7,55,55,41,69,1
2026-04-12,21,8,46,60,28,78,0
2026-04-12,21,9,55,80,47,88,0
2026-04-12,21,10,37,37,30,44,1
2026-04-12,21,11,56,69,39,86,1
2026-04-12,21,12,44,62,33,73,1
2026-04-12,21,13,51,51,45,57,0
2026-04-12,21,14,55,55,44,66,1
2026-04-12,21,15,50,74,40,84,0
2026-04-12,21,16,56,56,46,66,0
2026-04-12,21,17,50,50,35,65,1
2026-04-12,21,18,48,48,39,57,0
2026-04-12,21,19,47,60,29,78,1
2026-04-12,21,20,31,42,24,49,1
2026-04-12,22,1,85,85,65,105,0
2026-04-12,22,2,61,90,51,100,0
2026-04-12,22,3,64,64,48,80,1
2026-04-12,22,4,56,82,42,96,1
2026-04-12,22,5,53,67,42,78,1
2026-04-12,22,6,55,55,50,60,0
2026-04-12,22,7,59,80,53,86,1
2026-04-12,22,8,70,77,50,97,1
2026-04-12,22,9,52,52,36,68,0
2026-04-12,22,10,52,52,40,64,0
2026-04-12,22,11,68,68,49,87,1
2026-04-12,22,12,55,69,41,83,1
2026-04-12,22,13,61,61,49,73,1
2026-04-12,22,14,56,62,46,72,1
2026-04-12,22,15,63,63,52,74,1
2026-04-12,22,16,57,79,41,95,0
2026-04-12,22,17,59,59,42,76,0
2026-04-12,22,18,57,57,47,67,0
2026-04-12,22,19,73,77,55,95,0
2026-04-12,22,20,47,53,35,65,0
2026-04-12,23,1,56,59,44,71,0
2026-04-12,23,2,55,63,44,74,1
2026-04-12,23,3,47,47,36,58,0
2026-04-12,23,4,55,63,47,71,0
2026-04-12,23,5,68,98,50,116,1
2026-04-12,23,6,59,64,49,74,1
2026-04-12,23,7,63,63,46,80,1
2026-04-12,23,8,68,68,53,83,0
2026-04-12,23,9,63,63,53,73,1
2026-04-12,23,10,41,41,31,51,0
2026-04-12,23,11,61,86,53,94,0
2026-04-12,23,12,53,55,47,61,1
2026-04-12,23,13,57,82,43,96,1
2026-04-12,23,14,80,80,68,92,2
2026-04-12,23,15,55,55,50,60,1
2026-04-12,23,16,59,59,52,66,0
2026-04-12,23,17,57,57,37,77,0
2026-04-12,23,18,50,56,38,68,0
2026-04-12,23,19,52,71,42,81,0
2026-04-12,23,20,59,84,44,99,1
2026-04-12,24,1,73,88,55,106,0
2026-04-12,24,2,56,73,46,83,1
2026-04-12,24,3,62,78,44,96,0
2026-04-12,24,4,67,81,57,91,0
2026-04-12,24,5,74,74,55,93,0
2026-04-12,24,6,73,96,54,115,0
2026-04-12,24,7,75,97,66,106,1
2026-04-12,24,8,54,60,45,69,0
2026-04-12,24,9,58,80,48,90,0
2026-04-12,24,10,44,58,28,74,1
2026-04-12,24,11,63,63,50,76,0
2026-04-12,24,12,68,68,52,84,2
2026-04-12,24,13,54,72,39,87,0
2026-04-12,24,14,58,58,48,68,1
2026-04-12,24,15,61,74,46,89,0
2026-04-12,24,16,67,76,58,85,1
2026-04-12,24,17,47,63,39,71,0
2026-04-12,24,18,65,72,48,89,0
2026-04-12,24,19,65,90,47,108,1
2026-04-12,24,20,68,68,58,78,0
2026-04-12,25,1,85,93,65,113,0
2026-04-12,25,2,60,67,55,72,0
2026-04-12,25,3,78,78,73,83,0
2026-04-12,25,4,84,101,72,113,1
2026-04-12,25,5,65,65,58,72,1
2026-04-12,25,6,86,97,71,112,1
2026-04-12,25,7,76,76,60,92,0
2026-04-12,25,8,76,76,69,83,1
2026-04-12,25,9,81,88,61,108,0
2026-04-12,25,10,64,64,56,72,0
2026-04-12,25,11,69,69,58,80,1
2026-04-12,25,12,64,64,46,82,0
2026-04-12,25,13,45,57,31,71,0
2026-04-12,25,14,98,143,79,162,0
2026-04-12,25,15,73,78,66,85,1
2026-04-12,25,16,81,81,66,96,0
2026-04-12,25,17,73,98,57,114,1
2026-04-12,25,18,64,74,56,82,1
2026-04-12,25,19,61,61,51,71,1
2026-04-12,25,20,75,75,58,92,2
2026-04-12,26,1,61,88,45,104,0
2026-04-12,26,2,69,69,49,89,2
2026-04-12,26,3,47,59,41,65,0
2026-04-12,26,4,49,72,44,77,1
2026-04-12,26,5,54,74,42,86,0
2026-04-12,26,6,49,49,35,63,0
2026-04-12,26,7,35,45,26,54,0
2026-04-12,26,8,50,50,34,66,0
2026-04-12,26,9,64,76,44,96,1
2026-04-12,26,10,56,56,44,68,1
2026-04-12,26,11,55,55,35,75,0
2026-04-12,26,12,68,82,50,100,0
2026-04-12,26,13,61,72,52,81,1
2026-04-12,26,14,57,57,46,68,1
2026-04-12,26,15,67,67,49,85,0
2026-04-12,26,16,60,60,45,75,1
2026-04-12,26,17,55,81,35,101,1
2026-04-12,26,18,61,69,49,81,0
2026-04-12,26,19,67,71,54,84,1
2026-04-12,26,20,63,63,46,80,0
2026-04-12,27,1,70,75,60,85,1
2026-04-12,27,2,84,84,66,102,0
2026-04-12,27,3,73,108,54,127,1
2026-04-12,27,4,66,78,54,90,1
2026-04-12,27,5,74,102,56,120,1
2026-04-12,27,6,63,63,52,74,0
2026-04-12,27,7,77,77,64,90,1
2026-04-12,27,8,72,72,60,84,0
2026-04-12,27,9,83,109,64,128,0
2026-04-12,27,10,86,86,68,104,1
2026-04-12,27,11,62,62,52,72,1
2026-04-12,27,12,86,98,66,118,0
2026-04-12,27,13,83,83,64,102,0
2026-04-12,27,14,85,122,73,134,2
2026-04-12,27,15,75,109,59,125,1
2026-04-12,27,16,79,108,63,124,0
2026-04-12,27,17,70,93,51,112,0
2026-04-12,27,18,81,84,72,93,0
2026-04-12,27,19,66,69,48,87,2
2026-04-12,27,20,40,47,35,52,0
2026-04-12,28,1,64,64,51,77,1
2026-04-12,28,2,56,57,48,65,0
2026-04-12,28,3,75,82,55,102,2
2026-04-12,28,4,56,77,47,86,0
2026-04-12,28,5,47,47,39,55,0
2026-04-12,28,6,66,66,55,77,1
2026-04-12,28,7,76,89,59,106,2
2026-04-12,28,8,90,133,72,151,2
2026-04-12,28,9,63,73,50,86,1
2026-04-12,28,10,56,56,48,64,1
2026-04-12,28,11,76,76,58,94,0
2026-04-12,28,12,84,84,64,104,0
2026-04-12,28,13,45,53,36,62,0
2026-04-12,28,14,74,104,56,122,0
2026-04-12,28,15,48,61,31,78,0
2026-04-12,28,16,97,138,78,157,3
2026-04-12,28,17,49,56,40,65,0
2026-04-12,28,18,60,81,41,100,0
2026-04-12,28,19,61,61,50,72,0
2026-04-12,28,20,69,85,51,103,0
2026-04-12,29,1,55,57,37,75,1
2026-04-12,29,2,58,68,47,79,1
2026-04-12,29,3,64,81,48,97,0
2026-04-12,29,4,59,86,42,103,2
2026-04-12,29,5,49,61,37,73,0
2026-04-12,29,6,54,70,45,79,0
2026-04-12,29,7,52,74,43,83,0
2026-04-12,29,8,51,51,32,70,1
2026-04-12,29,9,53,53,44,62,0
2026-04-12,29,10,59,71,45,85,0
2026-04-12,29,11,64,64,54,74,1
2026-04-12,29,12,50,50,41,59,0
2026-04-12,29,13,76,76,63,89,1
2026-04-12,29,14,43,59,36,66,1
2026-04-12,29,15,42,61,36,67,0
2026-04-12,29,16,66,84,47,103,0
2026-04-12,29,17,48,48,34,62,1
2026-04-12,29,18,61,61,52,70,0
2026-04-12,29,19,45,45,38,52,0
2026-04-12,29,20,54,55,48,61,1
2026-04-12,30,1,74,88,55,107,1
2026-04-12,30,2,63,63,52,74,1
2026-04-12,30,3,70,70,60,80,1
2026-04-12,30,4,75,81,65,91,1
2026-04-12,30,5,57,57,52,62,0
2026-04-12,30,6,69,94,49,114,0
2026-04-12,30,7,69,69,61,77,0
2026-04-12,30,8,76,76,58,94,0
2026-04-12,30,9,66,66,55,77,0
2026-04-12,30,10,65,65,52,78,0
2026-04-12,30,11,78,78,59,97,0
2026-04-12,30,12,95,131,76,150,3
2026-04-12,30,13,63,63,50,76,1
2026-04-12,30,14,91,105,71,125,0
2026-04-12,30,15,78,116,66,128,2
2026-04-12,30,16,69,69,53,85,1
2026-04-12,30,17,53,75,37,91,2
2026-04-12,30,18,66,76,57,85,0
2026-04-12,30,19,86,86,73,99,1
2026-04-12,30,20,72,83,53,102,0
2026-04-12,31,1,61,75,48,88,1
2026-04-12,31,2,39,58,25,72,1
2026-04-12,31,3,74,74,56,92,1
2026-04-12,31,4,81,119,66,134,0
2026-04-12,31,5,79,111,62,128,2
2026-04-12,31,6,63,63,58,68,1
2026-04-12,31,7,71,71,63,79,1
2026-04-12,31,8,47,47,36,58,0
2026-04-12,31,9,103,103,91,115,1
2026-04-12,31,10,69,69,50,88,0
2026-04-12,31,11,82,82,63,101,0
2026-04-12,31,12,79,79,59,99,0
2026-04-12,31,13,58,66,50,74,0
2026-04-12,31,14,90,90,84,96,1
2026-04-12,31,15,54,61,44,71,0
2026-04-12,31,16,82,93,64,111,0
2026-04-12,31,17,62,84,52,94,0
2026-04-12,31,18,68,86,55,99,1
2026-04-12,31,19,47,51,36,62,0
2026-04-12,31,20,61,61,49,73,0
2026-04-12,32,1,39,47,28,58,0
2026-04-12,32,2,46,46,39,53,1
2026-04-12,32,3,30,41,20,51,0
2026-04-12,32,4,50,50,35,65,0
2026-04-12,32,5,50,62,32,80,0
2026-04-12,32,6,46,51,31,66,1
2026-04-12,32,7,43,43,31,55,0
2026-04-12,32,8,53,64,35,82,1
2026-04-12,32,9,49,49,33,65,0
2026-04-12,32,10,44,44,26,62,0
2026-04-12,32,11,50,50,33,67,0
2026-04-12,32,12,47,47,28,66,1
2026-04-12,32,13,33,37,27,43,1
2026-04-12,32,14,49,65,37,77,0
2026-04-12,32,15,47,62,29,80,1
2026-04-12,32,16,32,32,21,43,0
2026-04-12,32,17,42,52,32,62,1
2026-04-12,32,18,54,62,34,82,0
2026-04-12,32,19,36,43,29,50,0
2026-04-12,32,20,35,48,29,54,0
2026-04-12,33,1,58,71,38,91,1
2026-04-12,33,2,57,66,52,71,1
2026-04-12,33,3,45,53,39,59,0
2026-04-12,33,4,64,64,52,76,0
2026-04-12,33,5,65,91,52,104,0
2026-04-12,33,6,42,42,37,47,0
2026-04-12,33,7,52,52,41,63,0
2026-04-12,33,8,62,76,44,94,0
2026-04-12,33,9,54,55,37,72,0
2026-04-12,33,10,50,50,41,59,0
2026-04-12,33,11,60,69,42,87,0
2026-04-12,33,12,51,68,35,84,1
2026-04-12,33,13,62,90,45,107,1
2026-04-12,33,14,48,66,38,76,0
2026-04-12,33,15,58,66,46,78,0
2026-04-12,33,16,30,30,20,40,0
2026-04-12,33,17,36,36,30,42,0
2026-04-12,33,18,52,73,41,84,1
2026-04-12,33,19,65,80,54,91,0
2026-04-12,33,20,50,60,33,77,1
2026-04-12,34,1,74,74,65,83,0
2026-04-12,34,2,69,89,52,106,1
2026-04-12,34,3,77,93,59,111,1
2026-04-12,34,4,67,87,51,103,0
2026-04-12,34,5,61,61,42,80,0
2026-04-12,34,6,65,65,57,73,0
2026-04-12,34,7,87,102,71,118,0
2026-04-12,34,8,66,66,53,79,1
2026-04-12,34,9,74,108,57,125,2
2026-04-12,34,10,64,75,55,84,0
2026-04-12,34,11,58,68,42,84,1
2026-04-12,34,12,78,78,59,97,0
2026-04-12,34,13,56,76,43,89,2
2026-04-12,34,14,92,96,83,105,0
2026-04-12,34,15,72,72,59,85,0
2026-04-12,34,16,75,89,70,94,2
2026-04-12,34,17,77,100,72,105,0
2026-04-12,34,18,67,81,57,91,1
2026-04-12,34,19,59,61,48,72,0
2026-04-12,34,20,55,78,42,91,1
2026-04-12,35,1,58,72,50,80,0
2026-04-12,35,2,58,58,53,63,1
2026-04-12,35,3,52,66,38,80,0
2026-04-12,35,4,58,60,51,67,1
2026-04-12,35,5,65,74,58,81,1
2026-04-12,35,6,56,56,42,70,1
2026-04-12,35,7,63,63,46,80,0
2026-04-12,35,8,54,54,46,62,1
2026-04-12,35,9,64,64,45,83,1
2026-04-12,35,10,48,67,43,72,0
2026-04-12,35,11,41,41,35,47,0
2026-04-12,35,12,57,76,51,82,2
2026-04-12,35,13,59,59,42,76,1
2026-04-12,35,14,62,62,51,73,1
2026-04-12,35,15,53,53,48,58,0
2026-04-12,35,16,50,66,40,76,0
2026-04-12,35,17,78,110,58,130,3
2026-04-12,35,18,51,51,38,64,1
2026-04-12,35,19,59,66,40,85,1
2026-04-12,35,20,46,46,37,55,0
2026-04-12,36,1,36,36,26,46,1
2026-04-12,36,2,57,81,51,87,0
2026-04-12,36,3,34,34,20,48,0
2026-04-12,36,4,64,73,46,91,0
2026-04-12,36,5,41,41,30,52,0
2026-04-12,36,6,56,71,37,90,0
2026-04-12,36,7,45,49,34,60,0
2026-04-12,36,8,46,63,40,69,1
2026-04-12,36,9,52,52,36,68,0
2026-04-12,36,10,53,62,37,78,1
2026-04-12,36,11,58,77,39,96,1
2026-04-12,36,12,47,47,38,56,0
2026-04-12,36,13,39,48,33,54,0
2026-04-12,36,14,46,46,32,60,0
2026-04-12,36,15,37,43,31,49,0
2026-04-12,36,16,57,83,43,97,0
2026-04-12,36,17,31,46,21,56,0
2026-04-12,36,18,50,61,37,74,0
2026-04-12,36,19,38,54,33,59,0
2026-04-12,36,20,39,39,33,45,0
2026-04-12,37,1,55,55,44,66,0
2026-04-12,37,2,62,62,43,81,0
2026-04-12,37,3,60,87,44,103,1
2026-04-12,37,4,64,67,46,85,0
2026-04-12,37,5,72,106,58,120,1
2026-04-12,37,6,63,79,54,88,0
2026-04-12,37,7,73,74,53,94,0
2026-04-12,37,8,67,67,58,76,0
2026-04-12,37,9,67,87,51,103,1
2026-04-12,37,10,63,88,43,108,1
2026-04-12,37,11,68,77,51,94,2
2026-04-12,37,12,67,86,49,104,1
2026-04-12,37,13,36,53,31,58,0
2026-04-12,37,14,75,75,55,95,1
2026-04-12,37,15,84,86,64,106,1
2026-04-12,37,16,62,85,48,99,0
2026-04-12,37,17,75,76,58,93,0
2026-04-12,37,18,66,94,48,112,2
2026-04-12,37,19,46,61,41,66,1
2026-04-12,37,20,63,63,44,82,1
2026-04-12,38,1,59,82,52,89,0
2026-04-12,38,2,65,96,48,113,1
2026-04-12,38,3,39,44,29,54,1
2026-04-12,38,4,45,66,40,71,1
2026-04-12,38,5,40,52,35,57,0
2026-04-12,38,6,59,80,40,99,2
2026-04-12,38,7,47,57,33,71,0
2026-04-12,38,8,60,83,51,92,1
2026-04-12,38,9,50,50,42,58,0
2026-04-12,38,10,75,75,64,86,1
2026-04-12,38,11,65,97,59,103,1
2026-04-12,38,12,60,64,45,79,1
2026-04-12,38,13,55,55,45,65,0
2026-04-12,38,14,48,48,43,53,0
2026-04-12,38,15,53,56,46,63,0
2026-04-12,38,16,75,101,56,120,0
2026-04-12,38,17,49,67,33,83,0
2026-04-12,38,18,60,75,41,94,2
2026-04-12,38,19,40,41,31,50,0
2026-04-12,38,20,64,64,49,79,0
2026-04-12,39,1,53,57,38,72,0
2026-04-12,39,2,72,72,54,90,0
2026-04-12,39,3,61,61,45,77,0
2026-04-12,39,4,62,88,47,103,0
2026-04-12,39,5,77,92,57,112,2
2026-04-12,39,6,54,80,44,90,1
2026-04-12,39,7,67,78,56,89,1
2026-04-12,39,8,45,45,34,56,1
2026-04-12,39,9,75,75,59,91,0
2026-04-12,39,10,56,66,39,83,0
2026-04-12,39,11,65,65,54,76,0
2026-04-12,39,12,62,62,53,71,1
2026-04-12,39,13,46,56,37,65,1
2026-04-12,39,14,66,66,46,86,0
2026-04-12,39,15,58,69,48,79,0
2026-04-12,39,16,100,122,82,140,2
2026-04-12,39,17,64,85,44,105,2
2026-04-12,39,18,59,59,42,76,1
2026-04-12,39,19,50,50,36,64,1
2026-04-12,39,20,61,61,46,76,1
2026-04-12,40,1,82,103,63,122,1
2026-04-12,40,2,68,87,56,99,2
2026-04-12,40,3,70,89,58,101,0
2026-04-12,40,4,55,81,49,87,1
2026-04-12,40,5,51,67,41,77,0
2026-04-12,40,6,74,75,54,95,0
2026-04-12,40,7,64,94,52,106,0
2026-04-12,40,8,68,69,52,85,0
2026-04-12,40,9,71,105,55,121,2
2026-04-12,40,10,59,59,41,77,0
2026-04-12,40,11,69,81,55,95,0
2026-04-12,40,12,80,85,72,93,0
2026-04-12,40,13,57,57,42,72,1
2026-04-12,40,14,69,69,60,78,2
2026-04-12,40,15,66,66,57,75,1
2026-04-12,40,16,51,57,45,63,1
2026-04-12,40,17,59,59,50,68,0
2026-04-12,40,18,55,55,38,72,1
2026-04-12,40,19,61,83,53,91,2
2026-04-12,40,20,61,82,51,92,0
2026-04-12,41,1,52,65,47,70,0
2026-04-12,41,2,56,56,41,71,0
2026-04-12,41,3,38,39,32,45,1
2026-04-12,41,4,46,46,38,54,0
2026-04-12,41,5,43,43,24,62,0
2026-04-12,41,6,45,45,31,59,1
2026-04-12,41,7,56,56,38,74,1
2026-04-12,41,8,54,62,38,78,0
2026-04-12,41,9,55,55,38,72,0
2026-04-12,41,10,43,43,34,52,0
2026-04-12,41,11,51,51,41,61,0
2026-04-12,41,12,52,52,33,71,1
2026-04-12,41,13,41,47,31,57,0
2026-04-12,41,14,54,69,40,83,0
2026-04-12,41,15,42,58,31,69,0
2026-04-12,41,16,60,72,42,90,1
2026-04-12,41,17,36,52,27,61,1
2026-04-12,41,18,52,52,39,65,0
2026-04-12,41,19,23,29,18,34,0
2026-04-12,41,20,48,69,31,86,0
2026-04-12,42,1,67,67,54,80,0
2026-04-12,42,2,61,90,46,105,0
2026-04-12,42,3,68,92,52,108,2
2026-04-12,42,4,61,71,43,89,0
2026-04-12,42,5,44,57,39,62,1
2026-04-12,42,6,48,48,40,56,1
2026-04-12,42,7,42,42,37,47,1
2026-04-12,42,8,41,51,34,58,0
2026-04-12,42,9,65,65,49,81,1
2026-04-12,42,10,40,42,29,53,0
2026-04-12,42,11,61,63,45,79,0
2026-04-12,42,12,76,76,57,95,0
2026-04-12,42,13,44,64,33,75,0
2026-04-12,42,14,65,95,52,108,2
2026-04-12,42,15,58,61,39,80,0
2026-04-12,42,16,47,47,39,55,0
2026-04-12,42,17,47,59,40,66,0
2026-04-12,42,18,53,65,39,79,0
2026-04-12,42,19,48,48,34,62,0
2026-04-12,42,20,57,57,44,70,0
2026-04-12,43,1,67,71,51,87,0
2026-04-12,43,2,81,110,65,126,0
2026-04-12,43,3,81,91,68,104,0
2026-04-12,43,4,79,79,68,90,1
2026-04-12,43,5,72,88,65,95,0
2026-04-12,43,6,72,98,65,105,2
2026-04-12,43,7,71,88,61,98,0
2026-04-12,43,8,72,72,54,90,1
2026-04-12,43,9,34,43,29,48,0
2026-04-12,43,10,71,71,58,84,1
2026-04-12,43,11,62,81,46,97,0
2026-04-12,43,12,69,91,62,98,2
2026-04-12,43,13,69,76,52,93,1
2026-04-12,43,14,68,68,61,75,1
2026-04-12,43,15,60,67,43,84,0
2026-04-12,43,16,74,74,59,89,0
2026-04-12,43,17,52,52,45,59,0
2026-04-12,43,18,71,71,52,90,1
2026-04-12,43,19,82,82,63,101,2
2026-04-12,43,20,107,107,90,124,2
2026-04-12,44,1,52,52,39,65,0
2026-04-12,44,2,61,78,44,95,0
2026-04-12,44,3,69,69,50,88,1
2026-04-12,44,4,59,59,40,78,0
2026-04-12,44,5,48,68,38,78,0
2026-04-12,44,6,60,70,49,81,1
2026-04-12,44,7,60,60,47,73,1
2026-04-12,44,8,65,95,56,104,0
2026-04-12,44,9,57,57,43,71,0
2026-04-12,44,10,63,63,53,73,1
2026-04-12,44,11,60,86,45,101,1
2026-04-12,44,12,62,89,44,107,0
2026-04-12,44,13,51,51,33,69,0
2026-04-12,44,14,54,54,41,67,0
2026-04-12,44,15,50,52,32,70,0
2026-04-12,44,16,52,52,37,67,1
2026-04-12,44,17,48,70,34,84,1
2026-04-12,44,18,44,65,39,70,1
2026-04-12,44,19,51,51,40,62,0
2026-04-12,44,20,47,69,36,80,0
2026-04-12,45,1,72,96,55,113,0
2026-04-12,45,2,47,47,40,54,1
2026-04-12,45,3,60,60,49,71,0
2026-04-12,45,4,70,70,54,86,0
2026-04-12,45,5,65,85,51,99,2
2026-04-12,45,6,44,60,38,66,1
2026-04-12,45,7,60,60,42,78,1
2026-04-12,45,8,60,88,41,107,0
2026-04-12,45,9,66,76,58,84,1
2026-04-12,45,10,50,50,40,60,0
2026-04-12,45,11,62,65,51,76,0
2026-04-12,45,12,66,86,46,106,2
2026-04-12,45,13,56,80,43,93,0
2026-04-12,45,14,63,63,54,72,0
2026-04-12,45,15,74,107,56,125,0
2026-04-12,45,16,55,70,44,81,1
2026-04-12,45,17,66,80,56,90,0
2026-04-12,45,18,69,78,55,92,2
2026-04-12,45,19,69,85,49,105,1
2026-04-12,45,20,79,80,74,85,0
2026-04-12,46,1,88,88,69,107,2
2026-04-12,46,2,80,85,66,99,2
2026-04-12,46,3,69,72,60,81,0
2026-04-12,46,4,94,134,76,152,2
2026-04-12,46,5,81,81,66,96,0
2026-04-12,46,6,69,97,62,104,2
2026-04-12,46,7,77,77,60,94,1
2026-04-12,46,8,85,124,72,137,2
2026-04-12,46,9,54,69,48,75,0
2026-04-12,46,10,75,75,56,94,0
2026-04-12,46,11,93,93,75,111,0
2026-04-12,46,12,60,70,52,78,2
2026-04-12,46,13,65,85,45,105,1
2026-04-12,46,14,90,115,80,125,2
2026-04-12,46,15,76,99,67,108,2
2026-04-12,46,16,64,86,52,98,1
2026-04-12,46,17,72,72,57,87,1
2026-04-12,46,18,69,79,61,87,0
2026-04-12,46,19,99,144,84,159,0
2026-04-12,46,20,74,110,56,128,2
2026-04-12,47,1,59,59,49,69,1
2026-04-12,47,2,72,84,63,93,2
2026-04-12,47,3,78,78,70,86,1
2026-04-12,47,4,68,87,49,106,1
2026-04-12,47,5,90,104,75,119,0
2026-04-12,47,6,88,88,82,94,0
2026-04-12,47,7,63,63,57,69,0
2026-04-12,47,8,89,103,76,116,1
2026-04-12,47,9,81,81,66,96,0
2026-04-12,47,10,77,103,61,119,2
2026-04-12,47,11,88,98,72,114,0
2026-04-12,47,12,104,141,86,159,0
2026-04-12,47,13,73,73,61,85,2
2026-04-12,47,14,89,121,74,136,0
2026-04-12,47,15,99,112,88,123,0
2026-04-12,47,16,90,98,71,117,0
2026-04-12,47,17,88,103,79,112,0
2026-04-12,47,18,63,63,58,68,1
2026-04-12,47,19,61,61,55,67,0
2026-04-12,47,20,76,76,61,91,1
2026-04-12,48,1,46,58,34,70,0
2026-04-12,48,2,44,50,32,62,0
2026-04-12,48,3,50,54,34,70,0
2026-04-12,48,4,53,73,42,84,0
2026-04-12,48,5,63,93,56,100,0
2026-04-12,48,6,58,76,38,96,0
2026-04-12,48,7,69,69,55,83,1
2026-04-12,48,8,41,48,36,53,0
2026-04-12,48,9,59,83,46,96,0
2026-04-12,48,10,43,43,36,50,1
2026-04-12,48,11,61,61,51,71,0
2026-04-12,48,12,52,52,40,64,0
2026-04-12,48,13,46,58,36,68,1
2026-04-12,48,14,65,65,47,83,1
2026-04-12,48,15,75,103,56,122,1
2026-04-12,48,16,56,62,43,75,1
2026-04-12,48,17,36,50,31,55,1
2026-04-12,48,18,47,52,39,60,1
2026-04-12,48,19,53,53,36,70,0
2026-04-12,48,20,45,46,35,56,0
2026-04-12,49,1,41,41,33,49,0
2026-04-12,49,2,30,30,23,37,0
2026-04-12,49,3,61,67,52,76,0
2026-04-12,49,4,55,60,42,73,0
2026-04-12,49,5,57,74,37,94,2
2026-04-12,49,6,49,69,40,78,0
2026-04-12,49,7,54,63,36,81,1
2026-04-12,49,8,51,51,46,56,1
2026-04-12,49,9,51,51,45,57,0
2026-04-12,49,10,50,67,34,83,0
2026-04-12,49,11,65,90,45,110,0
2026-04-12,49,12,67,87,51,103,1
2026-04-12,49,13,34,50,28,56,0
2026-04-12,49,14,66,66,52,80,0
2026-04-12,49,15,42,42,31,53,0
2026-04-12,49,16,45,45,33,57,1
2026-04-12,49,17,51,70,32,89,1
2026-04-12,49,18,47,56,36,67,1
2026-04-12,49,19,40,40,30,50,0
2026-04-12,49,20,44,44,31,57,0
2026-04-12,50,1,54,78,44,88,1
2026-04-12,50,2,57,63,45,75,1
2026-04-12,50,3,40,40,29,51,0
2026-04-12,50,4,63,64,50,77,0
2026-04-12,50,5,40,43,25,58,0
2026-04-12,50,6,56,80,36,100,0
2026-04-12,50,7,58,78,44,92,1
2026-04-12,50,8,54,54,35,73,0
2026-04-12,50,9,68,101,63,106,0
2026-04-12,50,10,52,52,45,59,0
2026-04-12,50,11,73,95,53,115,2
2026-04-12,50,12,59,64,42,81,0
2026-04-12,50,13,53,71,48,76,1
2026-04-12,50,14,56,56,39,73,0
2026-04-12,50,15,64,64,45,83,1
2026-04-12,50,16,69,69,58,80,0
2026-04-12,50,17,47,69,38,78,0
2026-04-12,50,18,55,55,49,61,0
2026-04-12,50,19,45,45,36,54,0
2026-04-12,50,20,65,93,57,101,2
2026-04-19,1,1,65,65,45,85,1
2026-04-19,1,2,60,70,44,86,1
2026-04-19,1,3,53,58,42,69,0
2026-04-19,1,4,68,71,59,80,0
2026-04-19,1,5,45,65,29,81,1
2026-04-19,1,6,67,94,60,101,2
2026-04-19,1,7,57,77,47,87,0
2026-04-19,1,8,58,59,50,67,1
2026-04-19,1,9,76,76,63,89,1
2026-04-19,1,10,62,62,43,81,0
2026-04-19,1,11,64,78,52,90,2
2026-04-19,1,12,59,70,51,78,1
2026-04-19,1,13,74,98,63,109,2
2026-04-19,1,14,63,93,52,104,1
2026-04-19,1,15,65,89,49,105,1
2026-04-19,1,16,61,67,45,83,1
2026-04-19,1,17,70,70,60,80,1
2026-04-19,1,18,74,87,62,99,0
2026-04-19,1,19,62,76,44,94,1
2026-04-19,1,20,66,66,50,82,1
2026-04-19,2,1,55,55,43,67,1
2026-04-19,2,2,46,46,32,60,0
2026-04-19,2,3,43,43,25,61,1
2026-04-19,2,4,66,66,52,80,1
2026-04-19,2,5,54,59,39,74,0
2026-04-19,2,6,60,60,41,79,1
2026-04-19,2,7,47,50,42,55,0
2026-04-19,2,8,57,57,42,72,0
2026-04-19,2,9,61,88,55,94,2
2026-04-19,2,10,41,41,22,60,1
2026-04-19,2,11,62,63,45,80,1
2026-04-19,2,12,47,47,39,55,1
2026-04-19,2,13,60,60,41,79,1
2026-04-19,2,14,42,48,31,59,0
2026-04-19,2,15,41,41,36,46,0
2026-04-19,2,16,48,64,38,74,1
2026-04-19,2,17,40,40,30,50,1
2026-04-19,2,18,68,71,51,88,1
2026-04-19,2,19,32,44,21,55,0
2026-04-19,2,20,53,75,43,85,0
2026-04-19,3,1,65,65,58,72,1
2026-04-19,3,2,78,78,62,94,0
2026-04-19,3,3,51,57,33,75,0
2026-04-19,3,4,87,101,81,107,0
2026-04-19,3,5,48,67,34,81,0
2026-04-19,3,6,66,93,47,112,0
2026-04-19,3,7,63,65,45,83,1
2026-04-19,3,8,46,66,41,71,1
2026-04-19,3,9,67,89,54,102,0
2026-04-19,3,10,47,67,38,76,0
2026-04-19,3,11,58,58,41,75,1
2026-04-19,3,12,63,63,54,72,1
2026-04-19,3,13,75,102,59,118,2
2026-04-19,3,14,62,83,55,90,1
2026-04-19,3,15,62,73,43,92,0
2026-04-19,3,16,77,96,60,113,2
2026-04-19,3,17,50,70,32,88,0
2026-04-19,3,18,65,83,51,97,1
2026-04-19,3,19,54,69,35,88,0
2026-04-19,3,20,57,57,52,62,0
2026-04-19,4,1,73,73,58,88,1
2026-04-19,4,2,67,83,52,98,1
2026-04-19,4,3,44,59,24,79,1
2026-04-19,4,4,76,76,60,92,1
2026-04-19,4,5,69,69,52,86,0
2026-04-19,4,6,51,59,44,66,1
2026-04-19,4,7,72,85,59,98,1
2026-04-19,4,8,63,63,45,81,1
2026-04-19,4,9,75,75,63,87,0
2026-04-19,4,10,58,61,47,72,0
2026-04-19,4,11,79,79,69,89,0
2026-04-19,4,12,69,69,57,81,0
2026-04-19,4,13,48,64,43,69,1
2026-04-19,4,14,77,77,62,92,2
2026-04-19,4,15,53,76,39,90,0
2026-04-19,4,16,76,113,69,120,1
2026-04-19,4,17,59,59,40,78,0
2026-04-19,4,18,53,79,46,86,0
2026-04-19,4,19,59,83,45,97,0
2026-04-19,4,20,69,69,61,77,0
2026-04-19,5,1,48,52,33,67,1
2026-04-19,5,2,33,35,27,41,0
2026-04-19,5,3,53,68,42,79,0
2026-04-19,5,4,46,62,32,76,0
2026-04-19,5,5,52,52,32,72,0
2026-04-19,5,6,48,58,29,77,1
2026-04-19,5,7,45,45,29,61,1
2026-04-19,5,8,47,51,31,67,0
2026-04-19,5,9,49,49,33,65,0
2026-04-19,5,10,47,68,28,87,1
2026-04-19,5,11,49,58,32,75,1
2026-04-19,5,12,38,50,27,61,0
2026-04-19,5,13,30,40,14,56,0
2026-04-19,5,14,51,71,35,87,0
2026-04-19,5,15,38,44,32,50,1
2026-04-19,5,16,34,39,25,48,0
2026-04-19,5,17,44,55,33,66,0
2026-04-19,5,18,47,61,27,81,1
2026-04-19,5,19,50,64,32,82,0
2026-04-19,5,20,35,35,23,47,0
2026-04-19,6,1,69,98,49,118,2
2026-04-19,6,2,58,86,43,101,1
2026-04-19,6,3,46,53,37,62,0
2026-04-19,6,4,69,69,56,82,0
2026-04-19,6,5,60,80,41,99,0
2026-04-19,6,6,48,61,43,66,1
2026-04-19,6,7,67,80,51,96,1
2026-04-19,6,8,56,56,50,62,0
2026-04-19,6,9,60,64,44,80,1
2026-04-19,6,10,49,56,37,68,1
2026-04-19,6,11,72,80,53,99,1
2026-04-19,6,12,53,53,43,63,0
2026-04-19,6,13,56,69,45,80,1
2026-04-19,6,14,64,64,52,76,1
2026-04-19,6,15,63,63,43,83,1
2026-04-19,6,16,48,56,37,67,1
2026-04-19,6,17,55,68,45,78,0
2026-04-19,6,18,45,45,40,50,0
2026-04-19,6,19,52,52,46,58,0
2026-04-19,6,20,59,59,42,76,1
2026-04-19,7,1,47,47,38,56,0
2026-04-19,7,2,62,62,50,74,0
2026-04-19,7,3,35,50,28,57,1
2026-04-19,7,4,68,77,58,87,0
2026-04-19,7,5,49,70,38,81,1
2026-04-19,7,6,71,71,59,83,1
2026-04-19,7,7,64,64,44,84,1
2026-04-19,7,8,61,61,56,66,0
2026-04-19,7,9,83,109,64,128,2
2026-04-19,7,10,70,97,51,116,0
2026-04-19,7,11,84,111,78,117,0
2026-04-19,7,12,60,74,51,83,1
2026-04-19,7,13,41,41,33,49,0
2026-04-19,7,14,76,107,56,127,0
2026-04-19,7,15,65,96,55,106,1
2026-04-19,7,16,80,87,61,106,1
2026-04-19,7,17,36,36,27,45,0
2026-04-19,7,18,64,90,50,104,0
2026-04-19,7,19,46,56,36,66,0
2026-04-19,7,20,52,52,42,62,0
2026-04-19,8,1,41,60,28,73,1
2026-04-19,8,2,47,51,34,64,0
2026-04-19,8,3,41,55,30,66,1
2026-04-19,8,4,38,38,30,46,0
2026-04-19,8,5,50,71,33,88,0
2026-04-19,8,6,46,46,34,58,1
2026-04-19,8,7,43,43,32,54,0
2026-04-19,8,8,50,55,41,64,0
2026-04-19,8,9,39,39,34,44,0
2026-04-19,8,10,41,41,22,60,0
2026-04-19,8,11,49,50,34,65,0
2026-04-19,8,12,50,63,32,81,0
2026-04-19,8,13,19,20,6,33,0
2026-04-19,8,14,29,30,21,38,0
2026-04-19,8,15,36,36,25,47,0
2026-04-19,8,16,49,49,33,65,1
2026-04-19,8,17,40,52,26,66,1
2026-04-19,8,18,38,46,27,57,0
2026-04-19,8,19,35,45,23,57,0
2026-04-19,8,20,27,27,16,38,0
2026-04-19,9,1,54,54,36,72,0
2026-04-19,9,2,72,107,52,127,2
2026-04-19,9,3,61,61,44,78,1
2026-04-19,9,4,74,82,58,98,0
2026-04-19,9,5,48,55,36,67,0
2026-04-19,9,6,61,61,53,69,1
2026-04-19,9,7,61,67,50,78,1
2026-04-19,9,8,62,89,52,99,0
2026-04-19,9,9,64,64,57,71,1
2026-04-19,9,10,61,61,46,76,0
2026-04-19,9,11,70,83,61,92,2
2026-04-19,9,12,58,58,43,73,0
2026-04-19,9,13,51,55,38,68,1
2026-04-19,9,14,70,70,65,75,0
2026-04-19,9,15,68,94,48,114,1
2026-04-19,9,16,62,62,57,67,0
2026-04-19,9,17,93,137,76,154,1
2026-04-19,9,18,45,45,39,51,0
2026-04-19,9,19,64,64,56,72,1
2026-04-19,9,20,78,114,60,132,3
2026-04-19,10,1,58,83,52,89,2
2026-04-19,10,2,90,122,79,133,0
2026-04-19,10,3,51,75,38,88,0
2026-04-19,10,4,83,83,67,99,1
2026-04-19,10,5,85,85,72,98,2
2026-04-19,10,6,84,123,70,137,1
2026-04-19,10,7,95,131,86,140,3
2026-04-19,10,8,84,84,79,89,1
2026-04-19,10,9,95,132,79,148,2
2026-04-19,10,10,68,83,62,89,0
2026-04-19,10,11,105,105,85,125,0
2026-04-19,10,12,95,120,77,138,2
2026-04-19,10,13,79,84,59,104,0
2026-04-19,10,14,74,74,64,84,1
2026-04-19,10,15,63,78,51,90,0
2026-04-19,10,16,84,84,64,104,1
2026-04-19,10,17,80,80,70,90,1
2026-04-19,10,18,70,91,64,97,2
2026-04-19,10,19,79,79,62,96,0
2026-04-19,10,20,70,73,64,79,0
2026-04-19,11,1,59,74,54,79,0
2026-04-19,11,2,73,73,53,93,0
2026-04-19,11,3,49,60,39,70,1
2026-04-19,11,4,64,64,49,79,0
2026-04-19,11,5,52,52,37,67,0
2026-04-19,11,6,65,65,55,75,0
2026-04-19,11,7,62,62,49,75,1
2026-04-19,11,8,71,75,61,85,0
2026-04-19,11,9,89,89,72,106,0
2026-04-19,11,10,68,83,49,102,0
2026-04-19,11,11,70,80,56,94,1
2026-04-19,11,12,66,72,50,88,2
2026-04-19,11,13,63,63,50,76,1
2026-04-19,11,14,66,87,46,107,1
2026-04-19,11,15,64,89,56,97,2
2026-04-19,11,16,53,60,46,67,1
2026-04-19,11,17,52,52,32,72,1
2026-04-19,11,18,77,110,59,128,1
2026-04-19,11,19,61,83,47,97,1
2026-04-19,11,20,54,54,47,61,0
2026-04-19,12,1,62,62,50,74,0
2026-04-19,12,2,29,29,24,34,0
2026-04-19,12,3,43,59,33,69,0
2026-04-19,12,4,67,67,48,86,0
2026-04-19,12,5,36,40,28,48,0
2026-04-19,12,6,47,68,35,80,0
2026-04-19,12,7,59,59,45,73,1
2026-04-19,12,8,75,89,57,107,0
2026-04-19,12,9,61,66,48,79,1
2026-04-19,12,10,66,76,50,92,0
2026-04-19,12,11,54,54,43,65,0
2026-04-19,12,12,51,55,33,73,0
2026-04-19,12,13,59,86,48,97,0
2026-04-19,12,14,59,59,42,76,1
2026-04-19,12,15,50,73,45,78,1
2026-04-19,12,16,80,89,62,107,1
2026-04-19,12,17,38,53,29,62,1
2026-04-19,12,18,64,90,45,109,1
2026-04-19,12,19,42,56,30,68,0
2026-04-19,12,20,52,52,44,60,1
2026-04-19,13,1,58,67,41,84,0
2026-04-19,13,2,58,62,45,75,0
2026-04-19,13,3,79,93,66,106,2
2026-04-19,13,4,67,78,55,90,0
2026-04-19,13,5,57,78,48,87,2
2026-04-19,13,6,83,83,67,99,1
2026-04-19,13,7,87,122,68,141,0
2026-04-19,13,8,57,57,49,65,0
2026-04-19,13,9,64,69,58,75,0
2026-04-19,13,10,68,72,62,78,1
2026-04-19,13,11,61,61,55,67,0
2026-04-19,13,12,59,62,51,70,1
2026-04-19,13,13,79,79,63,95,1
2026-04-19,13,14,96,109,77,128,1
2026-04-19,13,15,50,70,45,75,1
2026-04-19,13,16,85,91,71,105,0
2026-04-19,13,17,64,64,44,84,0
2026-04-19,13,18,79,79,62,96,0
2026-04-19,13,19,71,97,64,104,2
2026-04-19,13,20,80,83,75,88,0
2026-04-19,14,1,85,105,68,122,1
2026-04-19,14,2,24,24,18,30,0
2026-04-19,14,3,63,71,58,76,1
2026-04-19,14,4,77,98,57,118,0
2026-04-19,14,5,63,63,53,73,0
2026-04-19,14,6,58,66,49,75,1
2026-04-19,14,7,57,78,37,98,1
2026-04-19,14,8,57,62,44,75,0
2026-04-19,14,9,61,64,54,71,0
2026-04-19,14,10,51,51,37,65,1
2026-04-19,14,11,64,65,46,83,0
2026-04-19,14,12,50,50,42,58,1
2026-04-19,14,13,79,80,71,88,1
2026-04-19,14,14,90,94,70,114,2
2026-04-19,14,15,58,78,42,94,0
2026-04-19,14,16,69,91,61,99,1
2026-04-19,14,17,81,88,65,104,1
2026-04-19,14,18,82,115,63,134,1
2026-04-19,14,19,57,59,48,68,0
2026-04-19,14,20,78,87,71,94,1
2026-04-19,15,1,78,78,58,98,0
2026-04-19,15,2,89,98,70,117,0
2026-04-19,15,3,51,51,31,71,0
2026-04-19,15,4,59,59,50,68,0
2026-04-19,15,5,48,48,28,68,1
2026-04-19,15,6,54,78,44,88,1
2026-04-19,15,7,37,53,32,58,0
2026-04-19,15,8,36,36,30,42,0
2026-04-19,15,9,59,61,45,75,0
2026-04-19,15,10,45,64,28,81,0
2026-04-19,15,11,71,71,54,88,1
2026-04-19,15,12,89,89,76,102,0
2026-04-19,15,13,52,76,34,94,1
2026-04-19,15,14,54,77,46,85,1
2026-04-19,15,15,67,91,48,110,0
2026-04-19,15,16,55,66,43,78,1
2026-04-19,15,17,41,58,31,68,1
2026-04-19,15,18,52,52,38,66,0
2026-04-19,15,19,45,45,37,53,1
2026-04-19,15,20,72,72,55,89,2
2026-04-19,16,1,38,41,18,61,0
2026-04-19,16,2,66,72,51,87,0
2026-04-19,16,3,59,61,40,80,0
2026-04-19,16,4,54,74,46,82,1
2026-04-19,16,5,60,60,41,79,0
2026-04-19,16,6,66,86,54,98,0
2026-04-19,16,7,57,58,40,75,1
2026-04-19,16,8,42,57,37,62,1
2026-04-19,16,9,65,65,55,75,1
2026-04-19,16,10,74,87,58,103,0
2026-04-19,16,11,57,79,37,99,0
2026-04-19,16,12,57,57,38,76,0
2026-04-19,16,13,67,75,51,91,0
2026-04-19,16,14,58,76,44,90,0
2026-04-19,16,15,50,70,37,83,0
2026-04-19,16,16,67,68,53,82,0
2026-04-19,16,17,55,68,42,81,1
2026-04-19,16,18,54,54,41,67,0
2026-04-19,16,19,49,70,29,90,0
2026-04-19,16,20,42,51,33,60,0
2026-04-19,17,1,59,71,39,91,1
2026-04-19,17,2,60,60,44,76,0
2026-04-19,17,3,43,49,28,64,0
2026-04-19,17,4,50,71,36,85,0
2026-04-19,17,5,35,35,27,43,0
2026-04-19,17,6,45,45,29,61,0
2026-04-19,17,7,53,53,40,66,0
2026-04-19,17,8,43,43,38,48,0
2026-04-19,17,9,42,58,35,65,0
2026-04-19,17,10,31,41,22,50,0
2026-04-19,17,11,43,43,34,52,0
2026-04-19,17,12,45,45,31,59,0
2026-04-19,17,13,35,35,23,47,0
2026-04-19,17,14,57,83,44,96,1
2026-04-19,17,15,50,60,37,73,1
2026-04-19,17,16,55,55,45,65,0
2026-04-19,17,17,53,59,33,79,0
2026-04-19,17,18,46,48,33,61,0
2026-04-19,17,19,53,76,34,95,1
2026-04-19,17,20,48,70,28,90,1
2026-04-19,18,1,72,81,65,88,1
2026-04-19,18,2,98,141,78,161,3
2026-04-19,18,3,73,73,59,87,1
2026-04-19,18,4,86,120,72,134,1
2026-04-19,18,5,86,86,68,104,2
2026-04-19,18,6,84,84,68,100,0
2026-04-19,18,7,94,126,75,145,1
2026-04-19,18,8,90,131,76,145,0
2026-04-19,18,9,84,93,66,111,0
2026-04-19,18,10,62,64,55,71,1
2026-04-19,18,11,84,102,72,114,0
2026-04-19,18,12,82,82,76,88,0
2026-04-19,18,13,63,86,58,91,0
2026-04-19,18,14,64,86,55,95,2
2026-04-19,18,15,83,83,73,93,2
2026-04-19,18,16,85,85,73,97,0
2026-04-19,18,17,61,66,54,73,0
2026-04-19,18,18,96,96,81,111,1
2026-04-19,18,19,66,69,57,78,1
2026-04-19,18,20,59,70,51,78,0
2026-04-19,19,1,45,47,39,53,0
2026-04-19,19,2,62,73,50,85,1
2026-04-19,19,3,58,73,48,83,1
2026-04-19,19,4,78,112,64,126,1
2026-04-19,19,5,54,61,38,77,0
2026-04-19,19,6,50,57,34,73,0
2026-04-19,19,7,48,50,40,58,0
2026-04-19,19,8,59,70,46,83,1
2026-04-19,19,9,63,79,52,90,1
2026-04-19,19,10,61,63,52,72,0
2026-04-19,19,11,65,77,56,86,1
2026-04-19,19,12,67,92,52,107,0
2026-04-19,19,13,65,65,51,79,0
2026-04-19,19,14,48,67,43,72,1
2026-04-19,19,15,50,50,41,59,1
2026-04-19,19,16,45,45,39,51,1
2026-04-19,19,17,56,60,39,77,0
2026-04-19,19,18,78,90,60,108,0
2026-04-19,19,19,60,84,41,103,1
2026-04-19,19,20,51,52,35,68,0
2026-04-19,20,1,48,69,32,85,0
2026-04-19,20,2,50,70,43,77,2
2026-04-19,20,3,41,56,30,67,0
2026-04-19,20,4,60,73,46,87,0
2026-04-19,20,5,54,54,35,73,1
2026-04-19,20,6,58,58,41,75,1
2026-04-19,20,7,78,86,60,104,0
2026-04-19,20,8,59,59,50,68,0
2026-04-19,20,9,63,75,51,87,1
2026-04-19,20,10,58,67,40,85,1
2026-04-19,20,11,65,83,48,100,1
2026-04-19,20,12,57,62,48,71,0
2026-04-19,20,13,63,84,46,101,1
2026-04-19,20,14,45,45,40,50,0
2026-04-19,20,15,39,39,28,50,0
2026-04-19,20,16,59,69,43,85,1
2026-04-19,20,17,44,44,35,53,0
2026-04-19,20,18,70,70,50,90,1
2026-04-19,20,19,33,36,28,41,0
2026-04-19,20,20,44,63,33,74,1
2026-04-19,21,1,44,44,30,58,1
2026-04-19,21,2,59,68,41,86,1
2026-04-19,21,3,44,49,26,67,0
2026-04-19,21,4,43,50,32,61,0
2026-04-19,21,5,45,65,30,80,0
2026-04-19,21,6,46,66,31,81,1
2026-04-19,21,7,67,67,49,85,1
2026-04-19,21,8,36,40,29,47,0
2026-04-19,21,9,63,63,49,77,0
2026-04-19,21,10,43,43,24,62,0
2026-04-19,21,11,56,56,46,66,1
2026-04-19,21,12,58,68,40,86,0
2026-04-19,21,13,34,34,29,39,0
2026-04-19,21,14,48,48,41,55,1
2026-04-19,21,15,60,60,42,78,0
2026-04-19,21,16,51,53,42,62,1
2026-04-19,21,17,48,59,43,64,1
2026-04-19,21,18,45,57,32,70,1
2026-04-19,21,19,44,44,31,57,0
2026-04-19,21,20,41,44,27,58,0
2026-04-19,22,1,60,68,46,82,1
2026-04-19,22,2,52,71,38,85,0
2026-04-19,22,3,64,70,53,81,1
2026-04-19,22,4,55,55,36,74,0
2026-04-19,22,5,48,49,42,55,1
2026-04-19,22,6,76,83,58,101,2
2026-04-19,22,7,53,53,42,64,0
2026-04-19,22,8,61,88,52,97,0
2026-04-19,22,9,69,90,52,107,1
2026-04-19,22,10,52,52,42,62,1
2026-04-19,22,11,58,61,43,76,0
2026-04-19,22,12,49,49,41,57,0
2026-04-19,22,13,57,71,52,76,0
2026-04-19,22,14,69,102,55,116,2
2026-04-19,22,15,45,45,37,53,0
2026-04-19,22,16,68,68,49,87,1
2026-04-19,22,17,51,71,42,80,0
2026-04-19,22,18,36,50,29,57,0
2026-04-19,22,19,49,56,39,66,0
2026-04-19,22,20,46,66,37,75,1
2026-04-19,23,1,58,75,52,81,2
2026-04-19,23,2,65,67,49,83,1
2026-04-19,23,3,61,61,46,76,1
2026-04-19,23,4,66,93,47,112,1
2026-04-19,23,5,77,77,69,85,1
2026-04-19,23,6,56,56,42,70,0
2026-04-19,23,7,66,66,54,78,1
2026-04-19,23,8,81,119,64,136,1
2026-04-19,23,9,69,69,58,80,1
2026-04-19,23,10,63,88,58,93,1
2026-04-19,23,11,83,90,66,107,1
2026-04-19,23,12,58,59,53,64,1
2026-04-19,23,13,50,50,34,66,0
2026-04-19,23,14,70,70,65,75,0
2026-04-19,23,15,71,71,58,84,0
2026-04-19,23,16,52,70,39,83,0
2026-04-19,23,17,64,64,49,79,0
2026-04-19,23,18,43,60,34,69,1
2026-04-19,23,19,71,84,53,102,1
2026-04-19,23,20,73,73,60,86,0
2026-04-19,24,1,58,64,49,73,1
2026-04-19,24,2,46,46,41,51,0
2026-04-19,24,3,64,64,45,83,1
2026-04-19,24,4,69,75,50,94,1
2026-04-19,24,5,56,68,39,85,0
2026-04-19,24,6,60,74,44,90,0
2026-04-19,24,7,80,80,62,98,1
2026-04-19,24,8,61,68,45,84,1
2026-04-19,24,9,74,84,54,104,0
2026-04-19,24,10,54,62,48,68,0
2026-04-19,24,11,60,75,51,84,1
2026-04-19,24,12,79,79,72,86,1
2026-04-19,24,13,63,63,45,81,1
2026-04-19,24,14,86,108,74,120,2
2026-04-19,24,15,57,61,52,66,1
2026-04-19,24,16,70,78,56,92,1
2026-04-19,24,17,52,70,39,83,0
2026-04-19,24,18,59,70,54,75,0
2026-04-19,24,19,69,69,55,83,1
2026-04-19,24,20,55,63,39,79,1
2026-04-19,25,1,67,98,58,107,1
2026-04-19,25,2,73,73,68,78,0
2026-04-19,25,3,75,110,58,127,1
2026-04-19,25,4,84,87,66,105,2
2026-04-19,25,5,54,73,43,84,1
2026-04-19,25,6,77,107,62,122,0
2026-04-19,25,7,66,66,52,80,0
2026-04-19,25,8,78,90,62,106,1
2026-04-19,25,9,71,71,56,86,1
2026-04-19,25,10,60,60,50,70,0
2026-04-19,25,11,69,79,58,90,0
2026-04-19,25,12,67,67,59,75,1
2026-04-19,25,13,61,61,43,79,1
2026-04-19,25,14,67,86,62,91,0
2026-04-19,25,15,61,61,52,70,0
2026-04-19,25,16,79,116,61,134,1
2026-04-19,25,17,80,80,63,97,0
2026-04-19,25,18,83,85,73,95,2
2026-04-19,25,19,73,88,66,95,1
2026-04-19,25,20,66,71,53,84,1
2026-04-19,26,1,59,62,40,81,1
2026-04-19,26,2,44,44,27,61,1
2026-04-19,26,3,63,63,43,83,1
2026-04-19,26,4,60,62,50,72,1
2026-04-19,26,5,59,78,44,93,1
2026-04-19,26,6,55,74,47,82,1
2026-04-19,26,7,70,70,52,88,1
2026-04-19,26,8,62,62,48,76,1
2026-04-19,26,9,73,73,53,93,0
2026-04-19,26,10,61,61,47,75,1
2026-04-19,26,11,53,55,48,60,1
2026-04-19,26,12,57,57,48,66,0
2026-04-19,26,13,48,48,38,58,0
2026-04-19,26,14,70,90,59,101,1
2026-04-19,26,15,76,81,57,100,1
2026-04-19,26,16,59,59,44,74,1
2026-04-19,26,17,59,60,48,71,0
2026-04-19,26,18,42,61,37,66,0
2026-04-19,26,19,51,51,44,58,0
2026-04-19,26,20,49,58,34,73,1
2026-04-19,27,1,59,75,53,81,1
2026-04-19,27,2,77,77,61,93,0
2026-04-19,27,3,65,92,55,102,1
2026-04-19,27,4,67,67,48,86,0
2026-04-19,27,5,66,74,61,79,0
2026-04-19,27,6,71,71,58,84,1
2026-04-19,27,7,67,67,56,78,0
2026-04-19,27,8,78,78,61,95,1
2026-04-19,27,9,85,88,68,105,1
2026-04-19,27,10,66,66,51,81,0
2026-04-19,27,11,57,61,51,67,0
2026-04-19,27,12,65,71,60,76,1
2026-04-19,27,13,72,72,54,90,0
2026-04-19,27,14,73,74,65,82,0
2026-04-19,27,15,59,64,51,72,1
2026-04-19,27,16,76,76,61,91,0
2026-04-19,27,17,77,77,70,84,1
2026-04-19,27,18,80,93,60,113,0
2026-04-19,27,19,63,63,54,72,0
2026-04-19,27,20,74,87,65,96,1
2026-04-19,28,1,85,85,65,105,2
2026-04-19,28,2,63,89,53,99,2
2026-04-19,28,3,63,91,47,107,0
2026-04-19,28,4,80,85,67,98,2
2026-04-19,28,5,68,92,58,102,0
2026-04-19,28,6,71,90,59,102,1
2026-04-19,28,7,64,66,45,85,0
2026-04-19,28,8,59,66,44,81,0
2026-04-19,28,9,67,68,60,75,0
2026-04-19,28,10,57,78,46,89,0
2026-04-19,28,11,58,71,38,91,2
2026-04-19,28,12,75,106,56,125,3
2026-04-19,28,13,68,88,49,107,1
2026-04-19,28,14,70,70,58,82,1
2026-04-19,28,15,58,58,43,73,0
2026-04-19,28,16,43,43,38,48,0
2026-04-19,28,17,47,53,30,70,0
2026-04-19,28,18,68,78,62,84,0
2026-04-19,28,19,53,73,45,81,2
2026-04-19,28,20,43,43,33,53,0
2026-04-19,29,1,48,59,40,67,0
2026-04-19,29,2,53,54,48,59,0
2026-04-19,29,3,55,71,35,91,1
2026-04-19,29,4,54,54,42,66,1
2026-04-19,29,5,40,40,34,46,0
2026-04-19,29,6,51,72,42,81,0
2026-04-19,29,7,62,62,45,79,0
2026-04-19,29,8,49,49,32,66,0
2026-04-19,29,9,67,79,47,99,1
2026-04-19,29,10,32,37,26,43,0
2026-04-19,29,11,60,88,47,101,1
2026-04-19,29,12,55,74,41,88,1
2026-04-19,29,13,43,44,27,60,0
2026-04-19,29,14,54,60,40,74,1
2026-04-19,29,15,53,66,41,78,1
2026-04-19,29,16,64,64,49,79,1
2026-04-19,29,17,58,83,41,100,2
2026-04-19,29,18,34,44,28,50,0
2026-04-19,29,19,65,65,45,85,0
2026-04-19,29,20,45,57,38,64,0
2026-04-19,30,1,67,68,60,75,1
2026-04-19,30,2,76,76,68,84,0
2026-04-19,30,3,64,65,57,72,0
2026-04-19,30,4,74,74,63,85,0
2026-04-19,30,5,68,89,53,104,0
2026-04-19,30,6,71,80,58,93,0
2026-04-19,30,7,70,70,50,90,0
2026-04-19,30,8,90,90,75,105,0
2026-04-19,30,9,91,129,73,147,0
2026-04-19,30,10,66,66,60,72,0
2026-04-19,30,11,63,87,54,96,1
2026-04-19,30,12,59,59,51,67,0
2026-04-19,30,13,83,109,76,116,2
2026-04-19,30,14,74,94,67,101,0
2026-04-19,30,15,65,84,54,95,1
2026-04-19,30,16,78,97,71,104,0
2026-04-19,30,17,80,80,65,95,1
2026-04-19,30,18,76,76,68,84,2
2026-04-19,30,19,69,69,62,76,0
2026-04-19,30,20,55,55,50,60,0
2026-04-19,31,1,83,99,63,119,1
2026-04-19,31,2,70,84,50,104,0
2026-04-19,31,3,49,49,44,54,0
2026-04-19,31,4,68,80,58,90,2
2026-04-19,31,5,62,76,49,89,2
2026-04-19,31,6,59,75,50,84,1
2026-04-19,31,7,69,69,64,74,1
2026-04-19,31,8,71,87,62,96,1
2026-04-19,31,9,72,72,62,82,0
2026-04-19,31,10,62,62,54,70,0
2026-04-19,31,11,91,91,71,111,1
2026-04-19,31,12,81,81,61,101,1
2026-04-19,31,13,59,61,52,68,0
2026-04-19,31,14,59,65,50,74,1
2026-04-19,31,15,70,75,58,87,1
2026-04-19,31,16,68,86,56,98,1
2026-04-19,31,17,82,82,68,96,2
2026-04-19,31,18,85,85,66,104,1
2026-04-19,31,19,85,125,65,145,2
2026-04-19,31,20,58,58,52,64,0
2026-04-19,32,1,44,44,26,62,0
2026-04-19,32,2,30,31,17,44,0
2026-04-19,32,3,54,72,39,87,1
2026-04-19,32,4,42,60,35,67,0
2026-04-19,32,5,41,46,25,62,1
2026-04-19,32,6,37,38,30,45,0
2026-04-19,32,7,39,55,27,67,1
2026-04-19,32,8,47,69,28,88,0
2026-04-19,32,9,44,64,29,79,1
2026-04-19,32,10,36,46,19,63,0
2026-04-19,32,11,35,42,30,47,1
2026-04-19,32,12,34,40,26,48,0
2026-04-19,32,13,41,44,29,56,1
2026-04-19,32,14,34,34,28,40,0
2026-04-19,32,15,39,49,27,61,0
2026-04-19,32,16,34,41,22,53,0
2026-04-19,32,17,44,47,38,53,0
2026-04-19,32,18,73,73,53,93,1
2026-04-19,32,19,39,57,32,64,0
2026-04-19,32,20,37,40,24,53,0
2026-04-19,33,1,39,41,33,47,1
2026-04-19,33,2,49,49,41,57,0
2026-04-19,33,3,58,60,40,78,0
2026-04-19,33,4,60,84,47,97,0
2026-04-19,33,5,45,58,37,66,0
2026-04-19,33,6,62,91,47,106,0
2026-04-19,33,7,62,62,45,79,1
2026-04-19,33,8,50,50,31,69,1
2026-04-19,33,9,49,73,44,78,0
2026-04-19,33,10,62,79,42,99,1
2026-04-19,33,11,48,68,30,86,0
2026-04-19,33,12,53,63,48,68,0
2026-04-19,33,13,54,60,42,72,1
2026-04-19,33,14,59,59,43,75,0
2026-04-19,33,15,70,91,52,109,1
2026-04-19,33,16,55,55,42,68,1
2026-04-19,33,17,63,71,48,86,1
2026-04-19,33,18,59,88,43,104,2
2026-04-19,33,19,57,80,43,94,1
2026-04-19,33,20,61,64,45,80,0
2026-04-19,34,1,54,68,43,79,1
2026-04-19,34,2,56,64,46,74,1
2026-04-19,34,3,79,108,72,115,2
2026-04-19,34,4,61,61,49,73,0
2026-04-19,34,5,64,64,55,73,0
2026-04-19,34,6,70,97,50,117,2
2026-04-19,34,7,92,92,73,111,2
2026-04-19,34,8,75,83,55,103,1
2026-04-19,34,9,55,58,48,65,0
2026-04-19,34,10,60,73,55,78,1
2026-04-19,34,11,74,90,61,103,0
2026-04-19,34,12,58,58,39,77,0
2026-04-19,34,13,80,84,63,101,0
2026-04-19,34,14,73,73,63,83,0
2026-04-19,34,15,64,68,47,85,1
2026-04-19,34,16,76,111,69,118,1
2026-04-19,34,17,77,114,59,132,0
2026-04-19,34,18,80,118,61,137,3
2026-04-19,34,19,59,59,54,64,1
2026-04-19,34,20,99,99,80,118,0
2026-04-19,35,1,29,33,22,40,0
2026-04-19,35,2,50,50,44,56,0
2026-04-19,35,3,94,135,74,155,3
2026-04-19,35,4,51,60,46,65,1
2026-04-19,35,5,65,65,50,80,0
2026-04-19,35,6,54,68,39,83,0
2026-04-19,35,7,53,65,33,85,1
2026-04-19,35,8,67,80,56,91,0
2026-04-19,35,9,54,54,46,62,1
2026-04-19,35,10,51,56,34,73,1
2026-04-19,35,11,32,32,25,39,0
2026-04-19,35,12,49,67,43,73,0
2026-04-19,35,13,48,65,40,73,0
2026-04-19,35,14,66,83,61,88,1
2026-04-19,35,15,61,74,46,89,0
2026-04-19,35,16,63,63,48,78,1
2026-04-19,35,17,54,72,47,79,0
2026-04-19,35,18,63,63,44,82,1
2026-04-19,35,19,43,43,31,55,0
2026-04-19,35,20,46,46,37,55,1
2026-04-19,36,1,58,79,39,98,1
2026-04-19,36,2,59,82,39,102,2
2026-04-19,36,3,32,42,23,51,0
2026-04-19,36,4,48,48,32,64,1
2026-04-19,36,5,39,39,30,48,1
2026-04-19,36,6,59,61,48,72,0
2026-04-19,36,7,51,55,36,70,0
2026-04-19,36,8,56,56,36,76,0
2026-04-19,36,9,49,49,43,55,0
2026-04-19,36,10,45,61,33,73,1
2026-04-19,36,11,66,87,52,101,2
2026-04-19,36,12,47,51,33,65,0
2026-04-19,36,13,51,62,45,68,0
2026-04-19,36,14,51,57,44,64,0
2026-04-19,36,15,59,87,49,97,2
2026-04-19,36,16,53,61,44,70,1
2026-04-19,36,17,48,48,39,57,1
2026-04-19,36,18,55,77,35,97,1
2026-04-19,36,19,48,56,28,76,0
2026-04-19,36,20,47,60,39,68,1
2026-04-19,37,1,61,75,51,85,0
2026-04-19,37,2,67,67,57,77,0
2026-04-19,37,3,68,96,57,107,1
2026-04-19,37,4,57,57,45,69,1
2026-04-19,37,5,68,91,49,110,1
2026-04-19,37,6,59,59,39,79,1
2026-04-19,37,7,84,84,68,100,2
2026-04-19,37,8,52,71,40,83,0
2026-04-19,37,9,67,70,55,82,0
2026-04-19,37,10,52,52,42,62,1
2026-04-19,37,11,78,113,60,131,1
2026-04-19,37,12,58,58,47,69,1
2026-04-19,37,13,55,61,48,68,0
2026-04-19,37,14,65,88,59,94,2
2026-04-19,37,15,59,59,43,75,0
2026-04-19,37,16,67,89,50,106,0
2026-04-19,37,17,74,91,56,109,2
2026-04-19,37,18,60,60,53,67,1
2026-04-19,37,19,72,107,67,112,0
2026-04-19,37,20,79,83,70,92,2
2026-04-19,38,1,51,61,35,77,0
2026-04-19,38,2,51,56,43,64,1
2026-04-19,38,3,36,36,28,44,0
2026-04-19,38,4,50,50,30,70,0
2026-04-19,38,5,52,52,37,67,0
2026-04-19,38,6,45,61,38,68,1
2026-04-19,38,7,67,75,58,84,0
2026-04-19,38,8,67,79,54,92,1
2026-04-19,38,9,49,49,42,56,1
2026-04-19,38,10,56,68,45,79,1
2026-04-19,38,11,64,66,45,85,0
2026-04-19,38,12,51,75,33,93,0
2026-04-19,38,13,55,77,47,85,0
2026-04-19,38,14,52,68,36,84,0
2026-04-19,38,15,45,45,37,53,1
2026-04-19,38,16,61,61,48,74,0
2026-04-19,38,17,43,43,33,53,0
2026-04-19,38,18,52,52,46,58,0
2026-04-19,38,19,33,33,26,40,0
2026-04-19,38,20,56,74,47,83,1
2026-04-19,39,1,67,67,53,81,0
2026-04-19,39,2,54,54,41,67,0
2026-04-19,39,3,62,78,43,97,1
2026-04-19,39,4,64,64,44,84,1
2026-04-19,39,5,69,89,51,107,1
2026-04-19,39,6,61,61,52,70,0
2026-04-19,39,7,67,93,52,108,1
2026-04-19,39,8,53,53,41,65,0
2026-04-19,39,9,70,70,52,88,0
2026-04-19,39,10,65,65,52,78,0
2026-04-19,39,11,76,76,63,89,1
2026-04-19,39,12,59,64,51,72,1
2026-04-19,39,13,73,88,53,108,1
2026-04-19,39,14,52,52,43,61,0
2026-04-19,39,15,51,58,44,65,0
2026-04-19,39,16,72,72,56,88,1
2026-04-19,39,17,76,98,60,114,1
2026-04-19,39,18,63,87,50,100,1
2026-04-19,39,19,52,62,42,72,0
2026-04-19,39,20,65,73,54,84,0
2026-04-19,40,1,75,109,58,126,2
2026-04-19,40,2,65,82,60,87,0
2026-04-19,40,3,68,68,57,79,1
2026-04-19,40,4,71,95,66,100,1
2026-04-19,40,5,53,62,45,70,0
2026-04-19,40,6,76,83,63,96,0
2026-04-19,40,7,66,83,56,93,1
2026-04-19,40,8,64,84,51,97,2
2026-04-19,40,9,71,71,62,80,1
2026-04-19,40,10,44,60,30,74,0
2026-04-19,40,11,67,86,57,96,1
2026-04-19,40,12,75,75,62,88,1
2026-04-19,40,13,58,58,39,77,0
2026-04-19,40,14,66,92,51,107,1
2026-04-19,40,15,73,73,53,93,1
2026-04-19,40,16,61,79,48,92,1
2026-04-19,40,17,61,61,54,68,0
2026-04-19,40,18,71,71,56,86,0
2026-04-19,40,19,51,51,42,60,0
2026-04-19,40,20,45,54,34,65,0
2026-04-19,41,1,56,72,40,88,0
2026-04-19,41,2,45,45,37,53,0
2026-04-19,41,3,41,45,24,62,0
2026-04-19,41,4,42,61,32,71,0
2026-04-19,41,5,40,40,22,58,0
2026-04-19,41,6,35,39,20,54,0
2026-04-19,41,7,42,42,35,49,0
2026-04-19,41,8,47,47,42,52,0
2026-04-19,41,9,60,60,47,73,0
2026-04-19,41,10,48,59,32,75,1
2026-04-19,41,11,50,62,35,77,0
2026-04-19,41,12,68,73,54,87,1
2026-04-19,41,13,50,59,30,79,1
2026-04-19,41,14,53,62,39,76,0
2026-04-19,41,15,48,57,30,75,1
2026-04-19,41,16,64,64,47,81,1
2026-04-19,41,17,31,32,25,38,0
2026-04-19,41,18,43,43,23,63,1
2026-04-19,41,19,36,36,17,55,0
2026-04-19,41,20,69,101,50,120,1
2026-04-19,42,1,51,51,44,58,1
2026-04-19,42,2,50,72,37,85,1
2026-04-19,42,3,54,58,40,72,0
2026-04-19,42,4,56,60,48,68,0
2026-04-19,42,5,54,61,46,69,0
2026-04-19,42,6,48,70,37,81,0
2026-04-19,42,7,60,73,49,84,1
2026-04-19,42,8,52,70,38,84,0
2026-04-19,42,9,61,64,48,77,0
2026-04-19,42,10,42,42,33,51,0
2026-04-19,42,11,57,57,37,77,1
2026-04-19,42,12,50,63,40,73,1
2026-04-19,42,13,48,61,35,74,1
2026-04-19,42,14,57,57,46,68,0
2026-04-19,42,15,48,58,39,67,1
2026-04-19,42,16,54,73,42,85,0
2026-04-19,42,17,63,91,44,110,0
2026-04-19,42,18,20,29,15,34,0
2026-04-19,42,19,60,73,41,92,2
2026-04-19,42,20,41,41,34,48,0
2026-04-19,43,1,94,94,75,113,1
2026-04-19,43,2,72,72,59,85,1
2026-04-19,43,3,96,96,79,113,2
2026-04-19,43,4,91,91,71,111,1
2026-04-19,43,5,86,126,78,134,1
2026-04-19,43,6,70,99,51,118,0
2026-04-19,43,7,78,78,68,88,1
2026-04-19,43,8,68,90,54,104,2
2026-04-19,43,9,80,96,61,115,1
2026-04-19,43,10,69,75,53,91,1
2026-04-19,43,11,80,80,60,100,2
2026-04-19,43,12,89,106,75,120,2
2026-04-19,43,13,63,69,57,75,1
2026-04-19,43,14,79,105,63,121,2
2026-04-19,43,15,68,68,55,81,0
2026-04-19,43,16,83,114,64,133,0
2026-04-19,43,17,74,76,54,96,1
2026-04-19,43,18,52,57,44,65,1
2026-04-19,43,19,79,79,63,95,0
2026-04-19,43,20,63,63,49,77,1
2026-04-19,44,1,52,53,47,58,0
2026-04-19,44,2,54,73,43,84,0
2026-04-19,44,3,55,65,39,81,0
2026-04-19,44,4,60,60,51,69,1
2026-04-19,44,5,57,74,49,82,1
2026-04-19,44,6,65,87,48,104,1
2026-04-19,44,7,60,60,54,66,0
2026-04-19,44,8,57,59,39,77,1
2026-04-19,44,9,61,79,50,90,1
2026-04-19,44,10,53,53,34,72,0
2026-04-19,44,11,44,50,30,64,0
2026-04-19,44,12,56,56,51,61,0
2026-04-19,44,13,40,40,35,45,0
2026-04-19,44,14,64,64,51,77,1
2026-04-19,44,15,50,74,38,86,0
2026-04-19,44,16,52,52,33,71,0
2026-04-19,44,17,53,61,34,80,1
2026-04-19,44,18,65,68,55,78,1
2026-04-19,44,19,48,70,41,77,0
2026-04-19,44,20,57,61,46,72,0
2026-04-19,45,1,70,86,50,106,0
2026-04-19,45,2,62,72,51,83,1
2026-04-19,45,3,68,68,48,88,1
2026-04-19,45,4,67,67,58,76,0
2026-04-19,45,5,61,61,44,78,0
2026-04-19,45,6,55,80,36,99,2
2026-04-19,45,7,67,67,51,83,0
2026-04-19,45,8,54,61,48,67,1
2026-04-19,45,9,80,80,61,99,1
2026-04-19,45,10,55,55,48,62,0
2026-04-19,45,11,57,76,50,83,0
2026-04-19,45,12,73,82,62,93,1
2026-04-19,45,13,79,79,62,96,2
2026-04-19,45,14,60,60,53,67,0
2026-04-19,45,15,49,62,40,71,1
2026-04-19,45,16,66,66,52,80,1
2026-04-19,45,17,58,74,47,85,1
2026-04-19,45,18,64,64,45,83,0
2026-04-19,45,19,62,75,53,84,1
2026-04-19,45,20,58,72,53,77,0
2026-04-19,46,1,76,76,71,81,1
2026-04-19,46,2,82,103,67,118,2
2026-04-19,46,3,65,81,60,86,2
2026-04-19,46,4,83,83,66,100,0
2026-04-19,46,5,60,65,44,81,1
2026-04-19,46,6,81,81,65,97,2
2026-04-19,46,7,73,81,66,88,2
2026-04-19,46,8,51,60,41,70,0
2026-04-19,46,9,76,87,58,105,1
2026-04-19,46,10,56,83,42,97,0
2026-04-19,46,11,81,115,61,135,3
2026-04-19,46,12,67,71,56,82,1
2026-04-19,46,13,73,105,63,115,1
2026-04-19,46,14,63,63,56,70,1
2026-04-19,46,15,65,65,53,77,0
2026-04-19,46,16,57,57,48,66,0
2026-04-19,46,17,54,54,46,62,0
2026-04-19,46,18,59,80,40,99,1
2026-04-19,46,19,74,90,58,106,1
2026-04-19,46,20,72,93,57,108,2
2026-04-19,47,1,77,85,71,91,2
2026-04-19,47,2,84,88,67,105,2
2026-04-19,47,3,84,84,77,91,1
2026-04-19,47,4,141,141,127,155,1
2026-04-19,47,5,84,84,71,97,2
2026-04-19,47,6,76,76,70,82,0
2026-04-19,47,7,74,91,62,103,0
2026-04-19,47,8,84,84,70,98,0
2026-04-19,47,9,80,80,75,85,0
2026-04-19,47,10,88,124,74,138,2
2026-04-19,47,11,100,118,80,138,0
2026-04-19,47,12,98,140,82,156,0
2026-04-19,47,13,76,80,71,85,2
2026-04-19,47,14,73,90,65,98,1
2026-04-19,47,15,82,82,69,95,0
2026-04-19,47,16,82,82,70,94,1
2026-04-19,47,17,84,84,65,103,1
2026-04-19,47,18,96,108,79,125,1
2026-04-19,47,19,82,82,66,98,2
2026-04-19,47,20,69,80,58,91,1
2026-04-19,48,1,58,58,40,76,0
2026-04-19,48,2,73,85,63,95,0
2026-04-19,48,3,39,50,29,60,0
2026-04-19,48,4,53,53,41,65,0
2026-04-19,48,5,58,81,51,88,0
2026-04-19,48,6,55,70,39,86,1
2026-04-19,48,7,66,71,50,87,0
2026-04-19,48,8,44,44,36,52,0
2026-04-19,48,9,53,78,42,89,1
2026-04-19,48,10,61,86,43,104,0
2026-04-19,48,11,58,86,39,105,0
2026-04-19,48,12,51,65,45,71,1
2026-04-19,48,13,49,49,36,62,0
2026-04-19,48,14,58,78,51,85,0
2026-04-19,48,15,51,63,45,69,1
2026-04-19,48,16,63,63,46,80,1
2026-04-19,48,17,72,72,59,85,1
2026-04-19,48,18,49,51,41,59,0
2026-04-19,48,19,47,47,41,53,0
2026-04-19,48,20,65,65,46,84,0
2026-04-19,49,1,40,40,22,58,0
2026-04-19,49,2,50,74,41,83,1
2026-04-19,49,3,49,57,37,69,1
2026-04-19,49,4,57,73,47,83,1
2026-04-19,49,5,36,36,30,42,0
2026-04-19,49,6,49,49,33,65,0
2026-04-19,49,7,49,49,30,68,0
2026-04-19,49,8,51,51,42,60,0
2026-04-19,49,9,47,57,36,68,1
2026-04-19,49,10,48,59,29,78,1
2026-04-19,49,11,49,69,40,78,0
2026-04-19,49,12,64,64,53,75,0
2026-04-19,49,13,52,52,35,69,0
2026-04-19,49,14,53,54,33,74,0
2026-04-19,49,15,61,61,47,75,0
2026-04-19,49,16,46,55,28,73,0
2026-04-19,49,17,49,51,29,71,0
2026-04-19,49,18,47,47,40,54,0
2026-04-19,49,19,47,47,31,63,0
2026-04-19,49,20,56,80,41,95,0
2026-04-19,50,1,44,44,39,49,0
2026-04-19,50,2,58,73,39,92,1
2026-04-19,50,3,37,53,32,58,0
2026-04-19,50,4,71,103,51,123,0
2026-04-19,50,5,44,47,35,56,0
2026-04-19,50,6,76,87,57,106,0
2026-04-19,50,7,76,76,57,95,0
2026-04-19,50,8,64,75,45,94,0
2026-04-19,50,9,80,83,60,103,0
2026-04-19,50,10,71,99,55,115,0
2026-04-19,50,11,55,63,46,72,1
2026-04-19,50,12,76,88,66,98,2
2026-04-19,50,13,60,83,53,90,2
2026-04-19,50,14,69,69,49,89,1
2026-04-19,50,15,60,86,47,99,1
2026-04-19,50,16,80,80,69,91,0
2026-04-19,50,17,45,45,31,59,1
2026-04-19,50,18,69,90,53,106,1
2026-04-19,50,19,35,45,30,50,0
2026-04-19,50,20,51,58,45,64,1
2026-04-26,1,1,52,52,45,59,0
2026-04-26,1,2,64,64,54,74,0
2026-04-26,1,3,75,112,62,125,0
2026-04-26,1,4,73,107,56,124,2
2026-04-26,1,5,61,78,56,83,0
2026-04-26,1,6,50,54,43,61,0
2026-04-26,1,7,81,88,63,106,1
2026-04-26,1,8,62,62,49,75,0
2026-04-26,1,9,54,60,48,66,0
2026-04-26,1,10,64,64,57,71,0
2026-04-26,1,11,67,88,49,106,1
2026-04-26,1,12,71,88,54,105,2
2026-04-26,1,13,32,33,26,39,0
2026-04-26,1,14,59,60,47,72,1
2026-04-26,1,15,69,101,62,108,0
2026-04-26,1,16,59,59,45,73,0
2026-04-26,1,17,55,75,43,87,2
2026-04-26,1,18,61,61,55,67,0
2026-04-26,1,19,46,66,36,76,0
2026-04-26,1,20,54,54,36,72,0
2026-04-26,2,1,48,48,39,57,0
2026-04-26,2,2,68,68,51,85,1
2026-04-26,2,3,38,39,32,45,0
2026-04-26,2,4,57,64,38,83,1
2026-04-26,2,5,39,39,32,46,1
2026-04-26,2,6,40,40,31,49,0
2026-04-26,2,7,58,58,40,76,0
2026-04-26,2,8,57,57,49,65,1
2026-04-26,2,9,53,75,41,87,1
2026-04-26,2,10,55,72,46,81,0
2026-04-26,2,11,62,62,56,68,1
2026-04-26,2,12,58,58,41,75,1
2026-04-26,2,13,48,54,37,65,1
2026-04-26,2,14,59,59,43,75,1
2026-04-26,2,15,60,73,44,89,0
2026-04-26,2,16,58,78,46,90,1
2026-04-26,2,17,23,23,18,28,0
2026-04-26,2,18,57,57,41,73,0
2026-04-26,2,19,29,39,23,45,0
2026-04-26,2,20,64,95,57,102,2
2026-04-26,3,1,80,83,69,94,1
2026-04-26,3,2,77,92,57,112,0
2026-04-26,3,3,48,49,30,67,1
2026-04-26,3,4,88,88,68,108,2
2026-04-26,3,5,42,62,37,67,1
2026-04-26,3,6,67,67,47,87,0
2026-04-26,3,7,61,66,55,72,0
2026-04-26,3,8,65,65,47,83,1
2026-04-26,3,9,76,76,60,92,2
2026-04-26,3,10,64,83,47,100,1
2026-04-26,3,11,59,67,43,83,1
2026-04-26,3,12,71,71,66,76,1
2026-04-26,3,13,47,65,35,77,0
2026-04-26,3,14,81,86,71,96,1
2026-04-26,3,15,48,49,42,55,1
2026-04-26,3,16,61,84,52,93,2
2026-04-26,3,17,52,54,39,67,0
2026-04-26,3,18,85,85,66,104,0
2026-04-26,3,19,43,57,35,65,1
2026-04-26,3,20,50,50,43,57,0
2026-04-26,4,1,59,83,44,98,1
2026-04-26,4,2,48,60,42,66,0
2026-04-26,4,3,58,58,44,72,1
2026-04-26,4,4,72,106,53,125,3
2026-04-26,4,5,68,68,58,78,1
2026-04-26,4,6,66,66,55,77,1
2026-04-26,4,7,66,80,59,87,0
2026-04-26,4,8,56,56,41,71,0
2026-04-26,4,9,67,74,60,81,1
2026-04-26,4,10,67,97,57,107,1
2026-04-26,4,11,77,92,63,106,2
2026-04-26,4,12,71,102,53,120,0
2026-04-26,4,13,44,53,32,65,0
2026-04-26,4,14,63,92,54,101,1
2026-04-26,4,15,64,68,52,80,1
2026-04-26,4,16,76,96,59,113,2
2026-04-26,4,17,45,45,33,57,0
2026-04-26,4,18,56,82,48,90,0
2026-04-26,4,19,57,80,51,86,0
2026-04-26,4,20,60,76,42,94,0
2026-04-26,5,1,41,60,26,75,0
2026-04-26,5,2,51,51,31,71,0
2026-04-26,5,3,40,49,31,58,1
2026-04-26,5,4,41,41,31,51,0
2026-04-26,5,5,42,42,28,56,0
2026-04-26,5,6,44,44,27,61,0
2026-04-26,5,7,43,43,38,48,0
2026-04-26,5,8,35,39,28,46,1
2026-04-26,5,9,40,40,31,49,0
2026-04-26,5,10,32,32,23,41,0
2026-04-26,5,11,49,60,29,80,0
2026-04-26,5,12,54,71,39,86,0
2026-04-26,5,13,26,36,20,42,0
2026-04-26,5,14,36,39,23,52,0
2026-04-26,5,15,33,34,16,51,0
2026-04-26,5,16,34,36,28,42,0
2026-04-26,5,17,38,38,28,48,0
2026-04-26,5,18,54,59,35,78,1
2026-04-26,5,19,40,58,22,76,1
2026-04-26,5,20,25,27,19,33,0
2026-04-26,6,1,55,55,40,70,0
2026-04-26,6,2,59,59,45,73,1
2026-04-26,6,3,65,91,48,108,1
2026-04-26,6,4,45,52,27,70,1
2026-04-26,6,5,55,80,47,88,0
2026-04-26,6,6,45,46,35,56,0
2026-04-26,6,7,61,83,43,101,1
2026-04-26,6,8,52,53,44,61,0
2026-04-26,6,9,67,67,47,87,1
2026-04-26,6,10,53,53,48,58,0
2026-04-26,6,11,40,40,35,45,0
2026-04-26,6,12,67,91,53,105,0
2026-04-26,6,13,44,44,37,51,1
2026-04-26,6,14,67,67,56,78,1
2026-04-26,6,15,54,54,45,63,0
2026-04-26,6,16,64,89,50,103,1
2026-04-26,6,17,62,62,51,73,0
2026-04-26,6,18,49,60,44,65,1
2026-04-26,6,19,63,85,47,101,0
2026-04-26,6,20,66,93,46,113,2
2026-04-26,7,1,62,64,52,74,1
2026-04-26,7,2,83,100,71,112,0
2026-04-26,7,3,55,55,36,74,0
2026-04-26,7,4,73,73,61,85,1
2026-04-26,7,5,53,53,43,63,1
2026-04-26,7,6,62,62,50,74,0
2026-04-26,7,7,65,91,45,111,0
2026-04-26,7,8,62,62,55,69,1
2026-04-26,7,9,54,59,46,67,0
2026-04-26,7,10,48,48,36,60,0
2026-04-26,7,11,77,93,57,113,1
2026-04-26,7,12,65,65,49,81,1
2026-04-26,7,13,58,58,38,78,0
2026-04-26,7,14,76,97,70,103,2
2026-04-26,7,15,58,71,51,78,0
2026-04-26,7,16,64,71,52,83,1
2026-04-26,7,17,47,47,39,55,0
2026-04-26,7,18,67,67,58,76,0
2026-04-26,7,19,43,62,26,79,1
2026-04-26,7,20,62,90,54,98,2
2026-04-26,8,1,35,42,17,60,1
2026-04-26,8,2,35,35,29,41,0
2026-04-26,8,3,46,64,39,71,0
2026-04-26,8,4,46,49,36,59,0
2026-04-26,8,5,49,54,42,61,0
2026-04-26,8,6,38,45,31,52,1
2026-04-26,8,7,42,42,26,58,0
2026-04-26,8,8,42,55,26,71,0
2026-04-26,8,9,51,51,42,60,1
2026-04-26,8,10,32,32,21,43,0
2026-04-26,8,11,51,51,45,57,0
2026-04-26,8,12,41,49,34,56,0
2026-04-26,8,13,42,58,26,74,1
2026-04-26,8,14,35,36,29,42,0
2026-04-26,8,15,43,52,25,70,0
2026-04-26,8,16,61,63,42,82,1
2026-04-26,8,17,42,52,34,60,0
2026-04-26,8,18,40,40,32,48,0
2026-04-26,8,19,42,57,30,69,0
2026-04-26,8,20,44,57,28,73,0
2026-04-26,9,1,47,47,42,52,0
2026-04-26,9,2,64,64,57,71,1
2026-04-26,9,3,67,89,59,97,0
2026-04-26,9,4,64,64,50,78,0
2026-04-26,9,5,46,56,41,61,0
2026-04-26,9,6,49,49,40,58,0
2026-04-26,9,7,59,59,54,64,0
2026-04-26,9,8,62,75,54,83,1
2026-04-26,9,9,51,64,39,76,0
2026-04-26,9,10,69,98,55,112,0
2026-04-26,9,11,56,56,47,65,0
2026-04-26,9,12,65,90,56,99,2
2026-04-26,9,13,74,74,64,84,1
2026-04-26,9,14,70,103,50,123,0
2026-04-26,9,15,55,75,40,90,0
2026-04-26,9,16,58,83,48,93,2
2026-04-26,9,17,45,65,36,74,1
2026-04-26,9,18,58,58,41,75,1
2026-04-26,9,19,50,55,42,63,0
2026-04-26,9,20,55,78,41,92,0
2026-04-26,10,1,79,89,59,109,2
2026-04-26,10,2,66,68,52,82,1
2026-04-26,10,3,80,105,61,124,2
2026-04-26,10,4,85,85,67,103,0
2026-04-26,10,5,77,105,66,116,1
2026-04-26,10,6,95,135,77,153,3
2026-04-26,10,7,77,89,65,101,2
2026-04-26,10,8,103,103,97,109,0
2026-04-26,10,9,92,114,75,131,1
2026-04-26,10,10,60,85,54,91,0
2026-04-26,10,11,66,66,55,77,0
2026-04-26,10,12,50,61,39,72,0
2026-04-26,10,13,84,94,69,109,2
2026-04-26,10,14,73,73,60,86,1
2026-04-26,10,15,83,114,78,119,1
2026-04-26,10,16,94,110,85,119,1
2026-04-26,10,17,75,75,69,81,2
2026-04-26,10,18,68,76,53,91,0
2026-04-26,10,19,91,91,82,100,0
2026-04-26,10,20,80,85,66,99,2
2026-04-26,11,1,55,75,40,90,2
2026-04-26,11,2,60,72,48,84,1
2026-04-26,11,3,49,55,35,69,0
2026-04-26,11,4,68,68,51,85,1
2026-04-26,11,5,41,44,32,53,0
2026-04-26,11,6,72,74,55,91,1
2026-04-26,11,7,70,70,52,88,1
2026-04-26,11,8,53,61,37,77,0
2026-04-26,11,9,63,81,56,88,0
2026-04-26,11,10,75,98,67,106,1
2026-04-26,11,11,50,50,42,58,0
2026-04-26,11,12,53,53,47,59,0
2026-04-26,11,13,60,60,54,66,1
2026-04-26,11,14,74,74,60,88,1
2026-04-26,11,15,68,76,48,96,1
2026-04-26,11,16,56,69,50,75,1
2026-04-26,11,17,30,37,25,42,0
2026-04-26,11,18,58,58,41,75,1
2026-04-26,11,19,42,42,31,53,0
2026-04-26,11,20,59,59,39,79,0
2026-04-26,12,1,59,84,52,91,0
2026-04-26,12,2,54,77,42,89,0
2026-04-26,12,3,44,48,25,67,0
2026-04-26,12,4,47,47,37,57,1
2026-04-26,12,5,43,43,25,61,0
2026-04-26,12,6,54,58,36,76,1
2026-04-26,12,7,66,78,48,96,1
2026-04-26,12,8,52,62,42,72,0
2026-04-26,12,9,62,91,50,103,0
2026-04-26,12,10,46,46,32,60,0
2026-04-26,12,11,58,58,48,68,1
2026-04-26,12,12,60,68,50,78,0
2026-04-26,12,13,61,61,56,66,0
2026-04-26,12,14,61,61,52,70,1
2026-04-26,12,15,61,86,53,94,2
2026-04-26,12,16,53,53,48,58,0
2026-04-26,12,17,47,67,36,78,2
2026-04-26,12,18,37,55,31,61,1
2026-04-26,12,19,47,68,30,85,1
2026-04-26,12,20,59,59,39,79,1
2026-04-26,13,1,67,82,50,99,1
2026-04-26,13,2,61,71,53,79,1
2026-04-26,13,3,56,77,42,91,0
2026-04-26,13,4,67,67,59,75,1
2026-04-26,13,5,77,91,62,106,0
2026-04-26,13,6,83,114,64,133,0
2026-04-26,13,7,63,67,55,75,1
2026-04-26,13,8,87,87,73,101,2
2026-04-26,13,9,64,82,51,95,2
2026-04-26,13,10,77,77,58,96,1
2026-04-26,13,11,86,112,74,124,3
2026-04-26,13,12,98,98,86,110,0
2026-04-26,13,13,58,86,51,93,1
2026-04-26,13,14,69,69,64,74,0
2026-04-26,13,15,76,84,57,103,1
2026-04-26,13,16,56,56,48,64,0
2026-04-26,13,17,75,75,57,93,0
2026-04-26,13,18,70,70,63,77,0
2026-04-26,13,19,71,102,66,107,0
2026-04-26,13,20,60,60,46,74,0
2026-04-26,14,1,43,43,36,50,0
2026-04-26,14,2,54,54,49,59,0
2026-04-26,14,3,78,80,64,94,1
2026-04-26,14,4,58,85,42,101,1
2026-04-26,14,5,55,62,46,71,0
2026-04-26,14,6,68,73,50,91,0
2026-04-26,14,7,60,76,50,86,1
2026-04-26,14,8,55,55,36,74,0
2026-04-26,14,9,72,77,54,95,0
2026-04-26,14,10,74,74,58,90,0
2026-04-26,14,11,81,100,66,115,0
2026-04-26,14,12,54,66,46,74,1
2026-04-26,14,13,52,63,43,72,1
2026-04-26,14,14,62,62,49,75,0
2026-04-26,14,15,46,46,41,51,0
2026-04-26,14,16,40,48,32,56,0
2026-04-26,14,17,59,62,39,82,1
2026-04-26,14,18,50,50,36,64,1
2026-04-26,14,19,69,69,55,83,1
2026-04-26,14,20,50,50,44,56,0
2026-04-26,15,1,50,57,43,64,1
2026-04-26,15,2,59,79,46,92,1
2026-04-26,15,3,35,35,29,41,0
2026-04-26,15,4,60,89,45,104,1
2026-04-26,15,5,41,57,32,66,0
2026-04-26,15,6,45,45,33,57,1
2026-04-26,15,7,56,65,47,74,0
2026-04-26,15,8,59,74,43,90,0
2026-04-26,15,9,62,62,42,82,0
2026-04-26,15,10,55,75,50,80,1
2026-04-26,15,11,64,91,44,111,1
2026-04-26,15,12,41,56,36,61,1
2026-04-26,15,13,58,58,38,78,1
2026-04-26,15,14,57,80,44,93,1
2026-04-26,15,15,49,59,36,72,0
2026-04-26,15,16,54,66,41,79,0
2026-04-26,15,17,58,84,44,98,1
2026-04-26,15,18,45,65,40,70,0
2026-04-26,15,19,42,44,25,61,0
2026-04-26,15,20,62,62,42,82,1
2026-04-26,16,1,54,76,45,85,1
2026-04-26,16,2,67,79,50,96,1
2026-04-26,16,3,61,61,41,81,1
2026-04-26,16,4,72,107,62,117,1
2026-04-26,16,5,52,52,42,62,1
2026-04-26,16,6,57,84,37,104,0
2026-04-26,16,7,57,83,44,96,1
2026-04-26,16,8,54,75,43,86,1
2026-04-26,16,9,67,100,48,119,0
2026-04-26,16,10,57,65,44,78,1
2026-04-26,16,11,64,64,50,78,0
2026-04-26,16,12,64,82,57,89,1
2026-04-26,16,13,59,59,40,78,0
2026-04-26,16,14,68,68,49,87,1
2026-04-26,16,15,60,81,47,94,1
2026-04-26,16,16,58,74,49,83,1
2026-04-26,16,17,39,39,34,44,0
2026-04-26,16,18,53,79,42,90,2
2026-04-26,16,19,63,76,53,86,0
2026-04-26,16,20,51,63,35,79,0
2026-04-26,17,1,56,81,45,92,0
2026-04-26,17,2,53,75,39,89,0
2026-04-26,17,3,44,44,31,57,1
2026-04-26,17,4,68,95,63,100,2
2026-04-26,17,5,43,46,26,63,0
2026-04-26,17,6,42,53,30,65,0
2026-04-26,17,7,57,57,40,74,1
2026-04-26,17,8,51,51,33,69,1
2026-04-26,17,9,54,74,44,84,0
2026-04-26,17,10,36,45,28,53,0
2026-04-26,17,11,52,77,41,88,0
2026-04-26,17,12,58,68,47,79,0
2026-04-26,17,13,39,45,30,54,0
2026-04-26,17,14,56,58,38,76,0
2026-04-26,17,15,55,55,45,65,0
2026-04-26,17,16,43,48,35,56,1
2026-04-26,17,17,46,49,34,61,0
2026-04-26,17,18,46,60,39,67,1
2026-04-26,17,19,42,42,35,49,0
2026-04-26,17,20,45,45,31,59,0
2026-04-26,18,1,79,97,68,108,0
2026-04-26,18,2,94,126,81,139,1
2026-04-26,18,3,80,92,73,99,1
2026-04-26,18,4,98,99,80,117,0
2026-04-26,18,5,76,97,64,109,2
2026-04-26,18,6,90,113,71,132,2
2026-04-26,18,7,85,95,69,111,1
2026-04-26,18,8,86,124,66,144,0
2026-04-26,18,9,97,119,85,131,0
2026-04-26,18,10,73,87,65,95,0
2026-04-26,18,11,71,71,57,85,1
2026-04-26,18,12,83,112,71,124,2
2026-04-26,18,13,90,111,71,130,0
2026-04-26,18,14,73,97,60,110,2
2026-04-26,18,15,74,74,57,91,0
2026-04-26,18,16,89,106,84,111,0
2026-04-26,18,17,80,95,60,115,0
2026-04-26,18,18,82,82,65,99,1
2026-04-26,18,19,74,102,69,107,1
2026-04-26,18,20,70,83,62,91,1
2026-04-26,19,1,60,69,45,84,1
2026-04-26,19,2,65,79,45,99,1
2026-04-26,19,3,50,56,44,62,1
2026-04-26,19,4,48,48,40,56,0
2026-04-26,19,5,55,61,39,77,0
2026-04-26,19,6,57,57,50,64,1
2026-04-26,19,7,85,115,65,135,1
2026-04-26,19,8,66,66,54,78,0
2026-04-26,19,9,59,85,53,91,1
2026-04-26,19,10,57,60,37,80,1
2026-04-26,19,11,65,65,49,81,1
2026-04-26,19,12,62,62,49,75,1
2026-04-26,19,13,68,94,48,114,1
2026-04-26,19,14,59,62,44,77,1
2026-04-26,19,15,45,48,40,53,1
2026-04-26,19,16,63,63,44,82,0
2026-04-26,19,17,53,53,37,69,0
2026-04-26,19,18,74,80,55,99,0
2026-04-26,19,19,61,63,49,75,0
2026-04-26,19,20,55,57,41,71,1
2026-04-26,20,1,56,68,45,79,0
2026-04-26,20,2,56,56,44,68,0
2026-04-26,20,3,31,37,25,43,0
2026-04-26,20,4,61,79,42,98,0
2026-04-26,20,5,33,44,26,51,0
2026-04-26,20,6,56,80,41,95,0
2026-04-26,20,7,70,70,50,90,0
2026-04-26,20,8,58,58,48,68,0
2026-04-26,20,9,68,99,52,115,2
2026-04-26,20,10,66,66,47,85,0
2026-04-26,20,11,70,100,56,114,0
2026-04-26,20,12,52,56,41,67,1
2026-04-26,20,13,66,66,48,84,0
2026-04-26,20,14,60,68,47,81,0
2026-04-26,20,15,53,53,43,63,0
2026-04-26,20,16,68,89,52,105,0
2026-04-26,20,17,57,70,42,85,0
2026-04-26,20,18,75,92,57,110,1
2026-04-26,20,19,31,44,23,52,0
2026-04-26,20,20,46,46,36,56,0
2026-04-26,21,1,52,52,34,70,1
2026-04-26,21,2,39,39,33,45,0
2026-04-26,21,3,51,64,33,82,1
2026-04-26,21,4,47,53,37,63,0
2026-04-26,21,5,56,57,42,71,1
2026-04-26,21,6,54,54,34,74,0
2026-04-26,21,7,49,49,40,58,1
2026-04-26,21,8,42,56,26,72,1
2026-04-26,21,9,86,100,67,119,1
2026-04-26,21,10,53,64,34,83,1
2026-04-26,21,11,55,72,45,82,1
2026-04-26,21,12,49,70,30,89,2
2026-04-26,21,13,42,44,23,63,0
2026-04-26,21,14,48,51,39,60,0
2026-04-26,21,15,44,64,31,77,1
2026-04-26,21,16,41,44,35,50,1
2026-04-26,21,17,45,46,31,60,0
2026-04-26,21,18,53,53,34,72,0
2026-04-26,21,19,52,70,35,87,1
2026-04-26,21,20,35,51,27,59,0
2026-04-26,22,1,62,90,46,106,1
2026-04-26,22,2,67,67,61,73,1
2026-04-26,22,3,61,72,41,92,0
2026-04-26,22,4,56,78,49,85,0
2026-04-26,22,5,65,79,49,95,0
2026-04-26,22,6,56,56,43,69,0
2026-04-26,22,7,75,94,56,113,0
2026-04-26,22,8,54,66,46,74,0
2026-04-26,22,9,45,45,40,50,0
2026-04-26,22,10,31,31,24,38,0
2026-04-26,22,11,74,74,61,87,1
2026-04-26,22,12,57,61,38,80,0
2026-04-26,22,13,46,46,31,61,0
2026-04-26,22,14,60,79,55,84,0
2026-04-26,22,15,48,48,43,53,1
2026-04-26,22,16,61,86,48,99,0
2026-04-26,22,17,51,63,46,68,0
2026-04-26,22,18,62,84,43,103,0
2026-04-26,22,19,54,54,40,68,0
2026-04-26,22,20,58,58,47,69,0
2026-04-26,23,1,43,62,34,71,0
2026-04-26,23,2,70,77,51,96,0
2026-04-26,23,3,68,68,50,86,1
2026-04-26,23,4,57,57,43,71,1
2026-04-26,23,5,60,75,47,88,1
2026-04-26,23,6,56,71,48,79,1
2026-04-26,23,7,50,67,40,77,1
2026-04-26,23,8,50,54,41,63,0
2026-04-26,23,9,63,84,50,97,0
2026-04-26,23,10,56,64,40,80,1
2026-04-26,23,11,85,85,65,105,0
2026-04-26,23,12,72,74,67,79,0
2026-04-26,23,13,44,44,36,52,0
2026-04-26,23,14,67,89,47,109,0
2026-04-26,23,15,59,69,41,87,1
2026-04-26,23,16,65,65,50,80,1
2026-04-26,23,17,73,85,53,105,0
2026-04-26,23,18,58,68,45,81,0
2026-04-26,23,19,59,80,51,88,0
2026-04-26,23,20,52,76,46,82,0
2026-04-26,24,1,62,72,57,77,1
2026-04-26,24,2,60,65,53,72,1
2026-04-26,24,3,67,90,52,105,2
2026-04-26,24,4,74,74,56,92,0
2026-04-26,24,5,66,77,47,96,0
2026-04-26,24,6,75,84,59,100,0
2026-04-26,24,7,59,59,54,64,0
2026-04-26,24,8,94,123,78,139,3
2026-04-26,24,9,71,84,51,104,1
2026-04-26,24,10,66,79,51,94,0
2026-04-26,24,11,66,69,59,76,0
2026-04-26,24,12,78,96,70,104,0
2026-04-26,24,13,67,67,51,83,0
2026-04-26,24,14,60,60,50,70,1
2026-04-26,24,15,53,53,48,58,0
2026-04-26,24,16,54,54,47,61,0
2026-04-26,24,17,58,66,50,74,1
2026-04-26,24,18,54,54,42,66,1
2026-04-26,24,19,57,60,52,65,0
2026-04-26,24,20,61,85,53,93,1
2026-04-26,25,1,72,72,54,90,2
2026-04-26,25,2,88,112,82,118,2
2026-04-26,25,3,91,114,75,130,1
2026-04-26,25,4,68,68,62,74,0
2026-04-26,25,5,62,62,55,69,0
2026-04-26,25,6,64,95,50,109,0
2026-04-26,25,7,65,74,58,81,1
2026-04-26,25,8,83,121,63,141,1
2026-04-26,25,9,73,73,64,82,0
2026-04-26,25,10,63,84,58,89,1
2026-04-26,25,11,92,92,75,109,2
2026-04-26,25,12,94,94,74,114,2
2026-04-26,25,13,79,113,63,129,1
2026-04-26,25,14,68,68,57,79,1
2026-04-26,25,15,66,77,57,86,2
2026-04-26,25,16,67,85,60,92,0
2026-04-26,25,17,66,87,58,95,0
2026-04-26,25,18,80,116,61,135,2
2026-04-26,25,19,68,82,58,92,1
2026-04-26,25,20,59,59,44,74,0
2026-04-26,26,1,54,65,48,71,1
2026-04-26,26,2,66,91,46,111,2
2026-04-26,26,3,61,79,41,99,1
2026-04-26,26,4,82,112,64,130,2
2026-04-26,26,5,71,79,55,95,0
2026-04-26,26,6,59,86,46,99,1
2026-04-26,26,7,59,59,43,75,0
2026-04-26,26,8,47,47,37,57,0
2026-04-26,26,9,50,71,39,82,0
2026-04-26,26,10,61,61,54,68,0
2026-04-26,26,11,51,53,43,61,0
2026-04-26,26,12,46,59,38,67,1
2026-04-26,26,13,54,68,45,77,0
2026-04-26,26,14,69,85,51,103,0
2026-04-26,26,15,64,64,45,83,1
2026-04-26,26,16,58,58,53,63,0
2026-04-26,26,17,70,72,50,92,0
2026-04-26,26,18,60,62,44,78,1
2026-04-26,26,19,63,87,47,103,0
2026-04-26,26,20,48,60,40,68,0
2026-04-26,27,1,64,73,53,84,1
2026-04-26,27,2,57,57,50,64,0
2026-04-26,27,3,70,98,64,104,2
2026-04-26,27,4,77,91,64,104,2
2026-04-26,27,5,63,89,51,101,2
2026-04-26,27,6,67,94,59,102,1
2026-04-26,27,7,73,79,58,94,0
2026-04-26,27,8,52,52,45,59,0
2026-04-26,27,9,98,113,81,130,0
2026-04-26,27,10,68,68,55,81,1
2026-04-26,27,11,72,97,59,110,2
2026-04-26,27,12,62,73,51,84,1
2026-04-26,27,13,71,71,54,88,0
2026-04-26,27,14,52,70,37,85,0
2026-04-26,27,15,55,62,45,72,0
2026-04-26,27,16,91,104,71,124,1
2026-04-26,27,17,86,125,67,144,2
2026-04-26,27,18,71,71,58,84,1
2026-04-26,27,19,71,79,53,97,0
2026-04-26,27,20,66,66,47,85,1
2026-04-26,28,1,55,76,48,83,0
2026-04-26,28,2,57,57,44,70,1
2026-04-26,28,3,52,52,38,66,0
2026-04-26,28,4,81,81,65,97,0
2026-04-26,28,5,42,62,37,67,1
2026-04-26,28,6,61,61,56,66,0
2026-04-26,28,7,71,71,55,87,1
2026-04-26,28,8,68,89,53,104,2
2026-04-26,28,9,70,70,53,87,0
2026-04-26,28,10,75,75,56,94,1
2026-04-26,28,11,75,107,58,124,0
2026-04-26,28,12,71,71,55,87,0
2026-04-26,28,13,60,60,48,72,1
2026-04-26,28,14,87,122,70,139,0
2026-04-26,28,15,69,69,51,87,1
2026-04-26,28,16,74,74,55,93,1
2026-04-26,28,17,48,48,29,67,0
2026-04-26,28,18,63,63,51,75,0
2026-04-26,28,19,66,66,47,85,0
2026-04-26,28,20,92,123,72,143,2
2026-04-26,29,1,52,63,33,82,1
2026-04-26,29,2,41,58,29,70,0
2026-04-26,29,3,45,45,38,52,0
2026-04-26,29,4,45,45,39,51,0
2026-04-26,29,5,34,38,25,47,0
2026-04-26,29,6,56,66,48,74,1
2026-04-26,29,7,52,52,35,69,0
2026-04-26,29,8,37,37,32,42,0
2026-04-26,29,9,49,62,44,67,0
2026-04-26,29,10,43,43,38,48,0
2026-04-26,29,11,59,63,45,77,1
2026-04-26,29,12,57,75,47,85,0
2026-04-26,29,13,45,54,32,67,0
2026-04-26,29,14,55,55,39,71,1
2026-04-26,29,15,45,45,37,53,0
2026-04-26,29,16,49,54,41,62,0
2026-04-26,29,17,59,59,43,75,0
2026-04-26,29,18,60,60,44,76,1
2026-04-26,29,19,51,51,45,57,0
2026-04-26,29,20,59,79,43,95,1
2026-04-26,30,1,54,54,42,66,0
2026-04-26,30,2,81,81,65,97,1
2026-04-26,30,3,50,63,43,70,0
2026-04-26,30,4,70,70,62,78,1
2026-04-26,30,5,70,70,56,84,2
2026-04-26,30,6,66,81,52,95,0
2026-04-26,30,7,101,114,90,125,0
2026-04-26,30,8,75,75,60,90,1
2026-04-26,30,9,83,83,71,95,1
2026-04-26,30,10,31,40,22,49,0
2026-04-26,30,11,82,108,64,126,0
2026-04-26,30,12,68,68,63,73,1
2026-04-26,30,13,73,73,57,89,1
2026-04-26,30,14,66,66,56,76,0
2026-04-26,30,15,72,90,56,106,1
2026-04-26,30,16,74,106,58,122,2
2026-04-26,30,17,79,79,60,98,1
2026-04-26,30,18,74,105,58,121,1
2026-04-26,30,19,74,74,57,91,1
2026-04-26,30,20,60,60,50,70,0
2026-04-26,31,1,78,89,58,109,0
2026-04-26,31,2,56,73,50,79,1
2026-04-26,31,3,65,67,49,83,1
2026-04-26,31,4,84,89,70,103,1
2026-04-26,31,5,61,83,56,88,1
2026-04-26,31,6,69,81,59,91,2
2026-04-26,31,7,61,71,46,86,0
2026-04-26,31,8,64,64,58,70,0
2026-04-26,31,9,94,128,88,134,2
2026-04-26,31,10,61,62,53,70,0
2026-04-26,31,11,91,131,77,145,1
2026-04-26,31,12,78,103,62,119,1
2026-04-26,31,13,62,62,54,70,1
2026-04-26,31,14,73,73,54,92,2
2026-04-26,31,15,58,83,51,90,1
2026-04-26,31,16,79,118,67,130,2
2026-04-26,31,17,72,103,53,122,0
2026-04-26,31,18,80,80,61,99,1
2026-04-26,31,19,69,85,64,90,1
2026-04-26,31,20,51,53,43,61,1
2026-04-26,32,1,50,65,33,82,1
2026-04-26,32,2,48,48,34,62,1
2026-04-26,32,3,23,33,14,42,0
2026-04-26,32,4,42,43,33,52,0
2026-04-26,32,5,44,44,34,54,0
2026-04-26,32,6,33,39,27,45,0
2026-04-26,32,7,45,55,31,69,1
2026-04-26,32,8,37,37,29,45,0
2026-04-26,32,9,53,53,37,69,0
2026-04-26,32,10,50,50,31,69,0
2026-04-26,32,11,42,48,30,60,0
2026-04-26,32,12,49,55,29,75,0
2026-04-26,32,13,41,41,27,55,0
2026-04-26,32,14,44,44,29,59,0
2026-04-26,32,15,48,48,34,62,0
2026-04-26,32,16,34,46,28,52,1
2026-04-26,32,17,47,51,32,66,0
2026-04-26,32,18,29,29,24,34,0
2026-04-26,32,19,30,37,17,50,0
2026-04-26,32,20,43,43,25,61,1
2026-04-26,33,1,57,75,49,83,0
2026-04-26,33,2,54,54,42,66,0
2026-04-26,33,3,48,63,39,72,1
2026-04-26,33,4,53,63,34,82,0
2026-04-26,33,5,44,49,38,55,1
2026-04-26,33,6,60,71,55,76,1
2026-04-26,33,7,50,50,30,70,1
2026-04-26,33,8,57,75,41,91,0
2026-04-26,33,9,39,55,33,61,0
2026-04-26,33,10,42,47,35,54,0
2026-04-26,33,11,61,85,50,96,1
2026-04-26,33,12,54,58,34,78,1
2026-04-26,33,13,50,51,32,69,0
2026-04-26,33,14,79,105,63,121,0
2026-04-26,33,15,57,57,49,65,1
2026-04-26,33,16,76,106,57,125,2
2026-04-26,33,17,48,53,36,65,0
2026-04-26,33,18,46,46,35,57,1
2026-04-26,33,19,60,60,42,78,0
2026-04-26,33,20,47,56,30,73,0
2026-04-26,34,1,84,90,65,109,1
2026-04-26,34,2,52,52,47,57,1
2026-04-26,34,3,62,82,52,92,1
2026-04-26,34,4,69,77,57,89,0
2026-04-26,34,5,58,69,53,74,1
2026-04-26,34,6,53,57,41,69,1
2026-04-26,34,7,74,74,64,84,0
2026-04-26,34,8,98,113,82,129,2
2026-04-26,34,9,53,53,47,59,0
2026-04-26,34,10,75,103,56,122,2
2026-04-26,34,11,71,82,63,90,1
2026-04-26,34,12,57,67,52,72,0
2026-04-26,34,13,66,66,55,77,0
2026-04-26,34,14,73,73,58,88,0
2026-04-26,34,15,72,88,62,98,1
2026-04-26,34,16,80,117,68,129,1
2026-04-26,34,17,75,93,59,109,1
2026-04-26,34,18,71,71,56,86,2
2026-04-26,34,19,67,85,59,93,1
2026-04-26,34,20,74,102,59,117,0
2026-04-26,35,1,58,58,40,76,1
2026-04-26,35,2,104,110,86,128,0
2026-04-26,35,3,67,88,53,102,2
2026-04-26,35,4,71,71,53,89,1
2026-04-26,35,5,64,92,52,104,1
2026-04-26,35,6,56,69,44,81,1
2026-04-26,35,7,63,67,43,87,1
2026-04-26,35,8,55,55,45,65,0
2026-04-26,35,9,66,66,60,72,0
2026-04-26,35,10,57,69,47,79,0
2026-04-26,35,11,64,78,45,97,0
2026-04-26,35,12,71,71,62,80,2
2026-04-26,35,13,74,108,55,127,0
2026-04-26,35,14,70,85,53,102,0
2026-04-26,35,15,57,57,49,65,1
2026-04-26,35,16,59,75,47,87,0
2026-04-26,35,17,58,83,39,102,0
2026-04-26,35,18,70,101,51,120,2
2026-04-26,35,19,62,86,47,101,1
2026-04-26,35,20,72,95,61,106,2
2026-04-26,36,1,51,63,34,80,0
2026-04-26,36,2,58,81,39,100,1
2026-04-26,36,3,39,39,26,52,1
2026-04-26,36,4,54,60,36,78,0
2026-04-26,36,5,36,36,25,47,0
2026-04-26,36,6,67,100,53,114,2
2026-04-26,36,7,47,62,37,72,1
2026-04-26,36,8,56,75,38,93,1
2026-04-26,36,9,51,51,39,63,0
2026-04-26,36,10,36,40,31,45,0
2026-04-26,36,11,34,34,29,39,0
2026-04-26,36,12,38,55,32,61,0
2026-04-26,36,13,50,50,39,61,0
2026-04-26,36,14,58,84,39,103,2
2026-04-26,36,15,43,61,25,79,0
2026-04-26,36,16,49,66,35,80,0
2026-04-26,36,17,38,56,28,66,1
2026-04-26,36,18,51,69,45,75,0
2026-04-26,36,19,30,39,25,44,0
2026-04-26,36,20,55,60,35,80,0
2026-04-26,37,1,55,66,47,74,0
2026-04-26,37,2,51,63,37,77,1
2026-04-26,37,3,67,71,51,87,1
2026-04-26,37,4,68,68,60,76,0
2026-04-26,37,5,46,46,38,54,1
2026-04-26,37,6,59,71,48,82,1
2026-04-26,37,7,57,57,39,75,0
2026-04-26,37,8,47,67,35,79,0
2026-04-26,37,9,87,98,74,111,2
2026-04-26,37,10,42,54,36,60,0
2026-04-26,37,11,56,56,47,65,0
2026-04-26,37,12,71,88,54,105,2
2026-04-26,37,13,66,66,50,82,1
2026-04-26,37,14,61,69,46,84,1
2026-04-26,37,15,56,71,47,80,1
2026-04-26,37,16,62,62,45,79,0
2026-04-26,37,17,42,42,36,48,1
2026-04-26,37,18,54,71,35,90,0
2026-04-26,37,19,74,98,65,107,0
2026-04-26,37,20,83,85,75,93,0
2026-04-26,38,1,63,74,43,94,0
2026-04-26,38,2,40,49,25,64,0
2026-04-26,38,3,46,65,32,79,1
2026-04-26,38,4,63,63,48,78,0
2026-04-26,38,5,39,39,24,54,0
2026-04-26,38,6,43,47,38,52,0
2026-04-26,38,7,43,44,36,51,0
2026-04-26,38,8,46,51,34,63,1
2026-04-26,38,9,70,70,52,88,0
2026-04-26,38,10,44,56,30,70,1
2026-04-26,38,11,55,59,46,68,0
2026-04-26,38,12,49,49,31,67,0
2026-04-26,38,13,77,88,57,108,2
2026-04-26,38,14,58,58,43,73,0
2026-04-26,38,15,60,60,41,79,1
2026-04-26,38,16,45,65,39,71,0
2026-04-26,38,17,43,43,25,61,0
2026-04-26,38,18,58,58,48,68,0
2026-04-26,38,19,37,52,30,59,0
2026-04-26,38,20,58,78,49,87,1
2026-04-26,39,1,70,77,62,85,2
2026-04-26,39,2,49,57,32,74,0
2026-04-26,39,3,49,49,35,63,0
2026-04-26,39,4,55,81,41,95,2
2026-04-26,39,5,66,93,50,109,2
2026-04-26,39,6,58,58,51,65,1
2026-04-26,39,7,62,80,53,89,0
2026-04-26,39,8,77,105,57,125,1
2026-04-26,39,9,75,75,61,89,0
2026-04-26,39,10,52,56,38,70,1
2026-04-26,39,11,85,85,68,102,0
2026-04-26,39,12,60,60,51,69,1
2026-04-26,39,13,52,52,43,61,1
2026-04-26,39,14,66,78,52,92,1
2026-04-26,39,15,57,65,50,72,0
2026-04-26,39,16,64,64,52,76,1
2026-04-26,39,17,67,69,47,89,0
2026-04-26,39,18,51,51,44,58,0
2026-04-26,39,19,53,53,35,71,0
2026-04-26,39,20,50,69,34,85,1
2026-04-26,40,1,47,47,40,54,1
2026-04-26,40,2,51,60,38,73,0
2026-04-26,40,3,73,79,55,97,1
2026-04-26,40,4,61,61,52,70,0
2026-04-26,40,5,53,53,45,61,1
2026-04-26,40,6,61,78,56,83,1
2026-04-26,40,7,73,88,53,108,1
2026-04-26,40,8,68,85,53,100,1
2026-04-26,40,9,65,87,51,101,0
2026-04-26,40,10,57,57,49,65,0
2026-04-26,40,11,73,108,54,127,2
2026-04-26,40,12,80,81,69,92,0
2026-04-26,40,13,61,75,55,81,1
2026-04-26,40,14,77,114,57,134,0
2026-04-26,40,15,85,117,75,127,2
2026-04-26,40,16,67,78,56,89,1
2026-04-26,40,17,69,95,51,113,2
2026-04-26,40,18,59,78,52,85,2
2026-04-26,40,19,94,94,87,101,0
2026-04-26,40,20,62,62,47,77,1
2026-04-26,41,1,29,29,17,41,0
2026-04-26,41,2,39,50,30,59,0
2026-04-26,41,3,32,34,20,46,0
2026-04-26,41,4,63,63,43,83,1
2026-04-26,41,5,38,53,24,67,1
2026-04-26,41,6,61,73,41,93,0
2026-04-26,41,7,45,45,31,59,1
2026-04-26,41,8,42,46,32,56,0
2026-04-26,41,9,45,64,39,70,1
2026-04-26,41,10,49,60,36,73,1
2026-04-26,41,11,58,59,50,67,0
2026-04-26,41,12,52,62,36,78,0
2026-04-26,41,13,47,54,30,71,0
2026-04-26,41,14,50,72,30,92,0
2026-04-26,41,15,60,67,50,77,0
2026-04-26,41,16,48,48,40,56,1
2026-04-26,41,17,42,46,26,62,0
2026-04-26,41,18,42,62,30,74,0
2026-04-26,41,19,32,44,23,53,1
2026-04-26,41,20,44,44,37,51,0
2026-04-26,42,1,59,68,49,78,1
2026-04-26,42,2,46,46,37,55,0
2026-04-26,42,3,47,57,42,62,1
2026-04-26,42,4,56,63,39,80,0
2026-04-26,42,5,61,73,45,89,2
2026-04-26,42,6,52,72,41,83,0
2026-04-26,42,7,60,88,54,94,1
2026-04-26,42,8,47,51,40,58,0
2026-04-26,42,9,66,72,49,89,2
2026-04-26,42,10,41,56,29,68,0
2026-04-26,42,11,61,89,54,96,0
2026-04-26,42,12,67,67,58,76,1
2026-04-26,42,13,54,54,35,73,0
2026-04-26,42,14,56,56,40,72,0
2026-04-26,42,15,53,53,43,63,0
2026-04-26,42,16,57,57,42,72,1
2026-04-26,42,17,57,57,50,64,1
2026-04-26,42,18,65,89,53,101,2
2026-04-26,42,19,43,43,33,53,0
2026-04-26,42,20,49,62,41,70,1
2026-04-26,43,1,66,73,57,82,0
2026-04-26,43,2,101,132,83,150,2
2026-04-26,43,3,83,117,66,134,0
2026-04-26,43,4,72,99,56,115,0
2026-04-26,43,5,90,124,72,142,0
2026-04-26,43,6,59,87,47,99,0
2026-04-26,43,7,107,107,87,127,2
2026-04-26,43,8,74,110,56,128,3
2026-04-26,43,9,92,122,72,142,1
2026-04-26,43,10,87,117,71,133,1
2026-04-26,43,11,77,77,62,92,1
2026-04-26,43,12,61,61,50,72,1
2026-04-26,43,13,67,78,50,95,1
2026-04-26,43,14,59,86,54,91,0
2026-04-26,43,15,75,99,57,117,1
2026-04-26,43,16,60,60,53,67,0
2026-04-26,43,17,55,78,40,93,1
2026-04-26,43,18,70,94,56,108,2
2026-04-26,43,19,82,97,67,112,0
2026-04-26,43,20,62,88,52,98,0
2026-04-26,44,1,50,70,36,84,0
2026-04-26,44,2,73,73,57,89,1
2026-04-26,44,3,89,89,71,107,0
2026-04-26,44,4,61,69,48,82,0
2026-04-26,44,5,65,74,46,93,0
2026-04-26,44,6,74,74,66,82,0
2026-04-26,44,7,53,79,39,93,1
2026-04-26,44,8,52,52,47,57,1
2026-04-26,44,9,52,65,38,79,0
2026-04-26,44,10,56,56,49,63,0
2026-04-26,44,11,51,66,45,72,1
2026-04-26,44,12,49,64,39,74,1
2026-04-26,44,13,56,56,44,68,1
2026-04-26,44,14,62,68,50,80,1
2026-04-26,44,15,53,56,40,69,0
2026-04-26,44,16,52,52,32,72,1
2026-04-26,44,17,58,58,49,67,0
2026-04-26,44,18,46,46,40,52,0
2026-04-26,44,19,46,46,40,52,0
2026-04-26,44,20,54,54,48,60,1
2026-04-26,45,1,53,61,47,67,1
2026-04-26,45,2,64,76,49,91,1
2026-04-26,45,3,57,57,44,70,1
2026-04-26,45,4,64,95,56,103,1
2026-04-26,45,5,43,51,35,59,0
2026-04-26,45,6,64,79,55,88,1
2026-04-26,45,7,74,74,54,94,0
2026-04-26,45,8,77,89,63,103,1
2026-04-26,45,9,69,69,63,75,1
2026-04-26,45,10,59,59,42,76,0
2026-04-26,45,11,50,58,45,63,1
2026-04-26,45,12,52,73,41,84,1
2026-04-26,45,13,68,89,48,109,0
2026-04-26,45,14,72,72,61,83,0
2026-04-26,45,15,54,77,49,82,1
2026-04-26,45,16,54,54,39,69,1
2026-04-26,45,17,67,83,48,102,2
2026-04-26,45,18,82,105,64,123,2
2026-04-26,45,19,54,58,48,64,0
2026-04-26,45,20,53,73,45,81,0
2026-04-26,46,1,64,64,59,69,0
2026-04-26,46,2,69,69,61,77,0
2026-04-26,46,3,50,50,36,64,0
2026-04-26,46,4,98,98,80,116,1
2026-04-26,46,5,81,120,62,139,1
2026-04-26,46,6,74,83,63,94,1
2026-04-26,46,7,70,70,65,75,0
2026-04-26,46,8,68,79,57,90,0
2026-04-26,46,9,64,64,58,70,1
2026-04-26,46,10,64,64,48,80,0
2026-04-26,46,11,71,71,59,83,1
2026-04-26,46,12,77,89,65,101,1
2026-04-26,46,13,66,97,48,115,2
2026-04-26,46,14,49,49,42,56,1
2026-04-26,46,15,45,45,34,56,0
2026-04-26,46,16,89,116,76,129,0
2026-04-26,46,17,79,79,59,99,0
2026-04-26,46,18,85,118,66,137,1
2026-04-26,46,19,58,72,46,84,0
2026-04-26,46,20,61,70,54,77,0
2026-04-26,47,1,118,118,102,134,1
2026-04-26,47,2,81,90,74,97,1
2026-04-26,47,3,105,105,85,125,2
2026-04-26,47,4,71,77,64,84,1
2026-04-26,47,5,66,98,54,110,1
2026-04-26,47,6,64,66,51,79,0
2026-04-26,47,7,59,61,47,73,1
2026-04-26,47,8,70,99,56,113,0
2026-04-26,47,9,79,88,68,99,0
2026-04-26,47,10,68,78,60,86,1
2026-04-26,47,11,82,121,74,129,1
2026-04-26,47,12,95,95,84,106,0
2026-04-26,47,13,59,60,53,66,0
2026-04-26,47,14,108,108,99,117,2
2026-04-26,47,15,93,137,79,151,3
2026-04-26,47,16,92,93,82,103,0
2026-04-26,47,17,106,117,98,125,2
2026-04-26,47,18,81,81,63,99,1
2026-04-26,47,19,81,114,73,122,1
2026-04-26,47,20,88,88,69,107,0
2026-04-26,48,1,48,69,35,82,0
2026-04-26,48,2,59,69,39,89,0
2026-04-26,48,3,52,57,36,73,1
2026-04-26,48,4,54,79,47,86,0
2026-04-26,48,5,75,75,60,90,0
2026-04-26,48,6,51,60,33,78,1
2026-04-26,48,7,55,68,39,84,1
2026-04-26,48,8,55,55,42,68,0
2026-04-26,48,9,49,62,42,69,0
2026-04-26,48,10,35,35,23,47,0
2026-04-26,48,11,59,74,41,92,1
2026-04-26,48,12,46,66,40,72,0
2026-04-26,48,13,51,52,46,57,0
2026-04-26,48,14,65,65,50,80,0
2026-04-26,48,15,59,59,41,77,0
2026-04-26,48,16,52,75,33,94,1
2026-04-26,48,17,84,84,64,104,1
2026-04-26,48,18,47,49,32,64,0
2026-04-26,48,19,35,47,28,54,0
2026-04-26,48,20,50,67,36,81,0
2026-04-26,49,1,52,69,37,84,0
2026-04-26,49,2,51,76,38,89,0
2026-04-26,49,3,56,69,49,76,1
2026-04-26,49,4,47,47,33,61,0
2026-04-26,49,5,46,62,37,71,1
2026-04-26,49,6,62,62,43,81,0
2026-04-26,49,7,41,41,33,49,1
2026-04-26,49,8,39,57,34,62,0
2026-04-26,49,9,40,55,33,62,1
2026-04-26,49,10,44,64,36,72,0
2026-04-26,49,11,60,72,44,88,1
2026-04-26,49,12,42,44,34,52,1
2026-04-26,49,13,41,41,33,49,0
2026-04-26,49,14,43,59,36,66,1
2026-04-26,49,15,54,54,38,70,1
2026-04-26,49,16,40,57,33,64,1
2026-04-26,49,17,38,38,32,44,0
2026-04-26,49,18,45,50,32,63,1
2026-04-26,49,19,39,47,30,56,1
2026-04-26,49,20,50,60,31,79,0
2026-04-26,50,1,52,67,46,73,1
2026-04-26,50,2,59,59,47,71,0
2026-04-26,50,3,44,49,36,57,1
2026-04-26,50,4,81,84,69,96,0
2026-04-26,50,5,33,37,28,42,1
2026-04-26,50,6,58,58,48,68,0
2026-04-26,50,7,68,85,60,93,1
2026-04-26,50,8,80,80,61,99,1
2026-04-26,50,9,73,76,66,83,1
2026-04-26,50,10,55,79,38,96,1
2026-04-26,50,11,76,76,56,96,1
2026-04-26,50,12,64,68,52,80,1
2026-04-26,50,13,53,53,38,68,0
2026-04-26,50,14,63,68,45,86,0
2026-04-26,50,15,58,70,52,76,1
2026-04-26,50,16,74,74,59,89,1
2026-04-26,50,17,44,46,39,51,1
2026-04-26,50,18,69,94,49,114,1
2026-04-26,50,19,52,52,33,71,0
2026-04-26,50,20,65,77,54,88,0
2026-05-03,1,1,65,65,48,82,1
2026-05-03,1,2,62,66,44,84,1
2026-05-03,1,3,60,76,48,88,0
2026-05-03,1,4,37,39,32,44,0
2026-05-03,1,5,61,84,45,100,0
2026-05-03,1,6,55,70,43,82,1
2026-05-03,1,7,63,64,46,81,0
2026-05-03,1,8,60,61,50,71,0
2026-05-03,1,9,65,97,53,109,0
2026-05-03,1,10,48,66,43,71,0
2026-05-03,1,11,38,38,33,43,0
2026-05-03,1,12,46,46,41,51,0
2026-05-03,1,13,50,69,36,83,1
2026-05-03,1,14,63,63,44,82,0
2026-05-03,1,15,55,73,42,86,1
2026-05-03,1,16,80,80,63,97,0
2026-05-03,1,17,53,65,40,78,1
2026-05-03,1,18,49,61,36,74,1
2026-05-03,1,19,55,79,50,84,1
2026-05-03,1,20,54,54,44,64,1
2026-05-03,2,1,63,68,45,86,1
2026-05-03,2,2,71,71,59,83,1
2026-05-03,2,3,26,26,18,34,0
2026-05-03,2,4,59,79,53,85,1
2026-05-03,2,5,50,53,33,70,0
2026-05-03,2,6,42,49,30,61,0
2026-05-03,2,7,66,66,47,85,0
2026-05-03,2,8,53,76,47,82,0
2026-05-03,2,9,71,71,52,90,1
2026-05-03,2,10,48,52,43,57,1
2026-05-03,2,11,60,76,50,86,2
2026-05-03,2,12,73,100,56,117,1
2026-05-03,2,13,72,72,61,83,0
2026-05-03,2,14,61,90,54,97,2
2026-05-03,2,15,52,52,38,66,1
2026-05-03,2,16,64,90,48,106,1
2026-05-03,2,17,44,56,32,68,1
2026-05-03,2,18,61,64,46,79,1
2026-05-03,2,19,39,55,33,61,0
2026-05-03,2,20,50,69,42,77,1
2026-05-03,3,1,59,63,51,71,1
2026-05-03,3,2,59,59,49,69,1
2026-05-03,3,3,55,67,49,73,0
2026-05-03,3,4,63,74,52,85,0
2026-05-03,3,5,48,48,40,56,0
2026-05-03,3,6,70,72,57,85,1
2026-05-03,3,7,52,73,47,78,0
2026-05-03,3,8,54,74,49,79,1
2026-05-03,3,9,92,136,72,156,1
2026-05-03,3,10,63,79,51,91,1
2026-05-03,3,11,70,104,55,119,0
2026-05-03,3,12,78,78,71,85,1
2026-05-03,3,13,62,62,45,79,0
2026-05-03,3,14,70,102,57,115,0
2026-05-03,3,15,54,66,43,77,0
2026-05-03,3,16,81,113,64,130,1
2026-05-03,3,17,42,42,37,47,0
2026-05-03,3,18,52,52,46,58,0
2026-05-03,3,19,63,93,44,112,2
2026-05-03,3,20,59,70,47,82,1
2026-05-03,4,1,72,74,53,93,0
2026-05-03,4,2,72,104,52,124,1
2026-05-03,4,3,60,76,54,82,0
2026-05-03,4,4,62,83,55,90,0
2026-05-03,4,5,53,65,41,77,0
2026-05-03,4,6,79,81,61,99,1
2026-05-03,4,7,50,50,37,63,0
2026-05-03,4,8,64,95,58,101,1
2026-05-03,4,9,63,70,46,87,1
2026-05-03,4,10,46,66,37,75,0
2026-05-03,4,11,70,70,56,84,1
2026-05-03,4,12,59,75,51,83,2
2026-05-03,4,13,53,53,43,63,0
2026-05-03,4,14,68,68,53,83,1
2026-05-03,4,15,60,74,47,87,1
2026-05-03,4,16,61,61,54,68,0
2026-05-03,4,17,59,66,47,78,1
2026-05-03,4,18,62,62,57,67,0
2026-05-03,4,19,81,81,70,92,1
2026-05-03,4,20,51,51,43,59,1
2026-05-03,5,1,39,55,30,64,0
2026-05-03,5,2,53,78,37,94,0
2026-05-03,5,3,49,49,31,67,0
2026-05-03,5,4,45,53,30,68,1
2026-05-03,5,5,24,24,18,30,0
2026-05-03,5,6,39,49,32,56,0
2026-05-03,5,7,39,39,19,59,0
2026-05-03,5,8,48,69,30,87,1
2026-05-03,5,9,38,44,29,53,0
2026-05-03,5,10,36,36,25,47,0
2026-05-03,5,11,35,39,24,50,0
2026-05-03,5,12,37,37,27,47,0
2026-05-03,5,13,31,31,22,40,0
2026-05-03,5,14,49,68,33,84,0
2026-05-03,5,15,47,47,28,66,0
2026-05-03,5,16,44,57,24,77,1
2026-05-03,5,17,38,38,28,48,0
2026-05-03,5,18,50,50,31,69,1
2026-05-03,5,19,49,50,37,62,0
2026-05-03,5,20,41,49,26,64,0
2026-05-03,6,1,78,108,62,124,2
2026-05-03,6,2,89,116,69,136,1
2026-05-03,6,3,62,62,44,80,0
2026-05-03,6,4,89,89,69,109,0
2026-05-03,6,5,68,68,49,87,1
2026-05-03,6,6,58,58,46,70,0
2026-05-03,6,7,60,60,51,69,0
2026-05-03,6,8,40,47,33,54,0
2026-05-03,6,9,67,97,48,116,1
2026-05-03,6,10,57,64,43,78,1
2026-05-03,6,11,62,62,54,70,1
2026-05-03,6,12,58,83,43,98,0
2026-05-03,6,13,50,50,30,70,0
2026-05-03,6,14,56,56,45,67,0
2026-05-03,6,15,64,64,44,84,0
2026-05-03,6,16,72,72,66,78,0
2026-05-03,6,17,65,79,52,92,0
2026-05-03,6,18,42,60,36,66,1
2026-05-03,6,19,78,78,58,98,2
2026-05-03,6,20,66,71,48,89,1
2026-05-03,7,1,75,84,56,103,1
2026-05-03,7,2,76,104,69,111,0
2026-05-03,7,3,46,47,30,63,0
2026-05-03,7,4,67,92,54,105,0
2026-05-03,7,5,40,40,32,48,0
2026-05-03,7,6,84,111,78,117,2
2026-05-03,7,7,75,103,63,115,2
2026-05-03,7,8,58,84,45,97,2
2026-05-03,7,9,70,70,58,82,0
2026-05-03,7,10,66,90,51,105,2
2026-05-03,7,11,74,74,56,92,0
2026-05-03,7,12,51,51,46,56,0
2026-05-03,7,13,73,73,67,79,0
2026-05-03,7,14,56,56,50,62,1
2026-05-03,7,15,71,71,52,90,1
2026-05-03,7,16,69,69,62,76,1
2026-05-03,7,17,50,60,35,75,1
2026-05-03,7,18,57,62,45,74,0
2026-05-03,7,19,54,67,38,83,1
2026-05-03,7,20,55,78,41,92,1
2026-05-03,8,1,37,47,32,52,1
2026-05-03,8,2,36,40,31,45,0
2026-05-03,8,3,50,50,34,66,1
2026-05-03,8,4,49,49,29,69,0
2026-05-03,8,5,40,58,25,73,0
2026-05-03,8,6,54,62,35,81,0
2026-05-03,8,7,48,48,29,67,0
2026-05-03,8,8,47,65,35,77,1
2026-05-03,8,9,50,50,34,66,0
2026-05-03,8,10,29,42,13,58,0
2026-05-03,8,11,50,72,37,85,1
2026-05-03,8,12,45,45,32,58,0
2026-05-03,8,13,29,34,22,41,0
2026-05-03,8,14,58,84,40,102,1
2026-05-03,8,15,59,59,46,72,0
2026-05-03,8,16,38,38,31,45,0
2026-05-03,8,17,37,44,24,57,0
2026-05-03,8,18,39,46,25,60,0
2026-05-03,8,19,41,44,36,49,0
2026-05-03,8,20,33,39,24,48,0
2026-05-03,9,1,58,58,40,76,0
2026-05-03,9,2,63,63,46,80,0
2026-05-03,9,3,54,75,36,93,0
2026-05-03,9,4,68,96,51,113,0
2026-05-03,9,5,70,103,50,123,2
2026-05-03,9,6,68,68,59,77,0
2026-05-03,9,7,65,66,54,77,1
2026-05-03,9,8,43,43,33,53,0
2026-05-03,9,9,69,69,60,78,1
2026-05-03,9,10,61,82,44,99,2
2026-05-03,9,11,65,65,56,74,1
2026-05-03,9,12,60,79,44,95,2
2026-05-03,9,13,60,71,40,91,1
2026-05-03,9,14,56,68,46,78,1
2026-05-03,9,15,55,58,44,69,0
2026-05-03,9,16,64,64,54,74,0
2026-05-03,9,17,63,87,46,104,0
2026-05-03,9,18,57,78,50,85,1
2026-05-03,9,19,56,71,41,86,0
2026-05-03,9,20,46,46,38,54,1
2026-05-03,10,1,87,87,75,99,1
2026-05-03,10,2,97,136,92,141,0
2026-05-03,10,3,97,97,92,102,2
2026-05-03,10,4,99,122,88,133,3
2026-05-03,10,5,84,84,71,97,1
2026-05-03,10,6,75,102,65,112,0
2026-05-03,10,7,61,78,45,94,0
2026-05-03,10,8,94,94,74,114,1
2026-05-03,10,9,90,119,74,135,1
2026-05-03,10,10,106,106,93,119,2
2026-05-03,10,11,88,88,76,100,2
2026-05-03,10,12,83,83,63,103,2
2026-05-03,10,13,107,157,90,174,1
2026-05-03,10,14,77,77,67,87,2
2026-05-03,10,15,92,92,75,109,0
2026-05-03,10,16,112,112,94,130,3
2026-05-03,10,17,88,106,72,122,3
2026-05-03,10,18,82,82,77,87,1
2026-05-03,10,19,89,111,70,130,0
2026-05-03,10,20,65,77,48,94,0
2026-05-03,11,1,58,58,47,69,0
2026-05-03,11,2,59,59,49,69,0
2026-05-03,11,3,48,48,33,63,0
2026-05-03,11,4,69,98,51,116,2
2026-05-03,11,5,61,61,42,80,0
2026-05-03,11,6,78,97,59,116,0
2026-05-03,11,7,73,73,65,81,1
2026-05-03,11,8,53,53,44,62,0
2026-05-03,11,9,68,73,56,85,1
2026-05-03,11,10,67,90,56,101,0
2026-05-03,11,11,85,88,72,101,1
2026-05-03,11,12,78,78,62,94,0
2026-05-03,11,13,63,71,44,90,0
2026-05-03,11,14,62,79,51,90,1
2026-05-03,11,15,62,62,45,79,1
2026-05-03,11,16,79,93,73,99,2
2026-05-03,11,17,45,45,39,51,0
2026-05-03,11,18,49,49,43,55,0
2026-05-03,11,19,46,55,32,69,1
2026-05-03,11,20,66,66,52,80,1
2026-05-03,12,1,56,72,46,82,1
2026-05-03,12,2,55,62,36,81,0
2026-05-03,12,3,40,48,25,63,0
2026-05-03,12,4,69,82,58,93,1
2026-05-03,12,5,43,43,35,51,0
2026-05-03,12,6,51,51,31,71,1
2026-05-03,12,7,68,73,50,91,0
2026-05-03,12,8,55,81,42,94,0
2026-05-03,12,9,51,51,42,60,0
2026-05-03,12,10,49,49,41,57,0
2026-05-03,12,11,33,37,28,42,0
2026-05-03,12,12,71,77,54,94,0
2026-05-03,12,13,66,66,50,82,0
2026-05-03,12,14,67,67,53,81,0
2026-05-03,12,15,46,49,37,58,0
2026-05-03,12,16,60,87,45,102,1
2026-05-03,12,17,48,57,32,73,0
2026-05-03,12,18,59,82,48,93,0
2026-05-03,12,19,49,53,32,70,0
2026-05-03,12,20,52,75,43,84,0
2026-05-03,13,1,73,73,67,79,1
2026-05-03,13,2,90,90,73,107,0
2026-05-03,13,3,54,79,48,85,2
2026-05-03,13,4,87,101,68,120,0
2026-05-03,13,5,80,102,69,113,0
2026-05-03,13,6,72,72,60,84,0
2026-05-03,13,7,63,76,46,93,0
2026-05-03,13,8,55,64,46,73,0
2026-05-03,13,9,85,85,72,98,0
2026-05-03,13,10,76,104,64,116,1
2026-05-03,13,11,58,65,42,81,1
2026-05-03,13,12,59,59,52,66,0
2026-05-03,13,13,51,72,34,89,1
2026-05-03,13,14,72,98,53,117,2
2026-05-03,13,15,79,115,62,132,0
2026-05-03,13,16,78,78,64,92,0
2026-05-03,13,17,64,64,44,84,0
2026-05-03,13,18,68,68,55,81,0
2026-05-03,13,19,59,59,50,68,0
2026-05-03,13,20,57,62,39,80,1
2026-05-03,14,1,61,61,47,75,0
2026-05-03,14,2,89,110,72,127,0
2026-05-03,14,3,67,67,50,84,1
2026-05-03,14,4,76,107,61,122,2
2026-05-03,14,5,56,56,43,69,0
2026-05-03,14,6,81,117,70,128,0
2026-05-03,14,7,71,98,60,109,2
2026-05-03,14,8,57,57,51,63,0
2026-05-03,14,9,77,88,66,99,2
2026-05-03,14,10,37,54,29,62,1
2026-05-03,14,11,66,66,47,85,1
2026-05-03,14,12,52,55,40,67,1
2026-05-03,14,13,60,77,49,88,0
2026-05-03,14,14,79,79,62,96,1
2026-05-03,14,15,64,85,44,105,0
2026-05-03,14,16,64,90,51,103,0
2026-05-03,14,17,71,71,54,88,1
2026-05-03,14,18,43,43,38,48,0
2026-05-03,14,19,55,58,46,67,1
2026-05-03,14,20,64,93,57,100,0
2026-05-03,15,1,57,57,41,73,1
2026-05-03,15,2,55,55,38,72,1
2026-05-03,15,3,51,74,32,93,0
2026-05-03,15,4,54,54,49,59,0
2026-05-03,15,5,34,48,25,57,0
2026-05-03,15,6,61,61,45,77,0
2026-05-03,15,7,44,57,35,66,1
2026-05-03,15,8,66,66,49,83,0
2026-05-03,15,9,63,63,55,71,1
2026-05-03,15,10,53,75,45,83,0
2026-05-03,15,11,66,83,59,90,1
2026-05-03,15,12,41,44,36,49,0
2026-05-03,15,13,52,67,39,80,0
2026-05-03,15,14,64,64,52,76,1
2026-05-03,15,15,62,62,48,76,0
2026-05-03,15,16,52,74,44,82,1
2026-05-03,15,17,43,47,30,60,1
2026-05-03,15,18,53,72,44,81,1
2026-05-03,15,19,37,37,25,49,1
2026-05-03,15,20,61,80,44,97,2
2026-05-03,16,1,56,64,43,77,0
2026-05-03,16,2,55,55,50,60,0
2026-05-03,16,3,61,61,43,79,1
2026-05-03,16,4,68,68,49,87,0
2026-05-03,16,5,52,53,40,65,0
2026-05-03,16,6,70,94,60,104,0
2026-05-03,16,7,57,80,48,89,1
2026-05-03,16,8,43,45,38,50,1
2026-05-03,16,9,62,62,44,80,0
2026-05-03,16,10,53,57,33,77,0
2026-05-03,16,11,64,64,49,79,1
2026-05-03,16,12,50,59,42,67,1
2026-05-03,16,13,60,60,46,74,1
2026-05-03,16,14,53,53,43,63,1
2026-05-03,16,15,55,55,38,72,1
2026-05-03,16,16,54,70,34,90,0
2026-05-03,16,17,46,49,30,65,1
2026-05-03,16,18,61,86,47,100,1
2026-05-03,16,19,44,47,37,54,0
2026-05-03,16,20,52,67,37,82,1
2026-05-03,17,1,44,60,35,69,1
2026-05-03,17,2,36,36,31,41,0
2026-05-03,17,3,53,53,40,66,0
2026-05-03,17,4,51,62,34,79,1
2026-05-03,17,5,51,61,37,75,1
2026-05-03,17,6,42,42,36,48,1
2026-05-03,17,7,52,59,38,73,1
2026-05-03,17,8,37,46,26,57,0
2026-05-03,17,9,61,66,56,71,1
2026-05-03,17,10,35,36,17,54,1
2026-05-03,17,11,51,61,41,71,0
2026-05-03,17,12,43,57,29,71,1
2026-05-03,17,13,35,45,23,57,0
2026-05-03,17,14,44,47,38,53,0
2026-05-03,17,15,51,51,36,66,0
2026-05-03,17,16,42,42,35,49,0
2026-05-03,17,17,44,44,24,64,0
2026-05-03,17,18,36,42,29,49,0
2026-05-03,17,19,52,57,32,77,1
2026-05-03,17,20,44,59,27,76,0
2026-05-03,18,1,114,148,108,154,3
2026-05-03,18,2,78,103,72,109,0
2026-05-03,18,3,77,77,70,84,0
2026-05-03,18,4,105,128,100,133,2
2026-05-03,18,5,87,87,73,101,0
2026-05-03,18,6,111,111,95,127,1
2026-05-03,18,7,77,77,71,83,0
2026-05-03,18,8,95,140,78,157,1
2026-05-03,18,9,85,88,78,95,1
2026-05-03,18,10,81,121,68,134,2
2026-05-03,18,11,107,126,93,140,1
2026-05-03,18,12,104,144,93,155,1
2026-05-03,18,13,76,109,65,120,0
2026-05-03,18,14,105,105,89,121,1
2026-05-03,18,15,88,101,75,114,1
2026-05-03,18,16,65,65,57,73,1
2026-05-03,18,17,83,83,71,95,0
2026-05-03,18,18,99,130,93,136,1
2026-05-03,18,19,69,80,64,85,0
2026-05-03,18,20,74,105,66,113,1
2026-05-03,19,1,58,68,52,74,1
2026-05-03,19,2,69,69,51,87,1
2026-05-03,19,3,46,46,38,54,0
2026-05-03,19,4,86,90,75,101,0
2026-05-03,19,5,57,84,52,89,0
2026-05-03,19,6,73,102,66,109,2
2026-05-03,19,7,65,85,57,93,0
2026-05-03,19,8,53,57,45,65,0
2026-05-03,19,9,64,71,59,76,0
2026-05-03,19,10,71,84,62,93,1
2026-05-03,19,11,56,56,44,68,1
2026-05-03,19,12,58,58,42,74,0
2026-05-03,19,13,64,64,49,79,1
2026-05-03,19,14,59,59,53,65,0
2026-05-03,19,15,75,105,59,121,0
2026-05-03,19,16,65,72,47,90,2
2026-05-03,19,17,53,69,47,75,2
2026-05-03,19,18,67,67,57,77,1
2026-05-03,19,19,61,67,44,84,0
2026-05-03,19,20,75,85,56,104,0
2026-05-03,20,1,54,76,35,95,1
2026-05-03,20,2,54,64,47,71,1
2026-05-03,20,3,52,52,32,72,0
2026-05-03,20,4,60,87,46,101,0
2026-05-03,20,5,28,34,23,39,0
2026-05-03,20,6,74,79,58,95,1
2026-05-03,20,7,45,66,39,72,0
2026-05-03,20,8,43,43,32,54,0
2026-05-03,20,9,53,70,48,75,1
2026-05-03,20,10,54,54,44,64,0
2026-05-03,20,11,62,67,49,80,1
2026-05-03,20,12,49,65,39,75,1
2026-05-03,20,13,51,55,39,67,0
2026-05-03,20,14,52,74,47,79,0
2026-05-03,20,15,50,51,37,64,0
2026-05-03,20,16,67,80,54,93,0
2026-05-03,20,17,43,58,34,67,0
2026-05-03,20,18,66,67,57,76,1
2026-05-03,20,19,34,43,25,52,0
2026-05-03,20,20,43,46,35,54,0
2026-05-03,21,1,52,52,39,65,0
2026-05-03,21,2,50,56,42,64,0
2026-05-03,21,3,37,52,22,67,1
2026-05-03,21,4,53,58,40,71,1
2026-05-03,21,5,41,41,33,49,0
2026-05-03,21,6,35,36,16,55,0
2026-05-03,21,7,43,50,32,61,0
2026-05-03,21,8,47,47,42,52,1
2026-05-03,21,9,43,43,32,54,0
2026-05-03,21,10,31,33,25,39,0
2026-05-03,21,11,47,47,36,58,1
2026-05-03,21,12,52,52,32,72,0
2026-05-03,21,13,49,49,35,63,1
2026-05-03,21,14,53,70,34,89,1
2026-05-03,21,15,41,43,34,50,0
2026-05-03,21,16,57,57,41,73,0
2026-05-03,21,17,37,37,28,46,0
2026-05-03,21,18,37,43,32,48,0
2026-05-03,21,19,48,48,29,67,1
2026-05-03,21,20,36,36,27,45,0
2026-05-03,22,1,67,92,49,110,0
2026-05-03,22,2,65,65,50,80,0
2026-05-03,22,3,57,82,44,95,0
2026-05-03,22,4,50,50,40,60,0
2026-05-03,22,5,61,90,55,96,0
2026-05-03,22,6,70,72,51,91,0
2026-05-03,22,7,61,61,54,68,0
2026-05-03,22,8,71,75,55,91,1
2026-05-03,22,9,78,93,62,109,1
2026-05-03,22,10,48,59,36,71,1
2026-05-03,22,11,51,51,45,57,0
2026-05-03,22,12,64,64,50,78,1
2026-05-03,22,13,60,60,51,69,0
2026-05-03,22,14,61,61,43,79,1
2026-05-03,22,15,56,56,49,63,0
2026-05-03,22,16,75,76,55,96,0
2026-05-03,22,17,69,101,53,117,0
2026-05-03,22,18,93,93,84,102,1
2026-05-03,22,19,68,71,49,90,0
2026-05-03,22,20,72,105,61,116,0
2026-05-03,23,1,78,78,65,91,1
2026-05-03,23,2,61,76,43,94,0
2026-05-03,23,3,68,74,53,89,0
2026-05-03,23,4,57,57,44,70,1
2026-05-03,23,5,65,91,60,96,2
2026-05-03,23,6,72,72,56,88,2
2026-05-03,23,7,85,85,67,103,1
2026-05-03,23,8,49,58,38,69,0
2026-05-03,23,9,55,74,50,79,1
2026-05-03,23,10,59,70,41,88,1
2026-05-03,23,11,65,65,46,84,1
2026-05-03,23,12,61,77,47,91,0
2026-05-03,23,13,59,74,50,83,0
2026-05-03,23,14,70,74,51,93,1
2026-05-03,23,15,51,64,44,71,1
2026-05-03,23,16,69,69,49,89,0
2026-05-03,23,17,58,86,46,98,2
2026-05-03,23,18,69,72,58,83,0
2026-05-03,23,19,79,98,64,113,1
2026-05-03,23,20,56,65,47,74,0
2026-05-03,24,1,59,68,47,80,2
2026-05-03,24,2,65,79,51,93,0
2026-05-03,24,3,74,78,54,98,0
2026-05-03,24,4,58,78,49,87,0
2026-05-03,24,5,51,75,41,85,0
2026-05-03,24,6,66,66,48,84,0
2026-05-03,24,7,46,46,30,62,0
2026-05-03,24,8,44,44,38,50,0
2026-05-03,24,9,62,62,47,77,0
2026-05-03,24,10,68,73,48,93,1
2026-05-03,24,11,74,74,56,92,2
2026-05-03,24,12,50,64,45,69,1
2026-05-03,24,13,49,59,43,65,1
2026-05-03,24,14,74,94,62,106,2
2026-05-03,24,15,63,80,51,92,0
2026-05-03,24,16,46,62,39,69,0
2026-05-03,24,17,50,50,35,65,1
2026-05-03,24,18,54,75,38,91,1
2026-05-03,24,19,75,77,56,96,1
2026-05-03,24,20,38,38,32,44,0
2026-05-03,25,1,64,64,59,69,1
2026-05-03,25,2,74,74,66,82,0
2026-05-03,25,3,59,80,45,94,0
2026-05-03,25,4,87,125,67,145,1
2026-05-03,25,5,74,74,63,85,1
2026-05-03,25,6,65,65,58,72,1
2026-05-03,25,7,66,70,60,76,0
2026-05-03,25,8,77,77,67,87,0
2026-05-03,25,9,91,136,75,152,2
2026-05-03,25,10,81,107,73,115,0
2026-05-03,25,11,62,83,56,89,1
2026-05-03,25,12,78,112,61,129,2
2026-05-03,25,13,45,53,37,61,1
2026-05-03,25,14,70,70,55,85,1
2026-05-03,25,15,74,74,68,80,1
2026-05-03,25,16,83,100,64,119,1
2026-05-03,25,17,80,97,64,113,0
2026-05-03,25,18,56,63,44,75,0
2026-05-03,25,19,57,75,49,83,1
2026-05-03,25,20,66,95,57,104,0
2026-05-03,26,1,53,71,37,87,1
2026-05-03,26,2,61,78,53,86,1
2026-05-03,26,3,62,72,51,83,0
2026-05-03,26,4,71,71,55,87,1
2026-05-03,26,5,77,77,57,97,0
2026-05-03,26,6,69,87,49,107,2
2026-05-03,26,7,56,56,45,67,0
2026-05-03,26,8,69,79,59,89,1
2026-05-03,26,9,60,61,49,72,0
2026-05-03,26,10,68,68,60,76,0
2026-05-03,26,11,70,73,60,83,0
2026-05-03,26,12,87,87,69,105,2
2026-05-03,26,13,55,55,49,61,1
2026-05-03,26,14,63,63,57,69,1
2026-05-03,26,15,60,60,53,67,0
2026-05-03,26,16,68,84,49,103,2
2026-05-03,26,17,56,63,43,76,0
2026-05-03,26,18,56,57,50,63,0
2026-05-03,26,19,72,88,56,104,2
2026-05-03,26,20,52,52,34,70,1
2026-05-03,27,1,52,64,43,73,0
2026-05-03,27,2,71,71,63,79,0
2026-05-03,27,3,78,78,63,93,1
2026-05-03,27,4,76,100,61,115,1
2026-05-03,27,5,63,79,46,96,1
2026-05-03,27,6,56,56,44,68,0
2026-05-03,27,7,87,97,80,104,1
2026-05-03,27,8,80,108,65,123,0
2026-05-03,27,9,87,94,72,109,2
2026-05-03,27,10,66,94,51,109,0
2026-05-03,27,11,66,66,53,79,1
2026-05-03,27,12,71,104,55,120,1
2026-05-03,27,13,60,60,54,66,0
2026-05-03,27,14,65,65,52,78,1
2026-05-03,27,15,73,73,59,87,1
2026-05-03,27,16,61,61,55,67,0
2026-05-03,27,17,86,86,70,102,1
2026-05-03,27,18,69,69,63,75,1
2026-05-03,27,19,62,62,47,77,0
2026-05-03,27,20,79,79,73,85,1
2026-05-03,28,1,60,70,44,86,0
2026-05-03,28,2,59,67,49,77,1
2026-05-03,28,3,72,72,59,85,0
2026-05-03,28,4,64,64,47,81,0
2026-05-03,28,5,52,52,40,64,0
2026-05-03,28,6,58,85,44,99,1
2026-05-03,28,7,69,74,49,94,0
2026-05-03,28,8,61,61,46,76,1
2026-05-03,28,9,74,105,54,125,1
2026-05-03,28,10,57,57,50,64,0
2026-05-03,28,11,61,77,52,86,2
2026-05-03,28,12,48,48,38,58,1
2026-05-03,28,13,63,63,50,76,1
2026-05-03,28,14,64,77,45,96,0
2026-05-03,28,15,69,69,52,86,1
2026-05-03,28,16,75,75,60,90,0
2026-05-03,28,17,65,65,45,85,0
2026-05-03,28,18,56,56,48,64,0
2026-05-03,28,19,63,88,50,101,0
2026-05-03,28,20,57,57,41,73,1
2026-05-03,29,1,48,48,41,55,0
2026-05-03,29,2,55,55,37,73,1
2026-05-03,29,3,63,80,50,93,0
2026-05-03,29,4,46,48,30,64,0
2026-05-03,29,5,45,45,30,60,0
2026-05-03,29,6,45,55,32,68,0
2026-05-03,29,7,66,88,48,106,2
2026-05-03,29,8,46,46,39,53,0
2026-05-03,29,9,50,50,45,55,0
2026-05-03,29,10,54,56,35,75,1
2026-05-03,29,11,46,62,37,71,0
2026-05-03,29,12,48,65,41,72,1
2026-05-03,29,13,36,44,29,51,0
2026-05-03,29,14,46,56,41,61,0
2026-05-03,29,15,53,65,36,82,1
2026-05-03,29,16,53,77,33,97,2
2026-05-03,29,17,50,50,40,60,1
2026-05-03,29,18,47,69,32,84,1
2026-05-03,29,19,40,40,30,50,1
2026-05-03,29,20,42,61,26,77,1
2026-05-03,30,1,82,82,67,97,0
2026-05-03,30,2,76,76,65,87,1
2026-05-03,30,3,101,101,86,116,1
2026-05-03,30,4,59,59,50,68,1
2026-05-03,30,5,62,62,52,72,0
2026-05-03,30,6,66,81,58,89,1
2026-05-03,30,7,84,88,67,105,0
2026-05-03,30,8,77,87,63,101,0
2026-05-03,30,9,69,69,63,75,1
2026-05-03,30,10,102,129,90,141,3
2026-05-03,30,11,111,111,95,127,0
2026-05-03,30,12,74,74,63,85,2
2026-05-03,30,13,67,67,47,87,0
2026-05-03,30,14,88,88,72,104,2
2026-05-03,30,15,60,83,51,92,0
2026-05-03,30,16,79,79,68,90,0
2026-05-03,30,17,66,82,51,97,0
2026-05-03,30,18,120,147,110,157,1
2026-05-03,30,19,71,71,56,86,0
2026-05-03,30,20,63,75,45,93,0
2026-05-03,31,1,69,96,63,102,1
2026-05-03,31,2,67,67,58,76,0
2026-05-03,31,3,52,52,46,58,0
2026-05-03,31,4,100,149,81,168,4
2026-05-03,31,5,65,65,58,72,0
2026-05-03,31,6,90,92,76,106,2
2026-05-03,31,7,70,89,54,105,0
2026-05-03,31,8,52,52,46,58,0
2026-05-03,31,9,83,107,65,125,1
2026-05-03,31,10,51,63,46,68,0
2026-05-03,31,11,84,84,68,100,2
2026-05-03,31,12,79,95,63,111,1
2026-05-03,31,13,66,66,59,73,1
2026-05-03,31,14,80,108,65,123,1
2026-05-03,31,15,89,112,82,119,1
2026-05-03,31,16,83,83,65,101,0
2026-05-03,31,17,66,87,54,99,0
2026-05-03,31,18,54,54,48,60,1
2026-05-03,31,19,69,69,51,87,0
2026-05-03,31,20,68,75,52,91,1
2026-05-03,32,1,38,51,26,63,0
2026-05-03,32,2,54,55,36,73,1
2026-05-03,32,3,37,37,31,43,0
2026-05-03,32,4,56,56,36,76,0
2026-05-03,32,5,51,56,39,68,0
2026-05-03,32,6,33,33,25,41,0
2026-05-03,32,7,42,42,29,55,0
2026-05-03,32,8,40,49,24,65,0
2026-05-03,32,9,46,46,34,58,0
2026-05-03,32,10,38,38,24,52,0
2026-05-03,32,11,55,55,37,73,0
2026-05-03,32,12,48,48,32,64,0
2026-05-03,32,13,30,34,18,46,0
2026-05-03,32,14,53,62,35,80,1
2026-05-03,32,15,32,47,24,55,0
2026-05-03,32,16,54,73,38,89,0
2026-05-03,32,17,41,41,25,57,0
2026-05-03,32,18,37,44,25,56,0
2026-05-03,32,19,54,80,35,99,1
2026-05-03,32,20,42,51,22,71,0
2026-05-03,33,1,58,65,38,85,0
2026-05-03,33,2,69,69,51,87,0
2026-05-03,33,3,52,52,43,61,1
2026-05-03,33,4,41,43,33,51,1
2026-05-03,33,5,33,42,28,47,0
2026-05-03,33,6,52,52,34,70,0
2026-05-03,33,7,64,68,47,85,0
2026-05-03,33,8,46,46,37,55,0
2026-05-03,33,9,57,76,41,92,0
2026-05-03,33,10,44,61,24,81,0
2026-05-03,33,11,45,47,39,53,0
2026-05-03,33,12,53,53,37,69,0
2026-05-03,33,13,37,46,26,57,0
2026-05-03,33,14,53,53,47,59,0
2026-05-03,33,15,62,66,43,85,1
2026-05-03,33,16,41,57,32,66,1
2026-05-03,33,17,53,63,39,77,0
2026-05-03,33,18,49,71,40,80,0
2026-05-03,33,19,58,81,39,100,1
2026-05-03,33,20,54,74,37,91,1
2026-05-03,34,1,100,140,80,160,0
2026-05-03,34,2,80,112,72,120,2
2026-05-03,34,3,71,91,57,105,1
2026-05-03,34,4,66,88,56,98,0
2026-05-03,34,5,75,99,56,118,2
2026-05-03,34,6,66,69,54,81,0
2026-05-03,34,7,76,76,57,95,1
2026-05-03,34,8,78,78,72,84,0
2026-05-03,34,9,76,76,71,81,1
2026-05-03,34,10,64,64,53,75,1
2026-05-03,34,11,72,72,65,79,0
2026-05-03,34,12,100,100,85,115,0
2026-05-03,34,13,78,78,69,87,1
2026-05-03,34,14,88,88,74,102,0
2026-05-03,34,15,58,70,48,80,0
2026-05-03,34,16,99,115,81,133,1
2026-05-03,34,17,68,100,49,119,1
2026-05-03,34,18,72,79,59,92,0
2026-05-03,34,19,73,109,68,114,2
2026-05-03,34,20,83,90,69,104,2
2026-05-03,35,1,51,51,44,58,1
2026-05-03,35,2,69,69,51,87,0
2026-05-03,35,3,50,50,38,62,0
2026-05-03,35,4,66,66,57,75,0
2026-05-03,35,5,62,78,48,92,1
2026-05-03,35,6,69,69,58,80,0
2026-05-03,35,7,77,77,58,96,1
2026-05-03,35,8,60,60,43,77,0
2026-05-03,35,9,58,58,45,71,0
2026-05-03,35,10,45,45,40,50,0
2026-05-03,35,11,68,95,55,108,1
2026-05-03,35,12,52,52,46,58,0
2026-05-03,35,13,68,80,48,100,1
2026-05-03,35,14,75,75,56,94,1
2026-05-03,35,15,64,66,51,79,1
2026-05-03,35,16,48,48,43,53,0
2026-05-03,35,17,76,76,63,89,1
2026-05-03,35,18,62,89,54,97,1
2026-05-03,35,19,46,46,39,53,1
2026-05-03,35,20,62,83,47,98,1
2026-05-03,36,1,53,67,44,76,1
2026-05-03,36,2,51,68,32,87,1
2026-05-03,36,3,40,47,21,66,0
2026-05-03,36,4,61,74,41,94,0
2026-05-03,36,5,46,62,29,79,1
2026-05-03,36,6,53,53,45,61,0
2026-05-03,36,7,54,65,41,78,0
2026-05-03,36,8,46,46,38,54,0
2026-05-03,36,9,51,51,41,61,0
2026-05-03,36,10,55,79,36,98,1
2026-05-03,36,11,52,52,42,62,0
2026-05-03,36,12,44,54,35,63,0
2026-05-03,36,13,58,69,48,79,2
2026-05-03,36,14,52,59,39,72,1
2026-05-03,36,15,62,62,47,77,0
2026-05-03,36,16,37,42,29,50,1
2026-05-03,36,17,28,34,21,41,0
2026-05-03,36,18,47,61,31,77,1
2026-05-03,36,19,26,33,20,39,0
2026-05-03,36,20,54,56,37,73,1
2026-05-03,37,1,67,67,49,85,1
2026-05-03,37,2,72,82,54,100,1
2026-05-03,37,3,54,68,48,74,1
2026-05-03,37,4,62,86,51,97,0
2026-05-03,37,5,55,55,44,66,0
2026-05-03,37,6,51,54,43,62,0
2026-05-03,37,7,51,64,42,73,1
2026-05-03,37,8,75,102,62,115,1
2026-05-03,37,9,53,60,47,66,0
2026-05-03,37,10,59,78,45,92,1
2026-05-03,37,11,66,71,52,85,2
2026-05-03,37,12,64,64,50,78,1
2026-05-03,37,13,64,64,49,79,0
2026-05-03,37,14,65,84,47,102,2
2026-05-03,37,15,55,79,40,94,0
2026-05-03,37,16,52,65,47,70,1
2026-05-03,37,17,86,120,76,130,3
2026-05-03,37,18,66,66,61,71,0
2026-05-03,37,19,59,66,53,72,0
2026-05-03,37,20,49,54,35,68,1
2026-05-03,38,1,62,62,51,73,1
2026-05-03,38,2,66,79,48,97,1
2026-05-03,38,3,47,67,28,86,0
2026-05-03,38,4,73,73,54,92,1
2026-05-03,38,5,34,41,26,49,0
2026-05-03,38,6,59,77,51,85,1
2026-05-03,38,7,58,66,48,76,1
2026-05-03,38,8,98,124,81,141,0
2026-05-03,38,9,68,95,48,115,1
2026-05-03,38,10,69,83,57,95,2
2026-05-03,38,11,44,44,36,52,0
2026-05-03,38,12,51,62,39,74,1
2026-05-03,38,13,53,65,36,82,0
2026-05-03,38,14,60,60,44,76,0
2026-05-03,38,15,52,62,43,71,0
2026-05-03,38,16,62,68,43,87,0
2026-05-03,38,17,43,43,37,49,0
2026-05-03,38,18,49,49,44,54,1
2026-05-03,38,19,49,66,32,83,0
2026-05-03,38,20,50,57,45,62,1
2026-05-03,39,1,61,70,49,82,2
2026-05-03,39,2,64,64,48,80,0
2026-05-03,39,3,68,101,51,118,1
2026-05-03,39,4,70,70,53,87,0
2026-05-03,39,5,63,63,54,72,1
2026-05-03,39,6,63,63,52,74,1
2026-05-03,39,7,56,56,42,70,1
2026-05-03,39,8,55,67,48,74,1
2026-05-03,39,9,61,61,55,67,1
2026-05-03,39,10,59,61,51,69,1
2026-05-03,39,11,67,67,55,79,0
2026-05-03,39,12,81,104,66,119,3
2026-05-03,39,13,51,56,40,67,0
2026-05-03,39,14,70,100,52,118,1
2026-05-03,39,15,59,72,54,77,0
2026-05-03,39,16,52,52,40,64,0
2026-05-03,39,17,38,54,31,61,1
2026-05-03,39,18,60,60,50,70,1
2026-05-03,39,19,64,77,51,90,1
2026-05-03,39,20,61,67,49,79,0
2026-05-03,40,1,58,58,51,65,0
2026-05-03,40,2,65,95,45,115,1
2026-05-03,40,3,50,73,45,78,0
2026-05-03,40,4,73,105,53,125,2
2026-05-03,40,5,71,71,60,82,1
2026-05-03,40,6,72,72,58,86,1
2026-05-03,40,7,50,59,44,65,0
2026-05-03,40,8,67,90,53,104,2
2026-05-03,40,9,63,65,52,76,0
2026-05-03,40,10,64,89,54,99,2
2026-05-03,40,11,85,85,71,99,0
2026-05-03,40,12,67,67,56,78,1
2026-05-03,40,13,68,69,51,86,0
2026-05-03,40,14,67,84,51,100,1
2026-05-03,40,15,63,71,49,85,1
2026-05-03,40,16,61,61,53,69,1
2026-05-03,40,17,71,87,51,107,1
2026-05-03,40,18,62,89,52,99,2
2026-05-03,40,19,66,66,51,81,0
2026-05-03,40,20,56,56,39,73,0
2026-05-03,41,1,45,45,33,57,0
2026-05-03,41,2,41,56,33,64,1
2026-05-03,41,3,41,41,21,61,0
2026-05-03,41,4,39,39,27,51,0
2026-05-03,41,5,30,44,19,55,1
2026-05-03,41,6,43,43,36,50,0
2026-05-03,41,7,42,42,34,50,0
2026-05-03,41,8,38,38,29,47,0
2026-05-03,41,9,58,84,40,102,0
2026-05-03,41,10,48,58,39,67,1
2026-05-03,41,11,43,48,38,53,0
2026-05-03,41,12,47,59,34,72,1
2026-05-03,41,13,38,55,25,68,1
2026-05-03,41,14,49,66,40,75,1
2026-05-03,41,15,43,43,29,57,0
2026-05-03,41,16,60,64,41,83,1
2026-05-03,41,17,28,35,21,42,0
2026-05-03,41,18,57,83,44,96,2
2026-05-03,41,19,33,43,23,53,0
2026-05-03,41,20,45,45,34,56,1
2026-05-03,42,1,87,87,67,107,1
2026-05-03,42,2,52,65,39,78,0
2026-05-03,42,3,64,64,44,84,0
2026-05-03,42,4,60,88,48,100,0
2026-05-03,42,5,59,70,43,86,0
2026-05-03,42,6,50,50,33,67,0
2026-05-03,42,7,58,58,50,66,1
2026-05-03,42,8,41,41,35,47,0
2026-05-03,42,9,57,57,42,72,1
2026-05-03,42,10,55,55,35,75,1
2026-05-03,42,11,57,62,51,68,1
2026-05-03,42,12,47,52,42,57,0
2026-05-03,42,13,52,52,35,69,0
2026-05-03,42,14,68,76,50,94,0
2026-05-03,42,15,53,61,46,68,0
2026-05-03,42,16,67,85,47,105,0
2026-05-03,42,17,58,65,48,75,0
2026-05-03,42,18,62,88,44,106,1
2026-05-03,42,19,61,71,41,91,1
2026-05-03,42,20,53,70,37,86,1
2026-05-03,43,1,74,93,66,101,0
2026-05-03,43,2,80,93,74,99,1
2026-05-03,43,3,74,74,56,92,2
2026-05-03,43,4,79,101,68,112,2
2026-05-03,43,5,74,107,57,124,1
2026-05-03,43,6,64,64,56,72,1
2026-05-03,43,7,57,57,52,62,0
2026-05-03,43,8,80,84,73,91,2
2026-05-03,43,9,53,53,46,60,1
2026-05-03,43,10,80,109,62,127,2
2026-05-03,43,11,82,82,72,92,1
2026-05-03,43,12,66,66,61,71,0
2026-05-03,43,13,70,84,50,104,1
2026-05-03,43,14,77,77,63,91,2
2026-05-03,43,15,80,80,69,91,0
2026-05-03,43,16,86,92,67,111,0
2026-05-03,43,17,71,71,54,88,2
2026-05-03,43,18,79,79,65,93,1
2026-05-03,43,19,60,61,51,70,0
2026-05-03,43,20,68,87,53,102,2
2026-05-03,44,1,56,56,36,76,0
2026-05-03,44,2,70,79,57,92,1
2026-05-03,44,3,52,68,39,81,1
2026-05-03,44,4,67,67,50,84,0
2026-05-03,44,5,77,104,58,123,2
2026-05-03,44,6,48,68,28,88,0
2026-05-03,44,7,55,71,49,77,1
2026-05-03,44,8,49,69,43,75,1
2026-05-03,44,9,50,61,39,72,0
2026-05-03,44,10,46,46,34,58,0
2026-05-03,44,11,48,48,34,62,0
2026-05-03,44,12,70,70,53,87,1
2026-05-03,44,13,23,23,12,34,0
2026-05-03,44,14,57,60,42,75,0
2026-05-03,44,15,46,46,33,59,1
2026-05-03,44,16,55,70,43,82,1
2026-05-03,44,17,46,46,32,60,0
2026-05-03,44,18,49,60,30,79,1
2026-05-03,44,19,52,52,43,61,0
2026-05-03,44,20,62,81,49,94,0
2026-05-03,45,1,65,73,47,91,1
2026-05-03,45,2,48,67,41,74,0
2026-05-03,45,3,72,95,66,101,0
2026-05-03,45,4,70,88,53,105,0
2026-05-03,45,5,52,75,33,94,0
2026-05-03,45,6,69,69,51,87,0
2026-05-03,45,7,59,59,53,65,1
2026-05-03,45,8,50,64,38,76,1
2026-05-03,45,9,50,71,36,85,1
2026-05-03,45,10,83,85,70,98,2
2026-05-03,45,11,57,57,49,65,0
2026-05-03,45,12,63,87,54,96,2
2026-05-03,45,13,51,51,38,64,0
2026-05-03,45,14,63,93,45,111,1
2026-05-03,45,15,53,53,44,62,0
2026-05-03,45,16,59,59,45,73,1
2026-05-03,45,17,51,60,44,67,1
2026-05-03,45,18,63,83,53,93,0
2026-05-03,45,19,48,48,41,55,1
2026-05-03,45,20,59,78,46,91,0
2026-05-03,46,1,81,90,74,97,1
2026-05-03,46,2,78,103,69,112,0
2026-05-03,46,3,62,84,46,100,1
2026-05-03,46,4,67,80,49,98,0
2026-05-03,46,5,54,61,45,70,1
2026-05-03,46,6,64,72,51,85,0
2026-05-03,46,7,90,90,72,108,2
2026-05-03,46,8,73,100,62,111,0
2026-05-03,46,9,86,112,68,130,3
2026-05-03,46,10,61,73,56,78,1
2026-05-03,46,11,70,70,64,76,1
2026-05-03,46,12,73,89,54,108,2
2026-05-03,46,13,62,62,55,69,0
2026-05-03,46,14,72,72,59,85,0
2026-05-03,46,15,72,103,63,112,2
2026-05-03,46,16,76,86,62,100,2
2026-05-03,46,17,74,74,63,85,1
2026-05-03,46,18,71,74,63,82,0
2026-05-03,46,19,62,82,56,88,2
2026-05-03,46,20,77,110,58,129,2
2026-05-03,47,1,66,84,59,91,2
2026-05-03,47,2,97,97,88,106,0
2026-05-03,47,3,97,105,84,118,0
2026-05-03,47,4,60,73,49,84,0
2026-05-03,47,5,90,90,70,110,0
2026-05-03,47,6,143,206,133,216,5
2026-05-03,47,7,73,94,66,101,0
2026-05-03,47,8,98,128,82,144,3
2026-05-03,47,9,91,91,73,109,1
2026-05-03,47,10,78,97,61,114,2
2026-05-03,47,11,117,134,98,153,3
2026-05-03,47,12,68,68,60,76,1
2026-05-03,47,13,81,81,62,100,0
2026-05-03,47,14,86,86,81,91,0
2026-05-03,47,15,102,136,88,150,3
2026-05-03,47,16,78,78,65,91,0
2026-05-03,47,17,78,106,64,120,2
2026-05-03,47,18,124,124,112,136,0
2026-05-03,47,19,102,129,84,147,0
2026-05-03,47,20,100,100,90,110,2
2026-05-03,48,1,52,76,43,85,1
2026-05-03,48,2,49,66,38,77,1
2026-05-03,48,3,52,64,39,77,0
2026-05-03,48,4,52,53,42,63,0
2026-05-03,48,5,50,50,33,67,0
2026-05-03,48,6,50,50,35,65,0
2026-05-03,48,7,52,57,37,72,1
2026-05-03,48,8,66,94,59,101,0
2026-05-03,48,9,51,51,39,63,0
2026-05-03,48,10,52,52,42,62,1
2026-05-03,48,11,56,56,43,69,0
2026-05-03,48,12,67,76,51,92,0
2026-05-03,48,13,58,65,43,80,1
2026-05-03,48,14,63,76,47,92,0
2026-05-03,48,15,56,74,45,85,1
2026-05-03,48,16,60,72,46,86,0
2026-05-03,48,17,51,60,31,80,1
2026-05-03,48,18,57,57,38,76,0
2026-05-03,48,19,64,64,47,81,1
2026-05-03,48,20,43,43,35,51,1
2026-05-03,49,1,59,59,43,75,0
2026-05-03,49,2,39,39,30,48,0
2026-05-03,49,3,44,53,27,70,1
2026-05-03,49,4,41,51,31,61,0
2026-05-03,49,5,45,48,37,56,1
2026-05-03,49,6,52,52,39,65,1
2026-05-03,49,7,43,43,37,49,0
2026-05-03,49,8,57,59,37,79,0
2026-05-03,49,9,64,81,48,97,1
2026-05-03,49,10,37,38,29,46,0
2026-05-03,49,11,58,77,40,95,1
2026-05-03,49,12,49,50,37,62,1
2026-05-03,49,13,35,35,28,42,0
2026-05-03,49,14,45,65,27,83,1
2026-05-03,49,15,65,89,48,106,1
2026-05-03,49,16,41,57,32,66,0
2026-05-03,49,17,48,65,34,79,0
2026-05-03,49,18,50,50,44,56,1
2026-05-03,49,19,32,46,20,58,0
2026-05-03,49,20,37,46,26,57,0
2026-05-03,50,1,59,59,46,72,0
2026-05-03,50,2,73,88,60,101,2
2026-05-03,50,3,45,58,37,66,0
2026-05-03,50,4,76,100,60,116,0
2026-05-03,50,5,52,76,35,93,1
2026-05-03,50,6,82,90,72,100,0
2026-05-03,50,7,73,89,62,100,0
2026-05-03,50,8,62,72,52,82,0
2026-05-03,50,9,58,86,52,92,1
2026-05-03,50,10,85,117,73,129,0
2026-05-03,50,11,65,73,54,84,1
2026-05-03,50,12,70,70,53,87,1
2026-05-03,50,13,64,89,59,94,1
2026-05-03,50,14,60,60,52,68,1
2026-05-03,50,15,75,75,61,89,0
2026-05-03,50,16,71,99,62,108,1
2026-05-03,50,17,50,74,30,94,0
2026-05-03,50,18,53,53,35,71,0
2026-05-03,50,19,46,46,35,57,0
2026-05-03,50,20,69,91,52,108,1
2026-05-10,1,1,59,82,42,99,2
2026-05-10,1,2,66,73,49,90,0
2026-05-10,1,3,67,67,52,82,0
2026-05-10,1,4,70,103,51,122,0
2026-05-10,1,5,43,62,36,69,0
2026-05-10,1,6,72,73,57,88,0
2026-05-10,1,7,56,77,43,90,0
2026-05-10,1,8,68,88,49,107,0
2026-05-10,1,9,60,82,51,91,1
2026-05-10,1,10,58,85,44,99,2
2026-05-10,1,11,58,58,50,66,0
2026-05-10,1,12,65,76,51,90,1
2026-05-10,1,13,38,38,32,44,0
2026-05-10,1,14,89,128,69,148,1
2026-05-10,1,15,61,65,46,80,1
2026-05-10,1,16,64,91,54,101,0
2026-05-10,1,17,35,35,28,42,0
2026-05-10,1,18,64,86,57,93,2
2026-05-10,1,19,46,49,39,56,1
2026-05-10,1,20,57,71,39,89,1
2026-05-10,2,1,67,68,47,88,1
2026-05-10,2,2,49,55,44,60,0
2026-05-10,2,3,37,43,27,53,0
2026-05-10,2,4,48,67,38,77,0
2026-05-10,2,5,33,37,25,45,0
2026-05-10,2,6,49,49,37,61,1
2026-05-10,2,7,45,53,32,66,1
2026-05-10,2,8,57,81,51,87,1
2026-05-10,2,9,57,57,45,69,0
2026-05-10,2,10,48,60,43,65,1
2026-05-10,2,11,75,94,66,103,0
2026-05-10,2,12,53,53,37,69,0
2026-05-10,2,13,47,67,36,78,1
2026-05-10,2,14,60,60,49,71,0
2026-05-10,2,15,63,84,52,95,2
2026-05-10,2,16,60,60,43,77,0
2026-05-10,2,17,40,49,33,56,0
2026-05-10,2,18,63,82,44,101,0
2026-05-10,2,19,48,69,28,89,0
2026-05-10,2,20,58,75,47,86,0
2026-05-10,3,1,78,97,69,106,2
2026-05-10,3,2,63,94,58,99,0
2026-05-10,3,3,45,51,32,64,0
2026-05-10,3,4,77,77,67,87,0
2026-05-10,3,5,34,34,20,48,0
2026-05-10,3,6,59,62,45,76,1
2026-05-10,3,7,65,65,53,77,0
2026-05-10,3,8,70,70,56,84,0
2026-05-10,3,9,67,78,59,86,2
2026-05-10,3,10,60,75,45,90,1
2026-05-10,3,11,70,70,56,84,0
2026-05-10,3,12,80,97,65,112,2
2026-05-10,3,13,75,83,61,97,1
2026-05-10,3,14,65,93,55,103,1
2026-05-10,3,15,91,133,77,147,0
2026-05-10,3,16,56,56,50,62,0
2026-05-10,3,17,53,53,43,63,0
2026-05-10,3,18,77,111,69,119,0
2026-05-10,3,19,63,63,46,80,0
2026-05-10,3,20,82,112,62,132,0
2026-05-10,4,1,83,108,73,118,0
2026-05-10,4,2,53,53,46,60,0
2026-05-10,4,3,61,74,44,91,0
2026-05-10,4,4,66,82,52,96,2
2026-05-10,4,5,76,76,65,87,1
2026-05-10,4,6,40,40,26,54,0
2026-05-10,4,7,71,91,54,108,2
2026-05-10,4,8,67,86,51,102,2
2026-05-10,4,9,101,144,83,162,4
2026-05-10,4,10,82,86,65,103,2
2026-05-10,4,11,64,64,53,75,1
2026-05-10,4,12,77,77,59,95,0
2026-05-10,4,13,63,77,43,97,1
2026-05-10,4,14,69,83,52,100,1
2026-05-10,4,15,62,64,54,72,1
2026-05-10,4,16,69,69,51,87,0
2026-05-10,4,17,61,80,53,88,2
2026-05-10,4,18,58,58,52,64,0
2026-05-10,4,19,55,55,48,62,0
2026-05-10,4,20,78,89,58,109,1
2026-05-10,5,1,37,37,26,48,0
2026-05-10,5,2,36,49,25,60,0
2026-05-10,5,3,28,32,9,51,0
2026-05-10,5,4,42,42,26,58,0
2026-05-10,5,5,47,47,40,54,0
2026-05-10,5,6,36,52,28,60,0
2026-05-10,5,7,41,60,36,65,1
2026-05-10,5,8,40,56,28,68,0
2026-05-10,5,9,33,33,23,43,0
2026-05-10,5,10,27,38,17,48,1
2026-05-10,5,11,50,53,31,72,0
2026-05-10,5,12,36,36,31,41,0
2026-05-10,5,13,39,56,19,76,0
2026-05-10,5,14,35,47,29,53,0
2026-05-10,5,15,30,30,24,36,0
2026-05-10,5,16,39,42,21,60,0
2026-05-10,5,17,33,33,27,39,0
2026-05-10,5,18,32,44,23,53,0
2026-05-10,5,19,40,58,28,70,0
2026-05-10,5,20,44,58,24,78,1
2026-05-10,6,1,50,74,36,88,2
2026-05-10,6,2,66,66,56,76,0
2026-05-10,6,3,52,52,38,66,0
2026-05-10,6,4,57,62,48,71,1
2026-05-10,6,5,50,50,45,55,1
2026-05-10,6,6,57,58,51,64,0
2026-05-10,6,7,65,65,59,71,1
2026-05-10,6,8,55,73,42,86,0
2026-05-10,6,9,57,85,43,99,1
2026-05-10,6,10,60,60,47,73,0
2026-05-10,6,11,79,79,59,99,0
2026-05-10,6,12,68,68,63,73,1
2026-05-10,6,13,60,60,51,69,0
2026-05-10,6,14,70,70,56,84,0
2026-05-10,6,15,65,65,45,85,0
2026-05-10,6,16,70,70,51,89,0
2026-05-10,6,17,54,65,34,85,0
2026-05-10,6,18,65,65,60,70,0
2026-05-10,6,19,84,93,67,110,2
2026-05-10,6,20,66,66,54,78,1
2026-05-10,7,1,72,78,53,97,1
2026-05-10,7,2,63,76,48,91,1
2026-05-10,7,3,52,52,38,66,1
2026-05-10,7,4,84,122,67,139,0
2026-05-10,7,5,30,30,23,37,0
2026-05-10,7,6,68,85,51,102,1
2026-05-10,7,7,66,66,53,79,1
2026-05-10,7,8,60,60,55,65,0
2026-05-10,7,9,69,97,63,103,2
2026-05-10,7,10,50,58,43,65,0
2026-05-10,7,11,64,64,55,73,1
2026-05-10,7,12,51,51,45,57,1
2026-05-10,7,13,66,66,52,80,0
2026-05-10,7,14,68,68,56,80,1
2026-05-10,7,15,78,102,60,120,0
2026-05-10,7,16,70,70,62,78,1
2026-05-10,7,17,48,68,37,79,0
2026-05-10,7,18,66,66,49,83,1
2026-05-10,7,19,51,59,34,76,0
2026-05-10,7,20,63,79,54,88,0
2026-05-10,8,1,37,44,28,53,0
2026-05-10,8,2,35,49,30,54,0
2026-05-10,8,3,42,42,27,57,0
2026-05-10,8,4,43,43,30,56,0
2026-05-10,8,5,34,37,29,42,0
2026-05-10,8,6,46,46,26,66,0
2026-05-10,8,7,47,51,37,61,1
2026-05-10,8,8,29,29,21,37,0
2026-05-10,8,9,44,46,32,58,1
2026-05-10,8,10,32,41,21,52,0
2026-05-10,8,11,37,39,30,46,0
2026-05-10,8,12,37,37,30,44,0
2026-05-10,8,13,42,42,25,59,0
2026-05-10,8,14,49,56,34,71,1
2026-05-10,8,15,50,73,31,92,1
2026-05-10,8,16,31,31,22,40,0
2026-05-10,8,17,44,44,28,60,1
2026-05-10,8,18,44,44,33,55,1
2026-05-10,8,19,60,83,42,101,2
2026-05-10,8,20,50,57,39,68,1
2026-05-10,9,1,78,78,62,94,1
2026-05-10,9,2,69,83,51,101,0
2026-05-10,9,3,68,97,63,102,0
2026-05-10,9,4,64,67,54,77,1
2026-05-10,9,5,49,50,38,61,0
2026-05-10,9,6,64,77,53,88,0
2026-05-10,9,7,57,57,48,66,1
2026-05-10,9,8,87,102,68,121,2
2026-05-10,9,9,67,71,48,90,1
2026-05-10,9,10,57,57,48,66,0
2026-05-10,9,11,58,84,43,99,0
2026-05-10,9,12,59,59,52,66,0
2026-05-10,9,13,54,76,36,94,1
2026-05-10,9,14,54,69,49,74,0
2026-05-10,9,15,59,59,54,64,0
2026-05-10,9,16,74,105,54,125,0
2026-05-10,9,17,53,55,45,63,0
2026-05-10,9,18,69,83,56,96,1
2026-05-10,9,19,92,92,81,103,2
2026-05-10,9,20,75,75,55,95,0
2026-05-10,10,1,76,102,66,112,0
2026-05-10,10,2,88,88,73,103,0
2026-05-10,10,3,74,97,54,117,0
2026-05-10,10,4,67,93,52,108,1
2026-05-10,10,5,80,83,66,97,1
2026-05-10,10,6,91,116,85,122,2
2026-05-10,10,7,93,93,82,104,0
2026-05-10,10,8,71,89,60,100,1
2026-05-10,10,9,113,113,97,129,2
2026-05-10,10,10,86,86,81,91,0
2026-05-10,10,11,82,82,77,87,2
2026-05-10,10,12,74,80,69,85,1
2026-05-10,10,13,80,81,71,90,1
2026-05-10,10,14,91,127,80,138,2
2026-05-10,10,15,96,143,79,160,0
2026-05-10,10,16,98,98,81,115,1
2026-05-10,10,17,76,76,70,82,0
2026-05-10,10,18,102,142,91,153,1
2026-05-10,10,19,95,95,83,107,0
2026-05-10,10,20,90,95,76,109,0
2026-05-10,11,1,65,86,59,92,0
2026-05-10,11,2,80,80,63,97,1
2026-05-10,11,3,45,45,39,51,0
2026-05-10,11,4,55,79,46,88,0
2026-05-10,11,5,40,40,34,46,0
2026-05-10,11,6,73,109,59,123,1
2026-05-10,11,7,73,73,63,83,2
2026-05-10,11,8,52,58,44,66,0
2026-05-10,11,9,78,95,62,111,0
2026-05-10,11,10,54,75,49,80,2
2026-05-10,11,11,60,60,44,76,1
2026-05-10,11,12,58,58,40,76,0
2026-05-10,11,13,84,102,71,115,0
2026-05-10,11,14,90,133,75,148,1
2026-05-10,11,15,70,104,50,124,2
2026-05-10,11,16,60,85,53,92,0
2026-05-10,11,17,47,67,37,77,1
2026-05-10,11,18,59,71,51,79,1
2026-05-10,11,19,49,58,30,77,0
2026-05-10,11,20,65,88,50,103,0
2026-05-10,12,1,68,100,48,120,2
2026-05-10,12,2,50,65,38,77,0
2026-05-10,12,3,49,49,29,69,1
2026-05-10,12,4,59,74,50,83,1
2026-05-10,12,5,57,69,41,85,1
2026-05-10,12,6,47,47,36,58,0
2026-05-10,12,7,68,88,48,108,0
2026-05-10,12,8,58,58,44,72,0
2026-05-10,12,9,65,92,55,102,1
2026-05-10,12,10,47,55,40,62,0
2026-05-10,12,11,64,77,53,88,1
2026-05-10,12,12,70,104,55,119,1
2026-05-10,12,13,88,131,68,151,3
2026-05-10,12,14,66,88,57,97,1
2026-05-10,12,15,48,69,41,76,1
2026-05-10,12,16,58,83,42,99,0
2026-05-10,12,17,47,47,30,64,0
2026-05-10,12,18,49,55,37,67,0
2026-05-10,12,19,33,45,25,53,0
2026-05-10,12,20,47,47,39,55,1
2026-05-10,13,1,72,103,53,122,0
2026-05-10,13,2,86,104,68,122,1
2026-05-10,13,3,66,89,50,105,0
2026-05-10,13,4,75,92,57,110,0
2026-05-10,13,5,57,69,47,79,0
2026-05-10,13,6,67,92,59,100,2
2026-05-10,13,7,80,106,60,126,2
2026-05-10,13,8,68,90,54,104,1
2026-05-10,13,9,66,88,55,99,1
2026-05-10,13,10,76,82,60,98,1
2026-05-10,13,11,95,123,82,136,2
2026-05-10,13,12,62,68,50,80,1
2026-05-10,13,13,59,66,46,79,0
2026-05-10,13,14,76,76,60,92,2
2026-05-10,13,15,70,83,56,97,1
2026-05-10,13,16,85,102,68,119,1
2026-05-10,13,17,66,95,50,111,0
2026-05-10,13,18,77,115,64,128,1
2026-05-10,13,19,69,69,61,77,0
2026-05-10,13,20,64,64,57,71,1
2026-05-10,14,1,77,78,68,87,1
2026-05-10,14,2,62,89,46,105,1
2026-05-10,14,3,67,77,55,89,1
2026-05-10,14,4,52,73,37,88,0
2026-05-10,14,5,51,55,43,63,1
2026-05-10,14,6,64,79,56,87,0
2026-05-10,14,7,81,121,62,140,1
2026-05-10,14,8,71,71,54,88,1
2026-05-10,14,9,58,60,51,67,1
2026-05-10,14,10,67,67,52,82,1
2026-05-10,14,11,58,58,44,72,1
2026-05-10,14,12,66,66,55,77,1
2026-05-10,14,13,66,68,58,76,1
2026-05-10,14,14,50,67,36,81,0
2026-05-10,14,15,63,63,49,77,1
2026-05-10,14,16,79,105,61,123,1
2026-05-10,14,17,59,76,54,81,0
2026-05-10,14,18,55,65,50,70,1
2026-05-10,14,19,65,65,58,72,1
2026-05-10,14,20,60,60,55,65,0
2026-05-10,15,1,60,73,50,83,2
2026-05-10,15,2,70,70,51,89,0
2026-05-10,15,3,46,61,29,78,0
2026-05-10,15,4,58,80,42,96,1
2026-05-10,15,5,52,61,44,69,0
2026-05-10,15,6,57,57,46,68,0
2026-05-10,15,7,63,63,48,78,1
2026-05-10,15,8,81,116,64,133,1
2026-05-10,15,9,74,74,63,85,0
2026-05-10,15,10,54,68,44,78,0
2026-05-10,15,11,60,60,50,70,0
2026-05-10,15,12,41,50,35,56,1
2026-05-10,15,13,50,67,41,76,1
2026-05-10,15,14,57,57,48,66,1
2026-05-10,15,15,57,67,44,80,1
2026-05-10,15,16,61,61,56,66,1
2026-05-10,15,17,37,37,32,42,1
2026-05-10,15,18,52,52,41,63,0
2026-05-10,15,19,62,62,51,73,1
2026-05-10,15,20,44,65,30,79,1
2026-05-10,16,1,37,51,32,56,1
2026-05-10,16,2,59,59,48,70,1
2026-05-10,16,3,50,65,45,70,0
2026-05-10,16,4,62,71,47,86,1
2026-05-10,16,5,47,48,28,67,0
2026-05-10,16,6,54,80,46,88,0
2026-05-10,16,7,55,62,46,71,1
2026-05-10,16,8,51,64,44,71,1
2026-05-10,16,9,59,64,49,74,1
2026-05-10,16,10,48,48,34,62,0
2026-05-10,16,11,67,91,49,109,1
2026-05-10,16,12,46,46,33,59,0
2026-05-10,16,13,61,73,45,89,1
2026-05-10,16,14,50,67,36,81,1
2026-05-10,16,15,62,62,50,74,0
2026-05-10,16,16,55,55,50,60,1
2026-05-10,16,17,47,67,36,78,0
2026-05-10,16,18,44,64,35,73,0
2026-05-10,16,19,49,55,30,74,0
2026-05-10,16,20,53,53,38,68,0
2026-05-10,17,1,52,67,36,83,0
2026-05-10,17,2,43,48,35,56,0
2026-05-10,17,3,57,84,37,104,1
2026-05-10,17,4,61,61,41,81,0
2026-05-10,17,5,47,56,39,64,1
2026-05-10,17,6,53,67,35,85,0
2026-05-10,17,7,42,42,32,52,0
2026-05-10,17,8,42,46,37,51,0
2026-05-10,17,9,48,62,39,71,1
2026-05-10,17,10,29,29,24,34,0
2026-05-10,17,11,42,44,31,55,0
2026-05-10,17,12,42,51,30,63,0
2026-05-10,17,13,48,62,29,81,0
2026-05-10,17,14,60,76,44,92,0
2026-05-10,17,15,46,46,37,55,1
2026-05-10,17,16,60,77,44,93,0
2026-05-10,17,17,47,67,30,84,0
2026-05-10,17,18,48,62,42,68,1
2026-05-10,17,19,41,49,32,58,1
2026-05-10,17,20,50,74,33,91,1
2026-05-10,18,1,85,85,79,91,2
2026-05-10,18,2,98,98,86,110,1
2026-05-10,18,3,57,59,49,67,0
2026-05-10,18,4,91,91,80,102,1
2026-05-10,18,5,86,90,70,106,1
2026-05-10,18,6,88,88,69,107,2
2026-05-10,18,7,57,66,47,76,1
2026-05-10,18,8,69,90,56,103,2
2026-05-10,18,9,95,122,77,140,2
2026-05-10,18,10,85,94,76,103,1
2026-05-10,18,11,87,96,81,102,2
2026-05-10,18,12,82,82,72,92,1
2026-05-10,18,13,81,111,72,120,0
2026-05-10,18,14,76,95,70,101,2
2026-05-10,18,15,82,111,69,124,0
2026-05-10,18,16,95,135,85,145,0
2026-05-10,18,17,105,138,92,151,0
2026-05-10,18,18,47,47,34,60,1
2026-05-10,18,19,101,105,85,121,2
2026-05-10,18,20,72,73,61,84,2
2026-05-10,19,1,61,61,43,79,1
2026-05-10,19,2,58,58,42,74,0
2026-05-10,19,3,68,68,56,80,0
2026-05-10,19,4,59,64,43,80,0
2026-05-10,19,5,51,51,37,65,0
2026-05-10,19,6,81,114,67,128,1
2026-05-10,19,7,74,107,65,116,2
2026-05-10,19,8,52,52,33,71,1
2026-05-10,19,9,73,73,56,90,1
2026-05-10,19,10,66,67,53,80,0
2026-05-10,19,11,78,78,70,86,1
2026-05-10,19,12,56,56,38,74,1
2026-05-10,19,13,83,119,73,129,1
2026-05-10,19,14,61,66,55,72,0
2026-05-10,19,15,72,72,52,92,0
2026-05-10,19,16,69,86,51,104,1
2026-05-10,19,17,62,66,56,72,1
2026-05-10,19,18,69,91,60,100,2
2026-05-10,19,19,85,85,73,97,1
2026-05-10,19,20,55,55,42,68,1
2026-05-10,20,1,52,52,39,65,1
2026-05-10,20,2,90,90,74,106,0
2026-05-10,20,3,31,31,21,41,0
2026-05-10,20,4,69,75,54,90,0
2026-05-10,20,5,44,44,32,56,0
2026-05-10,20,6,47,53,37,63,1
2026-05-10,20,7,61,84,53,92,1
2026-05-10,20,8,53,57,40,70,1
2026-05-10,20,9,55,68,39,84,1
2026-05-10,20,10,56,68,48,76,0
2026-05-10,20,11,61,86,50,97,2
2026-05-10,20,12,55,55,42,68,1
2026-05-10,20,13,51,51,41,61,1
2026-05-10,20,14,62,80,47,95,0
2026-05-10,20,15,57,57,41,73,1
2026-05-10,20,16,61,61,42,80,0
2026-05-10,20,17,41,41,30,52,0
2026-05-10,20,18,67,74,51,90,0
2026-05-10,20,19,48,71,32,87,0
2026-05-10,20,20,54,54,37,71,0
2026-05-10,21,1,44,49,31,62,0
2026-05-10,21,2,48,65,30,83,1
2026-05-10,21,3,62,62,50,74,0
2026-05-10,21,4,47,54,37,64,0
2026-05-10,21,5,45,62,34,73,1
2026-05-10,21,6,53,64,35,82,1
2026-05-10,21,7,48,65,38,75,1
2026-05-10,21,8,63,65,43,85,1
2026-05-10,21,9,36,36,25,47,0
2026-05-10,21,10,38,40,28,50,0
2026-05-10,21,11,44,57,35,66,0
2026-05-10,21,12,56,80,38,98,0
2026-05-10,21,13,35,38,22,51,0
2026-05-10,21,14,45,45,34,56,0
2026-05-10,21,15,42,50,35,57,1
2026-05-10,21,16,45,45,27,63,0
2026-05-10,21,17,53,53,35,71,0
2026-05-10,21,18,45,56,29,72,1
2026-05-10,21,19,66,76,56,86,1
2026-05-10,21,20,52,71,34,89,1
2026-05-10,22,1,48,70,42,76,0
2026-05-10,22,2,55,77,37,95,1
2026-05-10,22,3,62,62,42,82,1
2026-05-10,22,4,63,73,46,90,1
2026-05-10,22,5,75,94,55,114,1
2026-05-10,22,6,53,63,45,71,0
2026-05-10,22,7,64,69,55,78,0
2026-05-10,22,8,87,92,70,109,1
2026-05-10,22,9,68,75,48,95,1
2026-05-10,22,10,58,78,44,92,0
2026-05-10,22,11,50,52,45,57,0
2026-05-10,22,12,62,72,51,83,1
2026-05-10,22,13,60,85,45,100,2
2026-05-10,22,14,65,65,45,85,0
2026-05-10,22,15,53,72,40,85,0
2026-05-10,22,16,68,68,51,85,1
2026-05-10,22,17,54,65,35,84,0
2026-05-10,22,18,67,88,60,95,0
2026-05-10,22,19,65,82,56,91,0
2026-05-10,22,20,49,63,41,71,0
2026-05-10,23,1,49,52,35,66,0
2026-05-10,23,2,64,76,52,88,1
2026-05-10,23,3,54,54,47,61,1
2026-05-10,23,4,64,92,56,100,0
2026-05-10,23,5,52,52,33,71,0
2026-05-10,23,6,59,70,40,89,0
2026-05-10,23,7,56,56,49,63,1
2026-05-10,23,8,57,57,45,69,0
2026-05-10,23,9,67,85,50,102,1
2026-05-10,23,10,73,73,61,85,1
2026-05-10,23,11,63,63,54,72,1
2026-05-10,23,12,58,64,49,73,1
2026-05-10,23,13,59,75,39,95,0
2026-05-10,23,14,69,75,53,91,1
2026-05-10,23,15,55,65,45,75,1
2026-05-10,23,16,69,88,56,101,0
2026-05-10,23,17,57,64,41,80,1
2026-05-10,23,18,59,81,39,101,0
2026-05-10,23,19,58,66,45,79,1
2026-05-10,23,20,69,69,54,84,0
2026-05-10,24,1,61,61,49,73,0
2026-05-10,24,2,77,77,66,88,1
2026-05-10,24,3,63,72,44,91,0
2026-05-10,24,4,65,75,47,93,1
2026-05-10,24,5,73,99,53,119,2
2026-05-10,24,6,60,60,48,72,0
2026-05-10,24,7,61,88,48,101,2
2026-05-10,24,8,56,71,45,82,1
2026-05-10,24,9,65,90,55,100,1
2026-05-10,24,10,51,66,34,83,1
2026-05-10,24,11,65,69,58,76,1
2026-05-10,24,12,69,69,52,86,1
2026-05-10,24,13,60,60,47,73,0
2026-05-10,24,14,50,55,31,74,0
2026-05-10,24,15,63,63,50,76,0
2026-05-10,24,16,72,72,53,91,0
2026-05-10,24,17,59,59,44,74,0
2026-05-10,24,18,61,75,45,91,0
2026-05-10,24,19,86,86,73,99,2
2026-05-10,24,20,57,68,39,86,0
2026-05-10,25,1,66,78,60,84,2
2026-05-10,25,2,66,66,50,82,1
2026-05-10,25,3,72,85,57,100,0
2026-05-10,25,4,55,55,46,64,1
2026-05-10,25,5,70,70,55,85,0
2026-05-10,25,6,78,78,58,98,0
2026-05-10,25,7,87,87,77,97,1
2026-05-10,25,8,57,57,46,68,1
2026-05-10,25,9,75,82,67,90,0
2026-05-10,25,10,65,80,55,90,1
2026-05-10,25,11,72,99,64,107,1
2026-05-10,25,12,69,69,50,88,0
2026-05-10,25,13,71,71,57,85,1
2026-05-10,25,14,61,87,48,100,0
2026-05-10,25,15,70,70,61,79,0
2026-05-10,25,16,76,87,68,95,0
2026-05-10,25,17,90,106,72,124,2
2026-05-10,25,18,72,89,66,95,0
2026-05-10,25,19,73,102,68,107,2
2026-05-10,25,20,72,72,57,87,2
2026-05-10,26,1,69,72,52,89,1
2026-05-10,26,2,67,78,61,84,0
2026-05-10,26,3,58,58,39,77,1
2026-05-10,26,4,60,82,53,89,1
2026-05-10,26,5,76,79,60,95,0
2026-05-10,26,6,54,54,40,68,1
2026-05-10,26,7,75,75,55,95,0
2026-05-10,26,8,57,65,47,75,0
2026-05-10,26,9,93,93,80,106,1
2026-05-10,26,10,66,97,55,108,2
2026-05-10,26,11,72,72,61,83,1
2026-05-10,26,12,66,84,53,97,0
2026-05-10,26,13,50,51,36,65,1
2026-05-10,26,14,86,86,70,102,0
2026-05-10,26,15,62,62,56,68,1
2026-05-10,26,16,65,65,52,78,0
2026-05-10,26,17,51,58,42,67,1
2026-05-10,26,18,53,53,42,64,1
2026-05-10,26,19,60,86,46,100,1
2026-05-10,26,20,74,86,56,104,0
2026-05-10,27,1,90,90,79,101,0
2026-05-10,27,2,66,85,54,97,1
2026-05-10,27,3,72,75,61,86,1
2026-05-10,27,4,52,66,47,71,1
2026-05-10,27,5,77,83,62,98,2
2026-05-10,27,6,87,87,69,105,1
2026-05-10,27,7,63,63,54,72,1
2026-05-10,27,8,74,104,56,122,2
2026-05-10,27,9,79,92,69,102,2
2026-05-10,27,10,72,72,52,92,2
2026-05-10,27,11,59,59,52,66,0
2026-05-10,27,12,82,96,69,109,1
2026-05-10,27,13,68,96,51,113,2
2026-05-10,27,14,79,111,59,131,1
2026-05-10,27,15,71,105,54,122,1
2026-05-10,27,16,56,56,47,65,0
2026-05-10,27,17,93,93,76,110,1
2026-05-10,27,18,79,97,62,114,0
2026-05-10,27,19,84,111,69,126,0
2026-05-10,27,20,66,68,55,79,1
2026-05-10,28,1,51,51,38,64,0
2026-05-10,28,2,65,90,55,100,1
2026-05-10,28,3,91,129,71,149,2
2026-05-10,28,4,54,71,37,88,0
2026-05-10,28,5,71,71,57,85,1
2026-05-10,28,6,60,65,49,76,0
2026-05-10,28,7,61,78,41,98,1
2026-05-10,28,8,92,120,76,136,0
2026-05-10,28,9,54,73,44,83,0
2026-05-10,28,10,66,97,58,105,0
2026-05-10,28,11,58,69,47,80,0
2026-05-10,28,12,62,62,49,75,1
2026-05-10,28,13,44,58,39,63,0
2026-05-10,28,14,60,62,50,72,1
2026-05-10,28,15,49,50,43,56,0
2026-05-10,28,16,54,56,48,62,0
2026-05-10,28,17,65,68,58,75,0
2026-05-10,28,18,81,81,70,92,0
2026-05-10,28,19,52,52,45,59,0
2026-05-10,28,20,66,94,49,111,1
2026-05-10,29,1,62,66,42,86,0
2026-05-10,29,2,50,66,43,73,0
2026-05-10,29,3,42,42,35,49,0
2026-05-10,29,4,48,48,42,54,1
2026-05-10,29,5,51,51,39,63,0
2026-05-10,29,6,44,44,39,49,0
2026-05-10,29,7,46,65,40,71,1
2026-05-10,29,8,59,66,42,83,0
2026-05-10,29,9,55,55,47,63,0
2026-05-10,29,10,53,53,35,71,1
2026-05-10,29,11,70,103,56,117,1
2026-05-10,29,12,60,60,46,74,1
2026-05-10,29,13,38,38,33,43,0
2026-05-10,29,14,62,69,42,89,2
2026-05-10,29,15,66,72,49,89,0
2026-05-10,29,16,44,50,38,56,0
2026-05-10,29,17,44,44,36,52,0
2026-05-10,29,18,44,63,35,72,0
2026-05-10,29,19,47,56,32,71,1
2026-05-10,29,20,51,51,38,64,0
2026-05-10,30,1,66,86,56,96,2
2026-05-10,30,2,64,64,53,75,0
2026-05-10,30,3,66,73,51,88,1
2026-05-10,30,4,69,69,49,89,0
2026-05-10,30,5,75,78,61,92,1
2026-05-10,30,6,81,88,66,103,1
2026-05-10,30,7,74,100,56,118,1
2026-05-10,30,8,64,95,47,112,2
2026-05-10,30,9,87,117,67,137,1
2026-05-10,30,10,88,128,73,143,2
2026-05-10,30,11,106,106,99,113,0
2026-05-10,30,12,66,66,59,73,1
2026-05-10,30,13,59,82,54,87,0
2026-05-10,30,14,94,110,76,128,3
2026-05-10,30,15,78,78,72,84,0
2026-05-10,30,16,85,85,72,98,2
2026-05-10,30,17,94,100,84,110,1
2026-05-10,30,18,72,100,52,120,2
2026-05-10,30,19,79,97,60,116,2
2026-05-10,30,20,68,70,58,80,1
2026-05-10,31,1,89,112,79,122,1
2026-05-10,31,2,74,106,69,111,1
2026-05-10,31,3,86,118,74,130,1
2026-05-10,31,4,83,83,65,101,0
2026-05-10,31,5,59,59,48,70,1
2026-05-10,31,6,91,131,73,149,1
2026-05-10,31,7,68,68,59,77,0
2026-05-10,31,8,69,99,59,109,0
2026-05-10,31,9,82,113,65,130,1
2026-05-10,31,10,61,66,51,76,0
2026-05-10,31,11,77,89,69,97,2
2026-05-10,31,12,66,66,60,72,1
2026-05-10,31,13,58,63,43,78,0
2026-05-10,31,14,96,96,78,114,0
2026-05-10,31,15,70,70,59,81,1
2026-05-10,31,16,81,81,63,99,1
2026-05-10,31,17,60,60,53,67,1
2026-05-10,31,18,73,73,67,79,1
2026-05-10,31,19,60,66,55,71,0
2026-05-10,31,20,80,110,65,125,1
2026-05-10,32,1,38,38,33,43,0
2026-05-10,32,2,47,67,31,83,0
2026-05-10,32,3,40,40,24,56,0
2026-05-10,32,4,40,47,35,52,0
2026-05-10,32,5,52,53,34,71,1
2026-05-10,32,6,60,60,40,80,0
2026-05-10,32,7,46,61,26,81,0
2026-05-10,32,8,23,23,6,40,0
2026-05-10,32,9,53,54,34,73,1
2026-05-10,32,10,36,43,16,63,1
2026-05-10,32,11,48,70,39,79,0
2026-05-10,32,12,34,36,26,44,0
2026-05-10,32,13,34,34,22,46,0
2026-05-10,32,14,57,57,37,77,1
2026-05-10,32,15,46,46,30,62,0
2026-05-10,32,16,32,45,21,56,1
2026-05-10,32,17,54,54,34,74,0
2026-05-10,32,18,37,53,28,62,0
2026-05-10,32,19,36,36,17,55,0
2026-05-10,32,20,38,47,26,59,0
2026-05-10,33,1,38,54,31,61,0
2026-05-10,33,2,64,70,55,79,0
2026-05-10,33,3,65,65,48,82,0
2026-05-10,33,4,50,72,42,80,0
2026-05-10,33,5,45,45,37,53,0
2026-05-10,33,6,49,49,41,57,0
2026-05-10,33,7,55,55,44,66,1
2026-05-10,33,8,46,51,38,59,0
2026-05-10,33,9,47,65,41,71,1
2026-05-10,33,10,50,56,36,70,1
2026-05-10,33,11,64,76,48,92,0
2026-05-10,33,12,49,49,41,57,0
2026-05-10,33,13,46,59,41,64,1
2026-05-10,33,14,56,58,39,75,1
2026-05-10,33,15,62,88,45,105,0
2026-05-10,33,16,39,42,33,48,0
2026-05-10,33,17,34,34,27,41,0
2026-05-10,33,18,50,63,37,76,1
2026-05-10,33,19,55,55,35,75,0
2026-05-10,33,20,53,53,41,65,0
2026-05-10,34,1,66,69,55,80,1
2026-05-10,34,2,84,112,73,123,1
2026-05-10,34,3,63,72,51,84,1
2026-05-10,34,4,87,95,79,103,1
2026-05-10,34,5,66,66,56,76,0
2026-05-10,34,6,66,73,54,85,0
2026-05-10,34,7,95,95,75,115,0
2026-05-10,34,8,77,85,61,101,0
2026-05-10,34,9,74,86,65,95,0
2026-05-10,34,10,69,74,57,86,2
2026-05-10,34,11,108,111,89,130,1
2026-05-10,34,12,63,63,49,77,0
2026-05-10,34,13,74,74,66,82,0
2026-05-10,34,14,69,69,64,74,0
2026-05-10,34,15,65,65,54,76,0
2026-05-10,34,16,80,94,60,114,0
2026-05-10,34,17,71,71,53,89,1
2026-05-10,34,18,76,88,57,107,1
2026-05-10,34,19,67,83,61,89,0
2026-05-10,34,20,54,54,45,63,0
2026-05-10,35,1,53,57,39,71,0
2026-05-10,35,2,77,114,58,133,2
2026-05-10,35,3,70,70,59,81,1
2026-05-10,35,4,71,91,51,111,0
2026-05-10,35,5,102,140,91,151,2
2026-05-10,35,6,80,80,69,91,0
2026-05-10,35,7,48,52,42,58,1
2026-05-10,35,8,63,63,52,74,1
2026-05-10,35,9,60,61,48,73,0
2026-05-10,35,10,50,53,42,61,1
2026-05-10,35,11,61,61,44,78,1
2026-05-10,35,12,77,77,57,97,1
2026-05-10,35,13,51,66,39,78,0
2026-05-10,35,14,61,64,45,80,1
2026-05-10,35,15,61,62,44,79,0
2026-05-10,35,16,61,72,45,88,0
2026-05-10,35,17,70,83,50,103,0
2026-05-10,35,18,52,52,47,57,1
2026-05-10,35,19,47,60,37,70,0
2026-05-10,35,20,50,74,41,83,0
2026-05-10,36,1,54,54,41,67,0
2026-05-10,36,2,55,64,41,78,1
2026-05-10,36,3,25,31,20,36,0
2026-05-10,36,4,50,69,37,82,1
2026-05-10,36,5,41,41,24,58,0
2026-05-10,36,6,39,39,27,51,0
2026-05-10,36,7,56,56,47,65,0
2026-05-10,36,8,49,50,39,60,0
2026-05-10,36,9,48,50,33,65,0
2026-05-10,36,10,43,43,31,55,0
2026-05-10,36,11,48,56,36,68,1
2026-05-10,36,12,69,77,56,90,1
2026-05-10,36,13,53,53,35,71,0
2026-05-10,36,14,70,99,56,113,2
2026-05-10,36,15,62,87,43,106,1
2026-05-10,36,16,60,60,44,76,0
2026-05-10,36,17,41,41,23,59,0
2026-05-10,36,18,46,46,38,54,0
2026-05-10,36,19,42,48,25,65,0
2026-05-10,36,20,34,45,28,51,0
2026-05-10,37,1,63,72,45,90,1
2026-05-10,37,2,59,74,50,83,1
2026-05-10,37,3,64,64,46,82,0
2026-05-10,37,4,53,53,39,67,0
2026-05-10,37,5,71,96,57,110,2
2026-05-10,37,6,65,66,51,80,1
2026-05-10,37,7,62,70,46,86,0
2026-05-10,37,8,73,104,64,113,1
2026-05-10,37,9,59,66,39,86,1
2026-05-10,37,10,67,77,51,93,1
2026-05-10,37,11,60,62,55,67,0
2026-05-10,37,12,68,91,52,107,0
2026-05-10,37,13,57,57,45,69,0
2026-05-10,37,14,71,84,60,95,0
2026-05-10,37,15,57,57,39,75,0
2026-05-10,37,16,50,60,32,78,0
2026-05-10,37,17,52,60,40,72,1
2026-05-10,37,18,63,63,57,69,1
2026-05-10,37,19,76,76,65,87,0
2026-05-10,37,20,51,76,43,84,2
2026-05-10,38,1,65,76,49,92,1
2026-05-10,38,2,54,74,49,79,1
2026-05-10,38,3,41,41,23,59,1
2026-05-10,38,4,56,56,37,75,0
2026-05-10,38,5,41,41,23,59,0
2026-05-10,38,6,45,56,35,66,1
2026-05-10,38,7,55,81,42,94,2
2026-05-10,38,8,60,63,44,79,0
2026-05-10,38,9,71,71,53,89,2
2026-05-10,38,10,49,49,43,55,0
2026-05-10,38,11,44,48,38,54,0
2026-05-10,38,12,45,63,33,75,1
2026-05-10,38,13,42,42,34,50,0
2026-05-10,38,14,89,89,69,109,1
2026-05-10,38,15,64,64,58,70,1
2026-05-10,38,16,59,64,45,78,0
2026-05-10,38,17,21,26,15,32,0
2026-05-10,38,18,54,65,39,80,0
2026-05-10,38,19,38,47,31,54,0
2026-05-10,38,20,71,84,51,104,1
2026-05-10,39,1,74,96,67,103,0
2026-05-10,39,2,58,73,50,81,0
2026-05-10,39,3,62,62,53,71,0
2026-05-10,39,4,62,62,45,79,0
2026-05-10,39,5,61,61,43,79,0
2026-05-10,39,6,76,87,56,107,2
2026-05-10,39,7,54,79,46,87,1
2026-05-10,39,8,68,84,56,96,1
2026-05-10,39,9,65,65,46,84,0
2026-05-10,39,10,60,60,49,71,1
2026-05-10,39,11,67,79,50,96,0
2026-05-10,39,12,72,72,58,86,0
2026-05-10,39,13,75,86,56,105,1
2026-05-10,39,14,68,92,55,105,2
2026-05-10,39,15,80,102,60,122,0
2026-05-10,39,16,52,68,46,74,1
2026-05-10,39,17,68,95,56,107,1
2026-05-10,39,18,84,101,74,111,2
2026-05-10,39,19,57,67,51,73,0
2026-05-10,39,20,66,69,47,88,1
2026-05-10,40,1,57,57,43,71,1
2026-05-10,40,2,62,67,53,76,1
2026-05-10,40,3,71,88,60,99,2
2026-05-10,40,4,64,95,46,113,0
2026-05-10,40,5,55,55,39,71,0
2026-05-10,40,6,50,50,37,63,0
2026-05-10,40,7,78,88,72,94,0
2026-05-10,40,8,49,53,44,58,0
2026-05-10,40,9,77,83,63,97,1
2026-05-10,40,10,58,58,43,73,1
2026-05-10,40,11,73,82,56,99,0
2026-05-10,40,12,78,112,67,123,2
2026-05-10,40,13,82,108,66,124,2
2026-05-10,40,14,70,89,60,99,2
2026-05-10,40,15,60,62,48,74,0
2026-05-10,40,16,60,79,47,92,1
2026-05-10,40,17,53,53,34,72,1
2026-05-10,40,18,94,118,84,128,0
2026-05-10,40,19,69,96,57,108,2
2026-05-10,40,20,52,52,37,67,1
2026-05-10,41,1,51,51,36,66,1
2026-05-10,41,2,51,51,36,66,1
2026-05-10,41,3,34,34,25,43,0
2026-05-10,41,4,43,63,33,73,0
2026-05-10,41,5,33,35,21,47,0
2026-05-10,41,6,48,48,37,59,1
2026-05-10,41,7,40,40,29,51,0
2026-05-10,41,8,30,31,25,36,0
2026-05-10,41,9,41,56,36,61,1
2026-05-10,41,10,38,38,33,43,0
2026-05-10,41,11,49,61,35,75,1
2026-05-10,41,12,47,70,40,77,2
2026-05-10,41,13,46,66,36,76,1
2026-05-10,41,14,46,58,38,66,0
2026-05-10,41,15,48,48,34,62,1
2026-05-10,41,16,53,53,37,69,0
2026-05-10,41,17,31,44,18,57,0
2026-05-10,41,18,59,85,48,96,2
2026-05-10,41,19,43,44,25,62,0
2026-05-10,41,20,66,80,52,94,0
2026-05-10,42,1,48,49,43,54,0
2026-05-10,42,2,50,61,41,70,0
2026-05-10,42,3,68,94,51,111,1
2026-05-10,42,4,55,70,49,76,0
2026-05-10,42,5,68,68,49,87,1
2026-05-10,42,6,45,50,34,61,0
2026-05-10,42,7,73,88,57,104,2
2026-05-10,42,8,46,64,38,72,1
2026-05-10,42,9,60,81,47,94,2
2026-05-10,42,10,42,42,33,51,0
2026-05-10,42,11,66,66,61,71,0
2026-05-10,42,12,63,63,56,70,0
2026-05-10,42,13,48,64,40,72,1
2026-05-10,42,14,70,91,50,111,1
2026-05-10,42,15,60,71,55,76,0
2026-05-10,42,16,54,65,42,77,0
2026-05-10,42,17,65,65,51,79,0
2026-05-10,42,18,58,85,53,90,0
2026-05-10,42,19,59,59,49,69,0
2026-05-10,42,20,49,49,35,63,0
2026-05-10,43,1,67,67,51,83,1
2026-05-10,43,2,79,109,65,123,2
2026-05-10,43,3,57,57,49,65,0
2026-05-10,43,4,75,75,60,90,1
2026-05-10,43,5,89,100,71,118,0
2026-05-10,43,6,83,83,68,98,0
2026-05-10,43,7,64,73,58,79,2
2026-05-10,43,8,76,76,66,86,2
2026-05-10,43,9,78,83,62,99,0
2026-05-10,43,10,87,101,68,120,2
2026-05-10,43,11,74,74,58,90,1
2026-05-10,43,12,69,69,61,77,1
2026-05-10,43,13,71,71,60,82,0
2026-05-10,43,14,73,96,65,104,1
2026-05-10,43,15,81,81,70,92,0
2026-05-10,43,16,91,115,86,120,0
2026-05-10,43,17,84,119,71,132,2
2026-05-10,43,18,71,98,56,113,1
2026-05-10,43,19,64,64,54,74,1
2026-05-10,43,20,87,87,75,99,0
2026-05-10,44,1,50,50,37,63,0
2026-05-10,44,2,64,64,49,79,0
2026-05-10,44,3,71,86,55,102,2
2026-05-10,44,4,70,104,50,124,1
2026-05-10,44,5,47,62,33,76,0
2026-05-10,44,6,56,57,37,76,0
2026-05-10,44,7,47,47,37,57,0
2026-05-10,44,8,43,43,33,53,0
2026-05-10,44,9,56,59,42,73,0
2026-05-10,44,10,54,56,40,70,0
2026-05-10,44,11,50,50,32,68,0
2026-05-10,44,12,47,69,40,76,0
2026-05-10,44,13,52,77,38,91,0
2026-05-10,44,14,77,99,59,117,0
2026-05-10,44,15,44,44,37,51,0
2026-05-10,44,16,73,73,57,89,0
2026-05-10,44,17,57,57,51,63,1
2026-05-10,44,18,69,69,49,89,1
2026-05-10,44,19,64,93,44,113,0
2026-05-10,44,20,48,48,35,61,0
2026-05-10,45,1,61,81,52,90,0
2026-05-10,45,2,57,57,46,68,0
2026-05-10,45,3,69,89,57,101,1
2026-05-10,45,4,63,63,53,73,0
2026-05-10,45,5,57,58,43,72,0
2026-05-10,45,6,64,75,52,87,1
2026-05-10,45,7,51,51,40,62,1
2026-05-10,45,8,51,70,43,78,0
2026-05-10,45,9,52,52,42,62,0
2026-05-10,45,10,52,62,43,71,1
2026-05-10,45,11,68,87,53,102,1
2026-05-10,45,12,52,52,44,60,1
2026-05-10,45,13,51,70,32,89,0
2026-05-10,45,14,63,74,50,87,0
2026-05-10,45,15,48,62,39,71,0
2026-05-10,45,16,62,75,56,81,0
2026-05-10,45,17,64,64,50,78,0
2026-05-10,45,18,52,52,40,64,0
2026-05-10,45,19,75,102,58,119,0
2026-05-10,45,20,50,50,45,55,0
2026-05-10,46,1,106,106,88,124,0
2026-05-10,46,2,66,66,53,79,1
2026-05-10,46,3,68,73,61,80,1
2026-05-10,46,4,76,104,71,109,1
2026-05-10,46,5,72,85,66,91,0
2026-05-10,46,6,66,78,53,91,0
2026-05-10,46,7,78,88,64,102,2
2026-05-10,46,8,75,75,61,89,1
2026-05-10,46,9,71,71,56,86,0
2026-05-10,46,10,96,130,76,150,2
2026-05-10,46,11,63,63,57,69,1
2026-05-10,46,12,71,90,61,100,1
2026-05-10,46,13,92,92,80,104,1
2026-05-10,46,14,64,70,53,81,0
2026-05-10,46,15,58,64,49,73,0
2026-05-10,46,16,72,72,66,78,1
2026-05-10,46,17,91,134,74,151,1
2026-05-10,46,18,75,75,69,81,2
2026-05-10,46,19,69,71,50,90,0
2026-05-10,46,20,71,81,61,91,0
2026-05-10,47,1,66,66,59,73,0
2026-05-10,47,2,71,75,65,81,1
2026-05-10,47,3,76,91,67,100,0
2026-05-10,47,4,92,93,73,112,2
2026-05-10,47,5,83,101,63,121,1
2026-05-10,47,6,84,96,75,105,2
2026-05-10,47,7,105,148,93,160,3
2026-05-10,47,8,78,78,61,95,1
2026-05-10,47,9,102,136,89,149,1
2026-05-10,47,10,94,120,82,132,1
2026-05-10,47,11,89,114,82,121,0
2026-05-10,47,12,102,102,85,119,2
2026-05-10,47,13,104,104,94,114,0
2026-05-10,47,14,108,108,99,117,0
2026-05-10,47,15,119,150,103,166,1
2026-05-10,47,16,80,80,64,96,2
2026-05-10,47,17,100,100,80,120,0
2026-05-10,47,18,95,142,75,162,0
2026-05-10,47,19,65,90,55,100,2
2026-05-10,47,20,87,115,67,135,1
2026-05-10,48,1,58,85,43,100,1
2026-05-10,48,2,47,54,35,66,0
2026-05-10,48,3,44,44,33,55,0
2026-05-10,48,4,80,100,66,114,2
2026-05-10,48,5,58,72,46,84,1
2026-05-10,48,6,50,50,42,58,0
2026-05-10,48,7,59,59,39,79,0
2026-05-10,48,8,57,57,42,72,1
2026-05-10,48,9,53,67,46,74,0
2026-05-10,48,10,50,50,33,67,0
2026-05-10,48,11,47,69,41,75,1
2026-05-10,48,12,46,66,35,77,1
2026-05-10,48,13,49,71,36,84,1
2026-05-10,48,14,55,72,41,86,0
2026-05-10,48,15,66,88,53,101,1
2026-05-10,48,16,53,78,36,95,1
2026-05-10,48,17,54,54,42,66,0
2026-05-10,48,18,27,27,17,37,0
2026-05-10,48,19,28,38,23,43,0
2026-05-10,48,20,61,75,46,90,2
2026-05-10,49,1,53,63,36,80,0
2026-05-10,49,2,47,47,29,65,0
2026-05-10,49,3,55,55,44,66,0
2026-05-10,49,4,41,58,32,67,0
2026-05-10,49,5,48,48,40,56,1
2026-05-10,49,6,57,57,39,75,0
2026-05-10,49,7,53,53,42,64,1
2026-05-10,49,8,56,83,40,99,0
2026-05-10,49,9,51,51,32,70,0
2026-05-10,49,10,45,45,28,62,1
2026-05-10,49,11,50,50,42,58,0
2026-05-10,49,12,42,48,29,61,1
2026-05-10,49,13,39,52,28,63,1
2026-05-10,49,14,48,48,29,67,1
2026-05-10,49,15,47,62,35,74,1
2026-05-10,49,16,49,60,29,80,1
2026-05-10,49,17,52,52,37,67,0
2026-05-10,49,18,42,42,34,50,1
2026-05-10,49,19,48,64,28,84,1
2026-05-10,49,20,36,38,31,43,0
2026-05-10,50,1,70,84,55,99,1
2026-05-10,50,2,65,72,48,89,1
2026-05-10,50,3,54,54,35,73,0
2026-05-10,50,4,57,57,51,63,0
2026-05-10,50,5,58,58,39,77,0
2026-05-10,50,6,58,58,41,75,0
2026-05-10,50,7,63,83,58,88,1
2026-05-10,50,8,57,57,47,67,0
2026-05-10,50,9,69,91,57,103,2
2026-05-10,50,10,64,64,48,80,0
2026-05-10,50,11,60,60,52,68,1
2026-05-10,50,12,67,69,52,84,0
2026-05-10,50,13,57,59,52,64,1
2026-05-10,50,14,72,72,55,89,1
2026-05-10,50,15,76,100,59,117,2
2026-05-10,50,16,64,64,57,71,0
2026-05-10,50,17,60,87,53,94,0
2026-05-10,50,18,65,65,56,74,1
2026-05-10,50,19,47,70,32,85,0
2026-05-10,50,20,52,63,47,68,1
2026-05-17,1,1,68,94,51,111,1
2026-05-17,1,2,64,92,45,111,0
2026-05-17,1,3,64,85,46,103,1
2026-05-17,1,4,54,71,38,87,1
2026-05-17,1,5,65,73,45,93,0
2026-05-17,1,6,39,50,31,58,0
2026-05-17,1,7,68,75,59,84,0
2026-05-17,1,8,64,64,54,74,1
2026-05-17,1,9,54,68,45,77,1
2026-05-17,1,10,69,69,49,89,0
2026-05-17,1,11,65,93,50,108,0
2026-05-17,1,12,53,57,38,72,1
2026-05-17,1,13,48,48,35,61,1
2026-05-17,1,14,82,82,75,89,1
2026-05-17,1,15,56,56,43,69,0
2026-05-17,1,16,60,88,49,99,2
2026-05-17,1,17,70,92,51,111,1
2026-05-17,1,18,57,57,43,71,1
2026-05-17,1,19,59,85,40,104,0
2026-05-17,1,20,59,59,39,79,0
2026-05-17,2,1,56,56,45,67,1
2026-05-17,2,2,46,46,32,60,1
2026-05-17,2,3,42,59,26,75,1
2026-05-17,2,4,58,83,39,102,1
2026-05-17,2,5,38,45,25,58,0
2026-05-17,2,6,57,64,39,82,0
2026-05-17,2,7,52,52,39,65,0
2026-05-17,2,8,57,71,46,82,0
2026-05-17,2,9,70,70,62,78,0
2026-05-17,2,10,52,52,42,62,1
2026-05-17,2,11,63,70,54,79,1
2026-05-17,2,12,54,56,49,61,0
2026-05-17,2,13,56,65,50,71,0
2026-05-17,2,14,64,64,48,80,1
2026-05-17,2,15,62,90,46,106,2
2026-05-17,2,16,51,57,35,73,1
2026-05-17,2,17,31,40,23,48,0
2026-05-17,2,18,70,70,55,85,1
2026-05-17,2,19,57,57,37,77,0
2026-05-17,2,20,57,57,41,73,1
2026-05-17,3,1,61,81,47,95,1
2026-05-17,3,2,63,69,58,74,0
2026-05-17,3,3,38,52,33,57,0
2026-05-17,3,4,61,90,52,99,0
2026-05-17,3,5,46,61,32,75,0
2026-05-17,3,6,66,66,47,85,1
2026-05-17,3,7,71,101,57,115,0
2026-05-17,3,8,72,74,59,87,0
2026-05-17,3,9,73,95,53,115,2
2026-05-17,3,10,58,58,53,63,1
2026-05-17,3,11,66,96,52,110,2
2026-05-17,3,12,74,75,54,95,1
2026-05-17,3,13,51,58,40,69,1
2026-05-17,3,14,95,126,82,139,1
2026-05-17,3,15,70,74,56,88,1
2026-05-17,3,16,65,74,59,80,1
2026-05-17,3,17,53,67,40,80,1
2026-05-17,3,18,50,50,35,65,0
2026-05-17,3,19,47,47,34,60,0
2026-05-17,3,20,76,109,67,118,0
2026-05-17,4,1,72,72,56,88,1
2026-05-17,4,2,50,50,43,57,0
2026-05-17,4,3,49,70,39,80,2
2026-05-17,4,4,60,67,45,82,1
2026-05-17,4,5,65,77,48,94,1
2026-05-17,4,6,62,62,46,78,0
2026-05-17,4,7,82,116,73,125,3
2026-05-17,4,8,81,81,61,101,0
2026-05-17,4,9,89,89,84,94,1
2026-05-17,4,10,58,79,51,86,0
2026-05-17,4,11,71,71,63,79,1
2026-05-17,4,12,70,93,60,103,0
2026-05-17,4,13,70,70,60,80,2
2026-05-17,4,14,80,80,66,94,0
2026-05-17,4,15,65,95,47,113,2
2026-05-17,4,16,64,64,54,74,1
2026-05-17,4,17,70,70,52,88,0
2026-05-17,4,18,71,71,53,89,0
2026-05-17,4,19,60,62,50,72,0
2026-05-17,4,20,50,57,38,69,0
2026-05-17,5,1,46,53,31,68,0
2026-05-17,5,2,39,45,33,51,0
2026-05-17,5,3,34,40,29,45,1
2026-05-17,5,4,46,63,28,81,0
2026-05-17,5,5,42,53,30,65,1
2026-05-17,5,6,39,39,31,47,1
2026-05-17,5,7,41,46,27,60,1
2026-05-17,5,8,42,45,30,57,0
2026-05-17,5,9,30,32,24,38,0
2026-05-17,5,10,34,45,20,59,0
2026-05-17,5,11,37,54,32,59,0
2026-05-17,5,12,45,45,33,57,1
2026-05-17,5,13,42,42,22,62,0
2026-05-17,5,14,42,45,30,57,1
2026-05-17,5,15,38,38,32,44,0
2026-05-17,5,16,37,46,29,54,0
2026-05-17,5,17,52,59,34,77,1
2026-05-17,5,18,43,43,27,59,0
2026-05-17,5,19,47,64,34,77,0
2026-05-17,5,20,42,42,31,53,1
2026-05-17,6,1,54,69,48,75,0
2026-05-17,6,2,69,69,51,87,0
2026-05-17,6,3,44,53,39,58,1
2026-05-17,6,4,76,76,56,96,2
2026-05-17,6,5,60,64,49,75,0
2026-05-17,6,6,54,54,40,68,1
2026-05-17,6,7,58,58,43,73,0
2026-05-17,6,8,59,66,51,74,0
2026-05-17,6,9,63,72,54,81,1
2026-05-17,6,10,63,74,45,92,0
2026-05-17,6,11,61,61,49,73,1
2026-05-17,6,12,49,61,39,71,1
2026-05-17,6,13,66,66,51,81,0
2026-05-17,6,14,74,109,56,127,2
2026-05-17,6,15,84,84,74,94,0
2026-05-17,6,16,55,55,48,62,1
2026-05-17,6,17,65,89,58,96,0
2026-05-17,6,18,76,76,68,84,0
2026-05-17,6,19,59,70,41,88,0
2026-05-17,6,20,51,65,32,84,1
2026-05-17,7,1,68,72,52,88,0
2026-05-17,7,2,73,84,59,98,1
2026-05-17,7,3,48,48,38,58,0
2026-05-17,7,4,55,66,40,81,1
2026-05-17,7,5,58,70,46,82,1
2026-05-17,7,6,60,89,40,109,0
2026-05-17,7,7,79,99,62,116,1
2026-05-17,7,8,55,79,47,87,1
2026-05-17,7,9,75,109,62,122,0
2026-05-17,7,10,70,70,59,81,0
2026-05-17,7,11,71,100,54,117,2
2026-05-17,7,12,78,100,63,115,0
2026-05-17,7,13,72,98,59,111,1
2026-05-17,7,14,72,72,54,90,0
2026-05-17,7,15,59,76,48,87,1
2026-05-17,7,16,52,66,44,74,0
2026-05-17,7,17,57,71,48,80,1
2026-05-17,7,18,84,85,69,100,0
2026-05-17,7,19,55,81,40,96,0
2026-05-17,7,20,55,56,48,63,0
2026-05-17,8,1,50,67,33,84,1
2026-05-17,8,2,39,43,33,49,1
2026-05-17,8,3,52,71,32,91,0
2026-05-17,8,4,44,47,31,60,0
2026-05-17,8,5,42,62,23,81,0
2026-05-17,8,6,45,45,27,63,0
2026-05-17,8,7,53,53,33,73,0
2026-05-17,8,8,43,44,27,60,0
2026-05-17,8,9,43,49,27,65,0
2026-05-17,8,10,41,41,22,60,0
2026-05-17,8,11,50,59,41,68,1
2026-05-17,8,12,38,55,28,65,0
2026-05-17,8,13,40,49,27,62,0
2026-05-17,8,14,42,42,36,48,0
2026-05-17,8,15,53,56,40,69,1
2026-05-17,8,16,47,47,42,52,1
2026-05-17,8,17,41,45,30,56,0
2026-05-17,8,18,29,29,21,37,0
2026-05-17,8,19,46,53,33,66,0
2026-05-17,8,20,48,62,28,82,0
2026-05-17,9,1,42,46,32,56,0
2026-05-17,9,2,70,70,51,89,0
2026-05-17,9,3,68,76,63,81,0
2026-05-17,9,4,67,73,54,86,1
2026-05-17,9,5,61,82,45,98,0
2026-05-17,9,6,48,57,38,67,0
2026-05-17,9,7,57,82,45,94,0
2026-05-17,9,8,55,68,41,82,0
2026-05-17,9,9,72,72,54,90,1
2026-05-17,9,10,53,65,48,70,1
2026-05-17,9,11,79,82,61,100,0
2026-05-17,9,12,58,73,47,84,1
2026-05-17,9,13,49,64,44,69,0
2026-05-17,9,14,70,70,57,83,1
2026-05-17,9,15,69,83,53,99,2
2026-05-17,9,16,76,76,57,95,0
2026-05-17,9,17,48,52,42,58,0
2026-05-17,9,18,58,58,47,69,0
2026-05-17,9,19,69,69,50,88,0
2026-05-17,9,20,55,55,48,62,1
2026-05-17,10,1,86,86,66,106,0
2026-05-17,10,2,73,81,65,89,2
2026-05-17,10,3,87,87,75,99,1
2026-05-17,10,4,87,89,79,97,2
2026-05-17,10,5,90,90,84,96,2
2026-05-17,10,6,93,122,81,134,1
2026-05-17,10,7,88,88,79,97,1
2026-05-17,10,8,105,113,86,132,0
2026-05-17,10,9,109,132,97,144,2
2026-05-17,10,10,61,84,52,93,0
2026-05-17,10,11,72,107,61,118,0
2026-05-17,10,12,77,113,69,121,2
2026-05-17,10,13,82,98,67,113,0
2026-05-17,10,14,127,127,119,135,3
2026-05-17,10,15,101,101,84,118,0
2026-05-17,10,16,95,134,87,142,1
2026-05-17,10,17,90,110,82,118,0
2026-05-17,10,18,104,106,89,121,2
2026-05-17,10,19,122,122,104,140,2
2026-05-17,10,20,72,104,67,109,0
2026-05-17,11,1,59,59,48,70,1
2026-05-17,11,2,62,76,43,95,0
2026-05-17,11,3,33,39,21,51,0
2026-05-17,11,4,76,76,63,89,0
2026-05-17,11,5,48,60,32,76,0
2026-05-17,11,6,74,74,68,80,1
2026-05-17,11,7,62,62,54,70,1
2026-05-17,11,8,82,112,65,129,0
2026-05-17,11,9,83,120,75,128,2
2026-05-17,11,10,58,68,48,78,1
2026-05-17,11,11,78,78,61,95,2
2026-05-17,11,12,73,73,54,92,0
2026-05-17,11,13,68,68,55,81,0
2026-05-17,11,14,65,65,57,73,0
2026-05-17,11,15,69,72,52,89,0
2026-05-17,11,16,73,73,53,93,0
2026-05-17,11,17,47,47,37,57,0
2026-05-17,11,18,52,65,47,70,0
2026-05-17,11,19,38,38,28,48,0
2026-05-17,11,20,73,73,55,91,0
2026-05-17,12,1,48,56,38,66,1
2026-05-17,12,2,68,76,57,87,0
2026-05-17,12,3,44,64,39,69,1
2026-05-17,12,4,63,63,50,76,1
2026-05-17,12,5,47,59,27,79,0
2026-05-17,12,6,51,59,37,73,0
2026-05-17,12,7,48,51,40,59,0
2026-05-17,12,8,49,56,33,72,0
2026-05-17,12,9,63,63,47,79,0
2026-05-17,12,10,59,61,40,80,0
2026-05-17,12,11,54,77,47,84,2
2026-05-17,12,12,47,67,37,77,0
2026-05-17,12,13,50,50,34,66,0
2026-05-17,12,14,68,73,50,91,1
2026-05-17,12,15,61,74,53,82,0
2026-05-17,12,16,44,44,37,51,0
2026-05-17,12,17,46,46,28,64,1
2026-05-17,12,18,50,65,42,73,0
2026-05-17,12,19,38,38,33,43,0
2026-05-17,12,20,53,76,39,90,1
2026-05-17,13,1,93,128,76,145,2
2026-05-17,13,2,62,62,52,72,1
2026-05-17,13,3,111,134,93,152,2
2026-05-17,13,4,62,77,53,86,0
2026-05-17,13,5,64,64,58,70,0
2026-05-17,13,6,57,71,51,77,0
2026-05-17,13,7,66,75,55,86,0
2026-05-17,13,8,45,45,37,53,1
2026-05-17,13,9,62,77,55,84,0
2026-05-17,13,10,71,71,55,87,1
2026-05-17,13,11,85,85,66,104,0
2026-05-17,13,12,68,68,57,79,0
2026-05-17,13,13,66,76,46,96,2
2026-05-17,13,14,70,70,60,80,1
2026-05-17,13,15,73,73,55,91,1
2026-05-17,13,16,88,130,69,149,0
2026-05-17,13,17,64,64,53,75,1
2026-05-17,13,18,64,87,51,100,1
2026-05-17,13,19,65,74,53,86,2
2026-05-17,13,20,75,94,57,112,2
2026-05-17,14,1,67,67,60,74,0
2026-05-17,14,2,41,55,28,68,0
2026-05-17,14,3,60,60,49,71,0
2026-05-17,14,4,98,139,81,156,0
2026-05-17,14,5,61,85,51,95,1
2026-05-17,14,6,65,93,49,109,2
2026-05-17,14,7,75,98,55,118,1
2026-05-17,14,8,51,73,44,80,1
2026-05-17,14,9,69,76,56,89,0
2026-05-17,14,10,56,61,37,80,0
2026-05-17,14,11,67,81,49,99,1
2026-05-17,14,12,53,54,42,65,0
2026-05-17,14,13,56,56,42,70,0
2026-05-17,14,14,66,67,48,85,1
2026-05-17,14,15,75,100,58,117,0
2026-05-17,14,16,90,90,76,104,0
2026-05-17,14,17,44,60,35,69,1
2026-05-17,14,18,57,61,51,67,0
2026-05-17,14,19,56,71,49,78,1
2026-05-17,14,20,56,78,46,88,0
2026-05-17,15,1,66,66,55,77,1
2026-05-17,15,2,58,70,47,81,1
2026-05-17,15,3,48,63,28,83,1
2026-05-17,15,4,50,52,44,58,1
2026-05-17,15,5,43,56,33,66,0
2026-05-17,15,6,56,63,44,75,1
2026-05-17,15,7,52,75,45,82,0
2026-05-17,15,8,47,68,41,74,1
2026-05-17,15,9,46,53,40,59,0
2026-05-17,15,10,49,49,44,54,1
2026-05-17,15,11,64,64,53,75,0
2026-05-17,15,12,60,77,44,93,1
2026-05-17,15,13,43,43,33,53,0
2026-05-17,15,14,58,74,45,87,1
2026-05-17,15,15,50,69,43,76,1
2026-05-17,15,16,68,71,54,85,1
2026-05-17,15,17,45,45,26,64,0
2026-05-17,15,18,74,110,67,117,0
2026-05-17,15,19,56,74,39,91,1
2026-05-17,15,20,48,54,32,70,0
2026-05-17,16,1,77,77,68,86,0
2026-05-17,16,2,56,73,36,93,1
2026-05-17,16,3,54,66,41,79,1
2026-05-17,16,4,38,44,33,49,0
2026-05-17,16,5,45,45,29,61,0
2026-05-17,16,6,52,52,39,65,0
2026-05-17,16,7,64,90,45,109,1
2026-05-17,16,8,43,56,26,73,1
2026-05-17,16,9,60,60,42,78,1
2026-05-17,16,10,44,44,34,54,0
2026-05-17,16,11,61,61,45,77,0
2026-05-17,16,12,58,74,48,84,0
2026-05-17,16,13,57,57,38,76,1
2026-05-17,16,14,43,56,37,62,0
2026-05-17,16,15,43,53,38,58,0
2026-05-17,16,16,53,78,43,88,0
2026-05-17,16,17,52,52,45,59,0
2026-05-17,16,18,52,63,37,78,1
2026-05-17,16,19,58,79,41,96,1
2026-05-17,16,20,51,56,43,64,0
2026-05-17,17,1,58,63,42,79,0
2026-05-17,17,2,51,74,42,83,0
2026-05-17,17,3,42,56,31,67,1
2026-05-17,17,4,49,73,30,92,0
2026-05-17,17,5,42,48,34,56,0
2026-05-17,17,6,67,67,56,78,1
2026-05-17,17,7,42,44,35,51,0
2026-05-17,17,8,50,50,37,63,0
2026-05-17,17,9,54,69,34,89,0
2026-05-17,17,10,45,49,28,66,1
2026-05-17,17,11,43,58,27,74,0
2026-05-17,17,12,55,70,37,88,1
2026-05-17,17,13,39,39,28,50,0
2026-05-17,17,14,51,58,34,75,0
2026-05-17,17,15,56,60,41,75,0
2026-05-17,17,16,44,44,35,53,0
2026-05-17,17,17,53,63,33,83,1
2026-05-17,17,18,52,71,35,88,0
2026-05-17,17,19,52,52,36,68,1
2026-05-17,17,20,32,32,26,38,0
2026-05-17,18,1,90,90,83,97,1
2026-05-17,18,2,64,64,57,71,1
2026-05-17,18,3,102,109,90,121,0
2026-05-17,18,4,68,68,62,74,1
2026-05-17,18,5,95,95,77,113,0
2026-05-17,18,6,76,96,66,106,2
2026-05-17,18,7,93,124,73,144,2
2026-05-17,18,8,85,116,80,121,0
2026-05-17,18,9,87,111,78,120,2
2026-05-17,18,10,92,118,73,137,2
2026-05-17,18,11,95,107,79,123,0
2026-05-17,18,12,90,90,70,110,0
2026-05-17,18,13,97,126,83,140,1
2026-05-17,18,14,89,89,76,102,0
2026-05-17,18,15,91,91,83,99,2
2026-05-17,18,16,96,96,82,110,2
2026-05-17,18,17,92,98,86,104,0
2026-05-17,18,18,113,113,100,126,1
2026-05-17,18,19,105,142,88,159,2
2026-05-17,18,20,81,114,71,124,1
2026-05-17,19,1,72,72,58,86,0
2026-05-17,19,2,70,72,62,80,1
2026-05-17,19,3,56,66,48,74,1
2026-05-17,19,4,77,77,59,95,0
2026-05-17,19,5,46,63,39,70,0
2026-05-17,19,6,78,89,61,106,1
2026-05-17,19,7,60,76,53,83,1
2026-05-17,19,8,63,67,48,82,1
2026-05-17,19,9,79,84,61,102,1
2026-05-17,19,10,40,40,29,51,0
2026-05-17,19,11,83,83,75,91,2
2026-05-17,19,12,74,103,65,112,1
2026-05-17,19,13,54,64,43,75,0
2026-05-17,19,14,63,90,55,98,2
2026-05-17,19,15,45,45,40,50,0
2026-05-17,19,16,52,72,46,78,1
2026-05-17,19,17,61,61,46,76,0
2026-05-17,19,18,71,72,55,88,0
2026-05-17,19,19,82,82,70,94,1
2026-05-17,19,20,50,50,40,60,1
2026-05-17,20,1,74,90,58,106,0
2026-05-17,20,2,71,99,51,119,1
2026-05-17,20,3,41,49,27,63,0
2026-05-17,20,4,85,85,69,101,1
2026-05-17,20,5,40,59,25,74,0
2026-05-17,20,6,57,59,45,71,0
2026-05-17,20,7,58,64,43,79,0
2026-05-17,20,8,44,65,30,79,0
2026-05-17,20,9,72,72,57,87,0
2026-05-17,20,10,44,47,35,56,0
2026-05-17,20,11,64,64,46,82,1
2026-05-17,20,12,69,69,52,86,2
2026-05-17,20,13,57,77,46,88,0
2026-05-17,20,14,58,77,44,91,0
2026-05-17,20,15,52,55,42,65,0
2026-05-17,20,16,46,58,37,67,0
2026-05-17,20,17,38,45,21,62,0
2026-05-17,20,18,56,56,41,71,0
2026-05-17,20,19,43,43,24,62,1
2026-05-17,20,20,54,64,36,82,0
2026-05-17,21,1,51,69,38,82,0
2026-05-17,21,2,43,53,30,66,0
2026-05-17,21,3,52,54,32,74,0
2026-05-17,21,4,50,53,43,60,1
2026-05-17,21,5,60,66,41,85,0
2026-05-17,21,6,57,57,50,64,0
2026-05-17,21,7,50,63,37,76,0
2026-05-17,21,8,46,46,33,59,1
2026-05-17,21,9,50,69,33,86,1
2026-05-17,21,10,29,33,22,40,0
2026-05-17,21,11,54,78,34,98,0
2026-05-17,21,12,56,56,39,73,0
2026-05-17,21,13,44,58,28,74,1
2026-05-17,21,14,46,62,29,79,0
2026-05-17,21,15,42,42,36,48,0
2026-05-17,21,16,59,76,44,91,1
2026-05-17,21,17,45,47,31,61,0
2026-05-17,21,18,52,61,37,76,1
2026-05-17,21,19,52,52,34,70,1
2026-05-17,21,20,34,39,27,46,0
2026-05-17,22,1,56,56,37,75,0
2026-05-17,22,2,58,69,47,80,1
2026-05-17,22,3,54,72,39,87,0
2026-05-17,22,4,59,71,45,85,1
2026-05-17,22,5,57,80,42,95,1
2026-05-17,22,6,69,69,51,87,0
2026-05-17,22,7,76,95,60,111,0
2026-05-17,22,8,52,60,35,77,1
2026-05-17,22,9,71,71,58,84,1
2026-05-17,22,10,48,56,42,62,1
2026-05-17,22,11,67,86,60,93,1
2026-05-17,22,12,59,69,47,81,1
2026-05-17,22,13,59,64,45,78,0
2026-05-17,22,14,69,69,55,83,1
2026-05-17,22,15,61,87,49,99,2
2026-05-17,22,16,73,73,60,86,1
2026-05-17,22,17,82,121,76,127,3
2026-05-17,22,18,64,71,44,91,0
2026-05-17,22,19,60,60,49,71,0
2026-05-17,22,20,55,55,48,62,0
2026-05-17,23,1,53,53,47,59,0
2026-05-17,23,2,62,62,42,82,0
2026-05-17,23,3,55,59,44,70,0
2026-05-17,23,4,56,59,49,66,1
2026-05-17,23,5,51,73,44,80,0
2026-05-17,23,6,59,59,53,65,0
2026-05-17,23,7,72,73,67,78,1
2026-05-17,23,8,71,71,58,84,1
2026-05-17,23,9,98,101,78,121,1
2026-05-17,23,10,59,59,51,67,0
2026-05-17,23,11,58,71,43,86,0
2026-05-17,23,12,68,68,51,85,1
2026-05-17,23,13,49,63,40,72,1
2026-05-17,23,14,99,139,83,155,3
2026-05-17,23,15,67,67,49,85,1
2026-05-17,23,16,51,61,46,66,0
2026-05-17,23,17,59,77,47,89,2
2026-05-17,23,18,73,93,54,112,1
2026-05-17,23,19,83,99,69,113,2
2026-05-17,23,20,60,60,43,77,1
2026-05-17,24,1,68,97,48,117,1
2026-05-17,24,2,55,55,42,68,1
2026-05-17,24,3,63,63,43,83,0
2026-05-17,24,4,57,75,52,80,0
2026-05-17,24,5,73,102,60,115,3
2026-05-17,24,6,73,106,54,125,2
2026-05-17,24,7,91,133,71,153,1
2026-05-17,24,8,64,64,44,84,1
2026-05-17,24,9,68,99,54,113,2
2026-05-17,24,10,62,65,49,78,0
2026-05-17,24,11,84,84,65,103,0
2026-05-17,24,12,66,83,50,99,0
2026-05-17,24,13,71,72,56,87,1
2026-05-17,24,14,61,61,49,73,1
2026-05-17,24,15,67,69,54,82,0
2026-05-17,24,16,75,105,60,120,0
2026-05-17,24,17,64,74,54,84,0
2026-05-17,24,18,80,83,62,101,0
2026-05-17,24,19,50,54,41,63,0
2026-05-17,24,20,57,72,49,80,1
2026-05-17,25,1,75,75,68,82,2
2026-05-17,25,2,71,74,52,93,1
2026-05-17,25,3,36,42,27,51,0
2026-05-17,25,4,75,75,64,86,1
2026-05-17,25,5,55,77,39,93,0
2026-05-17,25,6,73,85,66,92,1
2026-05-17,25,7,80,109,62,127,0
2026-05-17,25,8,78,78,64,92,0
2026-05-17,25,9,64,64,59,69,0
2026-05-17,25,10,63,63,49,77,1
2026-05-17,25,11,77,105,61,121,0
2026-05-17,25,12,48,53,39,62,1
2026-05-17,25,13,66,85,57,94,1
2026-05-17,25,14,81,81,71,91,2
2026-05-17,25,15,77,81,69,89,1
2026-05-17,25,16,53,53,41,65,0
2026-05-17,25,17,69,89,55,103,1
2026-05-17,25,18,95,95,85,105,2
2026-05-17,25,19,72,72,54,90,1
2026-05-17,25,20,77,101,64,114,2
2026-05-17,26,1,71,92,53,110,0
2026-05-17,26,2,53,68,44,77,1
2026-05-17,26,3,58,72,43,87,1
2026-05-17,26,4,59,81,46,94,0
2026-05-17,26,5,57,80,42,95,0
2026-05-17,26,6,90,90,78,102,1
2026-05-17,26,7,66,66,47,85,0
2026-05-17,26,8,60,60,49,71,0
2026-05-17,26,9,49,63,41,71,1
2026-05-17,26,10,56,71,47,80,1
2026-05-17,26,11,76,86,61,101,2
2026-05-17,26,12,72,77,58,91,0
2026-05-17,26,13,72,72,54,90,0
2026-05-17,26,14,64,80,56,88,2
2026-05-17,26,15,64,79,50,93,1
2026-05-17,26,16,62,62,50,74,1
2026-05-17,26,17,52,68,42,78,0
2026-05-17,26,18,65,65,47,83,1
2026-05-17,26,19,91,128,74,145,2
2026-05-17,26,20,42,43,36,49,0
2026-05-17,27,1,89,111,83,117,2
2026-05-17,27,2,75,81,62,94,0
2026-05-17,27,3,49,69,41,77,1
2026-05-17,27,4,90,127,80,137,0
2026-05-17,27,5,102,102,89,115,1
2026-05-17,27,6,73,73,67,79,0
2026-05-17,27,7,83,83,63,103,2
2026-05-17,27,8,74,74,58,90,0
2026-05-17,27,9,71,71,56,86,1
2026-05-17,27,10,95,95,76,114,0
2026-05-17,27,11,80,80,60,100,0
2026-05-17,27,12,66,91,54,103,1
2026-05-17,27,13,72,72,64,80,1
2026-05-17,27,14,74,85,61,98,1
2026-05-17,27,15,75,101,57,119,0
2026-05-17,27,16,85,125,74,136,3
2026-05-17,27,17,77,77,63,91,0
2026-05-17,27,18,89,101,71,119,1
2026-05-17,27,19,92,118,76,134,1
2026-05-17,27,20,82,82,64,100,1
2026-05-17,28,1,59,59,44,74,1
2026-05-17,28,2,69,85,50,104,0
2026-05-17,28,3,71,77,55,93,1
2026-05-17,28,4,54,72,38,88,0
2026-05-17,28,5,56,56,45,67,1
2026-05-17,28,6,67,81,50,98,0
2026-05-17,28,7,54,75,43,86,0
2026-05-17,28,8,57,57,39,75,0
2026-05-17,28,9,68,83,49,102,1
2026-05-17,28,10,36,49,31,54,0
2026-05-17,28,11,64,64,55,73,0
2026-05-17,28,12,55,65,40,80,0
2026-05-17,28,13,60,64,45,79,0
2026-05-17,28,14,70,70,54,86,1
2026-05-17,28,15,80,80,71,89,2
2026-05-17,28,16,68,68,52,84,0
2026-05-17,28,17,58,77,49,86,1
2026-05-17,28,18,67,79,49,97,1
2026-05-17,28,19,57,65,50,72,0
2026-05-17,28,20,69,69,50,88,1
2026-05-17,29,1,38,38,30,46,0
2026-05-17,29,2,38,54,31,61,0
2026-05-17,29,3,49,49,41,57,0
2026-05-17,29,4,36,41,31,46,0
2026-05-17,29,5,51,51,33,69,0
2026-05-17,29,6,53,78,36,95,1
2026-05-17,29,7,71,71,51,91,1
2026-05-17,29,8,46,46,38,54,0
2026-05-17,29,9,52,66,41,77,0
2026-05-17,29,10,46,64,32,78,1
2026-05-17,29,11,52,57,38,71,0
2026-05-17,29,12,56,67,38,85,1
2026-05-17,29,13,39,39,32,46,0
2026-05-17,29,14,56,62,43,75,1
2026-05-17,29,15,40,47,35,52,0
2026-05-17,29,16,50,56,36,70,0
2026-05-17,29,17,50,50,35,65,0
2026-05-17,29,18,42,42,26,58,0
2026-05-17,29,19,40,40,32,48,0
2026-05-17,29,20,32,47,27,52,1
2026-05-17,30,1,96,133,88,141,1
2026-05-17,30,2,66,66,47,85,0
2026-05-17,30,3,50,50,43,57,0
2026-05-17,30,4,89,132,74,147,2
2026-05-17,30,5,63,77,48,92,1
2026-05-17,30,6,70,91,52,109,1
2026-05-17,30,7,99,122,89,132,1
2026-05-17,30,8,69,95,55,109,2
2026-05-17,30,9,60,60,54,66,0
2026-05-17,30,10,78,103,62,119,0
2026-05-17,30,11,75,80,69,86,1
2026-05-17,30,12,74,108,65,117,0
2026-05-17,30,13,59,75,47,87,0
2026-05-17,30,14,85,122,71,136,1
2026-05-17,30,15,65,65,58,72,0
2026-05-17,30,16,64,87,53,98,1
2026-05-17,30,17,75,102,59,118,0
2026-05-17,30,18,65,80,55,90,0
2026-05-17,30,19,86,86,75,97,0
2026-05-17,30,20,72,72,55,89,0
2026-05-17,31,1,86,86,67,105,0
2026-05-17,31,2,77,90,67,100,1
2026-05-17,31,3,82,121,64,139,1
2026-05-17,31,4,69,69,59,79,1
2026-05-17,31,5,57,80,47,90,1
2026-05-17,31,6,88,122,73,137,1
2026-05-17,31,7,65,65,49,81,1
2026-05-17,31,8,86,124,72,138,2
2026-05-17,31,9,73,73,64,82,0
2026-05-17,31,10,72,103,66,109,0
2026-05-17,31,11,73,83,63,93,1
2026-05-17,31,12,49,65,42,72,0
2026-05-17,31,13,72,100,63,109,0
2026-05-17,31,14,78,102,58,122,2
2026-05-17,31,15,87,87,72,102,0
2026-05-17,31,16,64,64,55,73,0
2026-05-17,31,17,84,112,64,132,1
2026-05-17,31,18,84,84,69,99,1
2026-05-17,31,19,93,93,86,100,1
2026-05-17,31,20,78,78,65,91,0
2026-05-17,32,1,33,48,24,57,0
2026-05-17,32,2,44,44,39,49,0
2026-05-17,32,3,50,60,45,65,0
2026-05-17,32,4,50,74,30,94,1
2026-05-17,32,5,54,56,36,74,1
2026-05-17,32,6,43,52,34,61,0
2026-05-17,32,7,38,43,25,56,1
2026-05-17,32,8,30,40,25,45,0
2026-05-17,32,9,53,53,34,72,1
2026-05-17,32,10,34,34,19,49,0
2026-05-17,32,11,35,39,27,47,0
2026-05-17,32,12,54,62,35,81,1
2026-05-17,32,13,38,46,32,52,0
2026-05-17,32,14,47,47,35,59,1
2026-05-17,32,15,38,55,18,75,1
2026-05-17,32,16,55,55,46,64,0
2026-05-17,32,17,42,46,32,56,0
2026-05-17,32,18,40,40,35,45,0
2026-05-17,32,19,39,39,31,47,0
2026-05-17,32,20,41,54,34,61,1
2026-05-17,33,1,51,55,36,70,1
2026-05-17,33,2,50,50,40,60,0
2026-05-17,33,3,47,70,41,76,1
2026-05-17,33,4,48,48,32,64,0
2026-05-17,33,5,50,69,38,81,1
2026-05-17,33,6,60,81,42,99,1
2026-05-17,33,7,53,53,38,68,1
2026-05-17,33,8,59,75,48,86,2
2026-05-17,33,9,42,42,35,49,0
2026-05-17,33,10,37,37,30,44,1
2026-05-17,33,11,52,58,41,69,0
2026-05-17,33,12,59,59,46,72,1
2026-05-17,33,13,60,60,42,78,0
2026-05-17,33,14,56,60,38,78,1
2026-05-17,33,15,51,51,37,65,0
2026-05-17,33,16,60,60,41,79,0
2026-05-17,33,17,49,68,32,85,1
2026-05-17,33,18,40,40,32,48,0
2026-05-17,33,19,39,43,29,53,0
2026-05-17,33,20,57,79,44,92,1
2026-05-17,34,1,69,103,64,108,0
2026-05-17,34,2,64,67,59,72,1
2026-05-17,34,3,76,88,63,101,0
2026-05-17,34,4,75,98,70,103,0
2026-05-17,34,5,77,102,57,122,0
2026-05-17,34,6,80,116,69,127,0
2026-05-17,34,7,70,103,65,108,2
2026-05-17,34,8,68,95,60,103,0
2026-05-17,34,9,87,87,77,97,0
2026-05-17,34,10,86,86,69,103,1
2026-05-17,34,11,72,80,63,89,1
2026-05-17,34,12,90,131,85,136,0
2026-05-17,34,13,67,67,56,78,1
2026-05-17,34,14,74,105,69,110,0
2026-05-17,34,15,84,95,67,112,0
2026-05-17,34,16,69,97,59,107,0
2026-05-17,34,17,59,59,46,72,0
2026-05-17,34,18,81,81,67,95,1
2026-05-17,34,19,83,83,64,102,1
2026-05-17,34,20,63,63,54,72,1
2026-05-17,35,1,70,70,58,82,0
2026-05-17,35,2,71,80,56,95,0
2026-05-17,35,3,66,72,46,92,0
2026-05-17,35,4,58,60,52,66,0
2026-05-17,35,5,64,92,44,112,0
2026-05-17,35,6,68,68,48,88,0
2026-05-17,35,7,45,45,39,51,0
2026-05-17,35,8,67,91,58,100,0
2026-05-17,35,9,61,61,51,71,0
2026-05-17,35,10,72,72,52,92,0
2026-05-17,35,11,66,66,58,74,0
2026-05-17,35,12,79,83,62,100,2
2026-05-17,35,13,65,83,48,100,0
2026-05-17,35,14,69,98,55,112,0
2026-05-17,35,15,68,68,54,82,2
2026-05-17,35,16,85,85,67,103,1
2026-05-17,35,17,53,60,46,67,1
2026-05-17,35,18,62,62,50,74,0
2026-05-17,35,19,54,55,42,67,0
2026-05-17,35,20,58,69,53,74,1
2026-05-17,36,1,49,73,37,85,0
2026-05-17,36,2,40,40,32,48,0
2026-05-17,36,3,38,40,21,57,0
2026-05-17,36,4,56,56,44,68,0
2026-05-17,36,5,41,41,21,61,1
2026-05-17,36,6,47,56,34,69,0
2026-05-17,36,7,38,40,32,46,0
2026-05-17,36,8,53,59,42,70,0
2026-05-17,36,9,50,50,41,59,0
2026-05-17,36,10,54,79,37,96,0
2026-05-17,36,11,52,52,43,61,0
2026-05-17,36,12,66,66,50,82,0
2026-05-17,36,13,57,57,42,72,1
2026-05-17,36,14,57,72,49,80,1
2026-05-17,36,15,38,47,26,59,0
2026-05-17,36,16,52,60,44,68,0
2026-05-17,36,17,36,41,28,49,0
2026-05-17,36,18,48,62,42,68,0
2026-05-17,36,19,44,44,28,60,1
2026-05-17,36,20,46,55,34,67,1
2026-05-17,37,1,53,53,41,65,1
2026-05-17,37,2,60,60,54,66,0
2026-05-17,37,3,64,67,53,78,1
2026-05-17,37,4,72,86,54,104,0
2026-05-17,37,5,67,78,60,85,0
2026-05-17,37,6,51,51,41,61,0
2026-05-17,37,7,57,57,51,63,0
2026-05-17,37,8,72,74,53,93,1
2026-05-17,37,9,72,79,62,89,0
2026-05-17,37,10,48,62,35,75,0
2026-05-17,37,11,78,114,58,134,1
2026-05-17,37,12,56,63,44,75,1
2026-05-17,37,13,58,58,41,75,0
2026-05-17,37,14,73,95,54,114,1
2026-05-17,37,15,58,62,45,75,0
2026-05-17,37,16,68,78,53,93,2
2026-05-17,37,17,53,75,43,85,0
2026-05-17,37,18,58,83,41,100,0
2026-05-17,37,19,58,58,51,65,0
2026-05-17,37,20,66,66,60,72,1
2026-05-17,38,1,71,99,59,111,1
2026-05-17,38,2,44,59,38,65,1
2026-05-17,38,3,43,43,29,57,0
2026-05-17,38,4,64,64,45,83,1
2026-05-17,38,5,44,44,27,61,0
2026-05-17,38,6,63,77,47,93,0
2026-05-17,38,7,71,71,63,79,1
2026-05-17,38,8,69,69,61,77,0
2026-05-17,38,9,73,82,53,102,2
2026-05-17,38,10,53,53,40,66,0
2026-05-17,38,11,66,90,50,106,2
2026-05-17,38,12,52,52,41,63,1
2026-05-17,38,13,48,71,34,85,0
2026-05-17,38,14,49,64,35,78,0
2026-05-17,38,15,46,65,40,71,1
2026-05-17,38,16,44,62,37,69,0
2026-05-17,38,17,42,51,37,56,0
2026-05-17,38,18,58,67,38,87,0
2026-05-17,38,19,37,44,23,58,0
2026-05-17,38,20,50,73,37,86,0
2026-05-17,39,1,58,65,50,73,1
2026-05-17,39,2,66,66,58,74,1
2026-05-17,39,3,64,85,44,105,2
2026-05-17,39,4,68,68,56,80,1
2026-05-17,39,5,57,57,51,63,0
2026-05-17,39,6,67,69,50,86,1
2026-05-17,39,7,66,79,57,88,2
2026-05-17,39,8,58,58,47,69,0
2026-05-17,39,9,75,75,55,95,1
2026-05-17,39,10,57,71,42,86,0
2026-05-17,39,11,69,79,54,94,0
2026-05-17,39,12,56,63,45,74,0
2026-05-17,39,13,54,54,41,67,1
2026-05-17,39,14,75,95,56,114,0
2026-05-17,39,15,80,94,64,110,0
2026-05-17,39,16,56,65,47,74,0
2026-05-17,39,17,52,52,47,57,1
2026-05-17,39,18,57,75,50,82,2
2026-05-17,39,19,61,61,47,75,1
2026-05-17,39,20,64,64,49,79,0
2026-05-17,40,1,59,59,47,71,0
2026-05-17,40,2,77,90,57,110,2
2026-05-17,40,3,62,62,43,81,1
2026-05-17,40,4,73,100,65,108,0
2026-05-17,40,5,73,107,53,127,2
2026-05-17,40,6,51,51,45,57,0
2026-05-17,40,7,60,60,51,69,1
2026-05-17,40,8,49,73,41,81,1
2026-05-17,40,9,78,79,59,98,2
2026-05-17,40,10,63,68,55,76,0
2026-05-17,40,11,82,121,68,135,2
2026-05-17,40,12,55,70,44,81,1
2026-05-17,40,13,65,65,48,82,0
2026-05-17,40,14,71,71,61,81,0
2026-05-17,40,15,62,85,48,99,0
2026-05-17,40,16,63,79,45,97,0
2026-05-17,40,17,56,81,50,87,2
2026-05-17,40,18,53,53,46,60,1
2026-05-17,40,19,76,111,66,121,2
2026-05-17,40,20,65,71,49,87,2
2026-05-17,41,1,38,48,33,53,1
2026-05-17,41,2,57,75,37,95,1
2026-05-17,41,3,37,51,24,64,0
2026-05-17,41,4,51,70,39,82,0
2026-05-17,41,5,25,32,19,38,0
2026-05-17,41,6,43,43,29,57,1
2026-05-17,41,7,53,57,35,75,1
2026-05-17,41,8,56,56,42,70,1
2026-05-17,41,9,45,45,38,52,0
2026-05-17,41,10,55,55,36,74,0
2026-05-17,41,11,59,80,44,95,1
2026-05-17,41,12,45,45,31,59,0
2026-05-17,41,13,44,45,29,60,0
2026-05-17,41,14,70,76,50,96,0
2026-05-17,41,15,42,48,25,65,1
2026-05-17,41,16,55,59,35,79,1
2026-05-17,41,17,29,40,22,47,1
2026-05-17,41,18,41,56,30,67,0
2026-05-17,41,19,36,36,21,51,0
2026-05-17,41,20,48,62,30,80,1
2026-05-17,42,1,55,71,44,82,1
2026-05-17,42,2,55,79,47,87,1
2026-05-17,42,3,47,55,33,69,0
2026-05-17,42,4,63,67,51,79,1
2026-05-17,42,5,60,80,42,98,2
2026-05-17,42,6,45,45,39,51,0
2026-05-17,42,7,92,122,72,142,3
2026-05-17,42,8,58,67,40,85,1
2026-05-17,42,9,59,82,49,92,0
2026-05-17,42,10,54,61,39,76,0
2026-05-17,42,11,51,51,41,61,0
2026-05-17,42,12,52,56,41,67,1
2026-05-17,42,13,48,71,41,78,1
2026-05-17,42,14,54,54,36,72,1
2026-05-17,42,15,74,78,56,96,1
2026-05-17,42,16,52,52,45,59,0
2026-05-17,42,17,51,73,32,92,0
2026-05-17,42,18,52,58,43,67,0
2026-05-17,42,19,70,103,55,118,2
2026-05-17,42,20,40,40,30,50,0
2026-05-17,43,1,90,100,80,110,2
2026-05-17,43,2,92,92,80,104,0
2026-05-17,43,3,76,76,59,93,2
2026-05-17,43,4,102,102,92,112,2
2026-05-17,43,5,73,73,60,86,2
2026-05-17,43,6,76,91,67,100,0
2026-05-17,43,7,84,94,72,106,1
2026-05-17,43,8,63,63,53,73,0
2026-05-17,43,9,101,117,87,131,3
2026-05-17,43,10,77,77,57,97,1
2026-05-17,43,11,81,83,66,98,2
2026-05-17,43,12,76,103,59,120,1
2026-05-17,43,13,66,66,59,73,1
2026-05-17,43,14,76,110,70,116,0
2026-05-17,43,15,67,67,62,72,1
2026-05-17,43,16,85,122,68,139,2
2026-05-17,43,17,97,97,79,115,0
2026-05-17,43,18,76,80,69,87,0
2026-05-17,43,19,74,88,69,93,0
2026-05-17,43,20,71,75,60,86,1
2026-05-17,44,1,61,61,56,66,0
2026-05-17,44,2,64,67,47,84,1
2026-05-17,44,3,49,49,33,65,0
2026-05-17,44,4,63,90,57,96,0
2026-05-17,44,5,61,72,50,83,1
2026-05-17,44,6,51,51,38,64,0
2026-05-17,44,7,62,62,47,77,0
2026-05-17,44,8,67,67,48,86,1
2026-05-17,44,9,51,51,38,64,0
2026-05-17,44,10,63,71,46,88,2
2026-05-17,44,11,61,87,45,103,2
2026-05-17,44,12,51,51,32,70,0
2026-05-17,44,13,49,62,41,70,0
2026-05-17,44,14,67,67,51,83,1
2026-05-17,44,15,51,54,43,62,0
2026-05-17,44,16,58,85,43,100,0
2026-05-17,44,17,57,57,41,73,1
2026-05-17,44,18,56,70,44,82,1
2026-05-17,44,19,50,58,33,75,0
2026-05-17,44,20,52,61,47,66,1
2026-05-17,45,1,74,74,54,94,0
2026-05-17,45,2,65,69,50,84,1
2026-05-17,45,3,61,83,56,88,0
2026-05-17,45,4,63,67,53,77,1
2026-05-17,45,5,55,81,46,90,0
2026-05-17,45,6,58,84,49,93,0
2026-05-17,45,7,71,78,52,97,1
2026-05-17,45,8,53,53,44,62,1
2026-05-17,45,9,66,74,55,85,1
2026-05-17,45,10,56,56,38,74,1
2026-05-17,45,11,71,84,60,95,1
2026-05-17,45,12,43,43,38,48,1
2026-05-17,45,13,43,43,38,48,0
2026-05-17,45,14,87,115,68,134,2
2026-05-17,45,15,63,75,55,83,1
2026-05-17,45,16,51,59,43,67,0
2026-05-17,45,17,75,96,55,116,1
2026-05-17,45,18,55,75,39,91,0
2026-05-17,45,19,57,57,48,66,1
2026-05-17,45,20,59,66,54,71,0
2026-05-17,46,1,68,72,63,77,1
2026-05-17,46,2,95,95,85,105,2
2026-05-17,46,3,85,85,65,105,0
2026-05-17,46,4,97,134,80,151,3
2026-05-17,46,5,74,104,67,111,0
2026-05-17,46,6,81,85,65,101,1
2026-05-17,46,7,95,95,80,110,1
2026-05-17,46,8,67,84,61,90,1
2026-05-17,46,9,59,83,41,101,0
2026-05-17,46,10,78,110,70,118,1
2026-05-17,46,11,77,77,72,82,0
2026-05-17,46,12,74,74,59,89,1
2026-05-17,46,13,84,105,66,123,2
2026-05-17,46,14,85,92,68,109,0
2026-05-17,46,15,91,91,73,109,2
2026-05-17,46,16,96,96,80,112,1
2026-05-17,46,17,93,109,77,125,2
2026-05-17,46,18,75,105,61,119,1
2026-05-17,46,19,75,75,64,86,1
2026-05-17,46,20,77,105,61,121,1
2026-05-17,47,1,83,83,77,89,1
2026-05-17,47,2,69,71,54,86,0
2026-05-17,47,3,92,129,72,149,1
2026-05-17,47,4,109,143,91,161,0
2026-05-17,47,5,82,101,76,107,1
2026-05-17,47,6,110,143,94,159,0
2026-05-17,47,7,95,100,88,107,2
2026-05-17,47,8,106,126,88,144,2
2026-05-17,47,9,86,103,66,123,1
2026-05-17,47,10,77,81,65,93,0
2026-05-17,47,11,82,102,76,108,1
2026-05-17,47,12,84,110,66,128,1
2026-05-17,47,13,86,106,71,121,1
2026-05-17,47,14,83,100,75,108,2
2026-05-17,47,15,100,123,87,136,1
2026-05-17,47,16,102,102,92,112,0
2026-05-17,47,17,108,137,88,157,3
2026-05-17,47,18,106,106,90,122,1
2026-05-17,47,19,90,90,80,100,1
2026-05-17,47,20,134,134,125,143,1
2026-05-17,48,1,65,65,47,83,1
2026-05-17,48,2,53,75,40,88,1
2026-05-17,48,3,64,64,59,69,1
2026-05-17,48,4,64,65,49,80,1
2026-05-17,48,5,58,58,42,74,0
2026-05-17,48,6,42,42,36,48,0
2026-05-17,48,7,67,72,50,89,1
2026-05-17,48,8,53,66,41,78,1
2026-05-17,48,9,59,59,49,69,1
2026-05-17,48,10,44,52,34,62,1
2026-05-17,48,11,59,59,48,70,1
2026-05-17,48,12,46,65,41,70,1
2026-05-17,48,13,52,56,43,65,0
2026-05-17,48,14,43,44,35,52,0
2026-05-17,48,15,59,61,45,75,1
2026-05-17,48,16,66,66,52,80,1
2026-05-17,48,17,52,67,33,86,0
2026-05-17,48,18,72,72,63,81,1
2026-05-17,48,19,66,66,48,84,1
2026-05-17,48,20,50,74,36,88,0
2026-05-17,49,1,51,73,40,84,1
2026-05-17,49,2,54,73,42,85,0
2026-05-17,49,3,45,53,35,63,0
2026-05-17,49,4,40,57,30,67,0
2026-05-17,49,5,43,43,37,49,0
2026-05-17,49,6,37,37,25,49,0
2026-05-17,49,7,36,42,31,47,1
2026-05-17,49,8,46,63,36,73,0
2026-05-17,49,9,45,45,37,53,0
2026-05-17,49,10,54,54,34,74,0
2026-05-17,49,11,45,58,27,76,1
2026-05-17,49,12,61,66,41,86,1
2026-05-17,49,13,47,47,31,63,1
2026-05-17,49,14,51,63,38,76,0
2026-05-17,49,15,52,52,38,66,0
2026-05-17,49,16,60,60,48,72,0
2026-05-17,49,17,30,43,21,52,0
2026-05-17,49,18,55,55,50,60,0
2026-05-17,49,19,60,60,40,80,1
2026-05-17,49,20,48,48,28,68,0
2026-05-17,50,1,62,84,57,89,1
2026-05-17,50,2,83,83,63,103,1
2026-05-17,50,3,47,47,42,52,1
2026-05-17,50,4,59,62,52,69,1
2026-05-17,50,5,50,50,38,62,0
2026-05-17,50,6,72,76,58,90,1
2026-05-17,50,7,81,103,61,123,0
2026-05-17,50,8,68,68,59,77,1
2026-05-17,50,9,77,77,64,90,0
2026-05-17,50,10,72,79,60,91,1
2026-05-17,50,11,82,82,65,99,0
2026-05-17,50,12,59,59,49,69,1
2026-05-17,50,13,58,82,47,93,1
2026-05-17,50,14,72,72,63,81,0
2026-05-17,50,15,54,54,48,60,0
2026-05-17,50,16,75,75,57,93,0
2026-05-17,50,17,55,72,36,91,1
2026-05-17,50,18,81,81,64,98,1
2026-05-17,50,19,41,41,33,49,0
2026-05-17,50,20,63,63,50,76,0
2026-05-24,1,1,61,90,43,108,1
2026-05-24,1,2,54,54,45,63,0
2026-05-24,1,3,54,60,45,69,0
2026-05-24,1,4,64,64,47,81,1
2026-05-24,1,5,65,65,55,75,1
2026-05-24,1,6,51,63,41,73,1
2026-05-24,1,7,52,76,44,84,1
2026-05-24,1,8,50,62,45,67,1
2026-05-24,1,9,49,50,44,55,0
2026-05-24,1,10,57,57,37,77,0
2026-05-24,1,11,63,88,52,99,0
2026-05-24,1,12,57,79,49,87,2
2026-05-24,1,13,58,58,42,74,0
2026-05-24,1,14,63,68,52,79,1
2026-05-24,1,15,51,53,44,60,0
2026-05-24,1,16,59,59,47,71,0
2026-05-24,1,17,68,91,49,110,2
2026-05-24,1,18,60,73,54,79,1
2026-05-24,1,19,56,56,46,66,0
2026-05-24,1,20,56,56,42,70,0
2026-05-24,2,1,60,82,50,92,2
2026-05-24,2,2,76,84,56,104,1
2026-05-24,2,3,47,50,27,70,0
2026-05-24,2,4,56,83,40,99,2
2026-05-24,2,5,46,55,35,66,1
2026-05-24,2,6,63,64,53,74,0
2026-05-24,2,7,57,57,38,76,1
2026-05-24,2,8,55,55,38,72,1
2026-05-24,2,9,62,62,53,71,0
2026-05-24,2,10,60,73,45,88,0
2026-05-24,2,11,57,57,51,63,1
2026-05-24,2,12,63,87,56,94,2
2026-05-24,2,13,77,77,67,87,1
2026-05-24,2,14,50,50,37,63,0
2026-05-24,2,15,69,80,53,96,2
2026-05-24,2,16,53,75,41,87,1
2026-05-24,2,17,42,42,35,49,0
2026-05-24,2,18,66,73,48,91,1
2026-05-24,2,19,33,39,25,47,0
2026-05-24,2,20,56,56,41,71,1
2026-05-24,3,1,91,91,80,102,0
2026-05-24,3,2,63,94,58,99,1
2026-05-24,3,3,42,42,37,47,0
2026-05-24,3,4,86,104,67,123,1
2026-05-24,3,5,56,76,47,85,0
2026-05-24,3,6,54,54,45,63,0
2026-05-24,3,7,67,73,50,90,0
2026-05-24,3,8,63,71,57,77,0
2026-05-24,3,9,54,54,43,65,1
2026-05-24,3,10,68,73,56,85,0
2026-05-24,3,11,90,127,71,146,0
2026-05-24,3,12,50,50,44,56,1
2026-05-24,3,13,66,66,47,85,1
2026-05-24,3,14,75,108,63,120,2
2026-05-24,3,15,70,92,56,106,0
2026-05-24,3,16,65,65,52,78,1
2026-05-24,3,17,44,44,37,51,0
2026-05-24,3,18,67,67,60,74,0
2026-05-24,3,19,44,44,38,50,0
2026-05-24,3,20,64,71,50,85,0
2026-05-24,4,1,60,60,46,74,1
2026-05-24,4,2,76,76,57,95,1
2026-05-24,4,3,54,54,47,61,1
2026-05-24,4,4,65,84,58,91,0
2026-05-24,4,5,40,43,33,50,0
2026-05-24,4,6,63,68,51,80,0
2026-05-24,4,7,60,60,55,65,1
2026-05-24,4,8,55,55,40,70,1
2026-05-24,4,9,71,100,60,111,2
2026-05-24,4,10,63,86,53,96,0
2026-05-24,4,11,65,65,45,85,1
2026-05-24,4,12,69,69,61,77,1
2026-05-24,4,13,57,57,38,76,0
2026-05-24,4,14,75,101,69,107,0
2026-05-24,4,15,68,71,48,91,1
2026-05-24,4,16,78,82,58,102,1
2026-05-24,4,17,69,69,57,81,0
2026-05-24,4,18,83,83,72,94,2
2026-05-24,4,19,58,61,52,67,1
2026-05-24,4,20,62,64,56,70,1
2026-05-24,5,1,35,35,25,45,0
2026-05-24,5,2,51,75,35,91,0
2026-05-24,5,3,40,41,32,49,0
2026-05-24,5,4,47,67,32,82,0
2026-05-24,5,5,42,57,25,74,1
2026-05-24,5,6,46,59,29,76,0
2026-05-24,5,7,57,61,43,75,0
2026-05-24,5,8,30,30,13,47,0
2026-05-24,5,9,32,40,21,51,0
2026-05-24,5,10,35,35,20,50,0
2026-05-24,5,11,41,60,28,73,1
2026-05-24,5,12,44,44,27,61,0
2026-05-24,5,13,38,42,30,50,0
2026-05-24,5,14,55,55,35,75,1
2026-05-24,5,15,36,48,26,58,0
2026-05-24,5,16,46,68,38,76,1
2026-05-24,5,17,31,31,25,37,0
2026-05-24,5,18,37,37,30,44,0
2026-05-24,5,19,44,51,32,63,0
2026-05-24,5,20,40,40,29,51,0
2026-05-24,6,1,64,92,53,103,0
2026-05-24,6,2,65,97,45,117,2
2026-05-24,6,3,53,77,40,90,1
2026-05-24,6,4,49,49,43,55,1
2026-05-24,6,5,65,65,45,85,1
2026-05-24,6,6,70,78,60,88,0
2026-05-24,6,7,50,50,43,57,0
2026-05-24,6,8,63,85,43,105,1
2026-05-24,6,9,81,82,65,98,1
2026-05-24,6,10,43,43,37,49,0
2026-05-24,6,11,81,87,68,100,0
2026-05-24,6,12,75,82,55,102,1
2026-05-24,6,13,37,37,24,50,0
2026-05-24,6,14,76,89,61,104,0
2026-05-24,6,15,60,60,51,69,0
2026-05-24,6,16,81,98,65,114,2
2026-05-24,6,17,64,75,47,92,0
2026-05-24,6,18,55,55,48,62,0
2026-05-24,6,19,66,81,56,91,0
2026-05-24,6,20,63,83,45,101,0
2026-05-24,7,1,74,92,55,111,1
2026-05-24,7,2,71,98,54,115,1
2026-05-24,7,3,43,56,31,68,0
2026-05-24,7,4,75,104,66,113,0
2026-05-24,7,5,45,53,33,65,1
2026-05-24,7,6,66,78,52,92,1
2026-05-24,7,7,68,68,60,76,0
2026-05-24,7,8,74,100,58,116,1
2026-05-24,7,9,54,54,47,61,0
2026-05-24,7,10,70,70,56,84,0
2026-05-24,7,11,88,89,68,109,0
2026-05-24,7,12,59,68,45,82,0
2026-05-24,7,13,68,93,61,100,0
2026-05-24,7,14,62,83,57,88,0
2026-05-24,7,15,67,67,56,78,1
2026-05-24,7,16,63,84,48,99,1
2026-05-24,7,17,44,44,32,56,0
2026-05-24,7,18,72,80,61,91,0
2026-05-24,7,19,45,58,40,63,0
2026-05-24,7,20,52,68,43,77,1
2026-05-24,8,1,51,70,35,86,0
2026-05-24,8,2,41,55,36,60,1
2026-05-24,8,3,55,58,35,78,0
2026-05-24,8,4,65,84,46,103,0
2026-05-24,8,5,35,35,27,43,0
2026-05-24,8,6,40,40,34,46,0
2026-05-24,8,7,40,40,30,50,1
2026-05-24,8,8,52,52,36,68,0
2026-05-24,8,9,50,72,35,87,0
2026-05-24,8,10,31,31,15,47,0
2026-05-24,8,11,43,43,26,60,0
2026-05-24,8,12,43,43,33,53,0
2026-05-24,8,13,46,61,28,79,1
2026-05-24,8,14,45,45,38,52,0
2026-05-24,8,15,36,41,25,52,0
2026-05-24,8,16,41,53,33,61,1
2026-05-24,8,17,45,66,32,79,0
2026-05-24,8,18,40,40,26,54,0
2026-05-24,8,19,47,58,35,70,1
2026-05-24,8,20,30,40,23,47,0
2026-05-24,9,1,75,75,59,91,0
2026-05-24,9,2,61,76,50,87,1
2026-05-24,9,3,53,53,44,62,0
2026-05-24,9,4,68,68,54,82,0
2026-05-24,9,5,67,72,52,87,0
2026-05-24,9,6,57,79,52,84,1
2026-05-24,9,7,73,73,53,93,1
2026-05-24,9,8,60,68,51,77,1
2026-05-24,9,9,70,93,56,107,0
2026-05-24,9,10,66,66,49,83,1
2026-05-24,9,11,57,57,49,65,0
2026-05-24,9,12,59,78,47,90,1
2026-05-24,9,13,65,92,59,98,0
2026-05-24,9,14,56,75,44,87,2
2026-05-24,9,15,53,53,44,62,0
2026-05-24,9,16,63,73,57,79,1
2026-05-24,9,17,62,92,55,99,0
2026-05-24,9,18,59,59,52,66,1
2026-05-24,9,19,58,81,52,87,0
2026-05-24,9,20,58,72,48,82,2
2026-05-24,10,1,74,74,68,80,1
2026-05-24,10,2,97,97,81,113,1
2026-05-24,10,3,69,72,63,78,1
2026-05-24,10,4,87,108,79,116,1
2026-05-24,10,5,90,109,79,120,2
2026-05-24,10,6,114,134,102,146,2
2026-05-24,10,7,78,78,71,85,0
2026-05-24,10,8,101,136,88,149,2
2026-05-24,10,9,83,99,73,109,2
2026-05-24,10,10,90,90,71,109,1
2026-05-24,10,11,80,87,69,98,1
2026-05-24,10,12,85,94,79,100,0
2026-05-24,10,13,76,100,69,107,1
2026-05-24,10,14,91,91,86,96,1
2026-05-24,10,15,71,103,60,114,1
2026-05-24,10,16,89,90,72,107,0
2026-05-24,10,17,81,81,72,90,1
2026-05-24,10,18,71,71,66,76,0
2026-05-24,10,19,85,108,76,117,2
2026-05-24,10,20,69,89,58,100,1
2026-05-24,11,1,67,71,58,80,0
2026-05-24,11,2,48,56,35,69,0
2026-05-24,11,3,63,63,48,78,0
2026-05-24,11,4,67,85,57,95,0
2026-05-24,11,5,43,45,32,56,0
2026-05-24,11,6,49,67,42,74,0
2026-05-24,11,7,77,107,57,127,1
2026-05-24,11,8,47,47,42,52,0
2026-05-24,11,9,53,78,47,84,2
2026-05-24,11,10,47,47,42,52,1
2026-05-24,11,11,85,109,73,121,1
2026-05-24,11,12,69,102,62,109,0
2026-05-24,11,13,61,85,45,101,0
2026-05-24,11,14,56,82,50,88,1
2026-05-24,11,15,59,74,52,81,1
2026-05-24,11,16,77,77,63,91,0
2026-05-24,11,17,44,56,37,63,0
2026-05-24,11,18,56,56,45,67,1
2026-05-24,11,19,43,43,36,50,0
2026-05-24,11,20,47,47,35,59,0
2026-05-24,12,1,52,67,46,73,0
2026-05-24,12,2,58,64,53,69,1
2026-05-24,12,3,34,39,25,48,0
2026-05-24,12,4,51,67,45,73,1
2026-05-24,12,5,47,70,32,85,0
2026-05-24,12,6,61,88,50,99,1
2026-05-24,12,7,59,59,44,74,1
2026-05-24,12,8,60,68,55,73,1
2026-05-24,12,9,71,71,51,91,1
2026-05-24,12,10,61,61,42,80,1
2026-05-24,12,11,65,76,50,91,1
2026-05-24,12,12,41,41,32,50,0
2026-05-24,12,13,64,95,44,115,0
2026-05-24,12,14,66,66,47,85,1
2026-05-24,12,15,57,57,44,70,0
2026-05-24,12,16,44,62,39,67,1
2026-05-24,12,17,37,40,27,50,0
2026-05-24,12,18,59,59,42,76,1
2026-05-24,12,19,50,63,32,81,0
2026-05-24,12,20,58,58,43,73,1
2026-05-24,13,1,90,126,84,132,2
2026-05-24,13,2,78,78,64,92,1
2026-05-24,13,3,60,73,51,82,1
2026-05-24,13,4,91,91,79,103,1
2026-05-24,13,5,92,96,76,112,1
2026-05-24,13,6,69,77,50,96,0
2026-05-24,13,7,50,59,40,69,0
2026-05-24,13,8,74,74,55,93,2
2026-05-24,13,9,84,119,69,134,1
2026-05-24,13,10,44,57,30,71,1
2026-05-24,13,11,75,75,64,86,0
2026-05-24,13,12,85,112,67,130,0
2026-05-24,13,13,66,94,60,100,0
2026-05-24,13,14,88,108,71,125,2
2026-05-24,13,15,55,80,45,90,1
2026-05-24,13,16,63,66,44,85,0
2026-05-24,13,17,87,130,67,150,3
2026-05-24,13,18,87,87,68,106,0
2026-05-24,13,19,73,108,61,120,0
2026-05-24,13,20,60,60,43,77,1
2026-05-24,14,1,61,86,47,100,1
2026-05-24,14,2,67,67,54,80,0
2026-05-24,14,3,58,58,40,76,0
2026-05-24,14,4,62,77,44,95,2
2026-05-24,14,5,58,58,39,77,1
2026-05-24,14,6,60,73,49,84,0
2026-05-24,14,7,66,66,61,71,0
2026-05-24,14,8,69,74,55,88,1
2026-05-24,14,9,81,100,70,111,2
2026-05-24,14,10,64,89,44,109,2
2026-05-24,14,11,77,77,67,87,2
2026-05-24,14,12,63,74,49,88,0
2026-05-24,14,13,65,65,53,77,1
2026-05-24,14,14,72,72,57,87,0
2026-05-24,14,15,51,58,44,65,0
2026-05-24,14,16,77,93,58,112,2
2026-05-24,14,17,46,46,41,51,1
2026-05-24,14,18,60,88,44,104,0
2026-05-24,14,19,71,94,51,114,1
2026-05-24,14,20,63,86,48,101,0
2026-05-24,15,1,63,78,49,92,1
2026-05-24,15,2,42,42,34,50,0
2026-05-24,15,3,40,40,26,54,0
2026-05-24,15,4,63,83,51,95,1
2026-05-24,15,5,40,40,31,49,1
2026-05-24,15,6,77,85,59,103,1
2026-05-24,15,7,59,59,39,79,1
2026-05-24,15,8,47,47,32,62,0
2026-05-24,15,9,69,103,55,117,2
2026-05-24,15,10,55,81,45,91,1
2026-05-24,15,11,65,69,50,84,0
2026-05-24,15,12,77,77,64,90,1
2026-05-24,15,13,71,88,53,106,1
2026-05-24,15,14,63,93,48,108,0
2026-05-24,15,15,66,66,52,80,0
2026-05-24,15,16,76,107,58,125,1
2026-05-24,15,17,50,51,34,67,0
2026-05-24,15,18,69,69,55,83,1
2026-05-24,15,19,35,38,25,48,0
2026-05-24,15,20,61,70,43,88,1
2026-05-24,16,1,45,50,40,55,0
2026-05-24,16,2,60,88,45,103,0
2026-05-24,16,3,49,59,34,74,1
2026-05-24,16,4,51,51,36,66,1
2026-05-24,16,5,55,57,44,68,1
2026-05-24,16,6,44,44,37,51,0
2026-05-24,16,7,49,49,42,56,0
2026-05-24,16,8,40,59,34,65,0
2026-05-24,16,9,65,65,53,77,0
2026-05-24,16,10,47,63,31,79,0
2026-05-24,16,11,70,78,62,86,1
2026-05-24,16,12,53,77,40,90,0
2026-05-24,16,13,57,57,41,73,0
2026-05-24,16,14,59,62,45,76,0
2026-05-24,16,15,69,69,57,81,1
2026-05-24,16,16,52,75,37,90,1
2026-05-24,16,17,62,79,55,86,2
2026-05-24,16,18,45,45,33,57,0
2026-05-24,16,19,67,67,50,84,0
2026-05-24,16,20,54,54,37,71,0
2026-05-24,17,1,41,41,29,53,1
2026-05-24,17,2,57,58,49,66,1
2026-05-24,17,3,58,58,43,73,1
2026-05-24,17,4,59,77,45,91,1
2026-05-24,17,5,41,42,23,60,0
2026-05-24,17,6,53,57,36,74,0
2026-05-24,17,7,39,42,26,55,0
2026-05-24,17,8,45,45,40,50,0
2026-05-24,17,9,51,61,33,79,0
2026-05-24,17,10,25,26,11,40,0
2026-05-24,17,11,42,59,36,65,0
2026-05-24,17,12,56,71,38,89,0
2026-05-24,17,13,32,47,26,53,0
2026-05-24,17,14,43,63,36,70,0
2026-05-24,17,15,42,42,35,49,0
2026-05-24,17,16,49,64,36,77,0
2026-05-24,17,17,50,69,30,89,0
2026-05-24,17,18,40,48,33,55,1
2026-05-24,17,19,37,37,32,42,0
2026-05-24,17,20,36,51,25,62,1
2026-05-24,18,1,74,74,62,86,1
2026-05-24,18,2,106,139,100,145,0
2026-05-24,18,3,86,128,78,136,3
2026-05-24,18,4,80,80,72,88,0
2026-05-24,18,5,100,100,83,117,0
2026-05-24,18,6,83,89,64,108,1
2026-05-24,18,7,59,66,50,75,1
2026-05-24,18,8,93,93,76,110,2
2026-05-24,18,9,120,120,102,138,1
2026-05-24,18,10,98,125,79,144,1
2026-05-24,18,11,87,105,71,121,1
2026-05-24,18,12,85,122,76,131,1
2026-05-24,18,13,81,81,62,100,2
2026-05-24,18,14,85,85,74,96,2
2026-05-24,18,15,85,85,72,98,2
2026-05-24,18,16,70,70,61,79,1
2026-05-24,18,17,91,91,73,109,1
2026-05-24,18,18,85,85,69,101,0
2026-05-24,18,19,79,79,74,84,1
2026-05-24,18,20,81,81,65,97,1
2026-05-24,19,1,70,70,52,88,1
2026-05-24,19,2,53,65,46,72,1
2026-05-24,19,3,64,65,51,78,1
2026-05-24,19,4,71,71,58,84,1
2026-05-24,19,5,47,47,42,52,1
2026-05-24,19,6,78,104,61,121,2
2026-05-24,19,7,71,71,53,89,1
2026-05-24,19,8,77,77,58,96,0
2026-05-24,19,9,64,91,46,109,0
2026-05-24,19,10,63,93,47,109,1
2026-05-24,19,11,65,65,52,78,0
2026-05-24,19,12,63,63,45,81,0
2026-05-24,19,13,65,65,49,81,1
2026-05-24,19,14,71,71,54,88,1
2026-05-24,19,15,65,65,55,75,0
2026-05-24,19,16,76,98,70,104,0
2026-05-24,19,17,71,86,61,96,2
2026-05-24,19,18,57,78,47,88,0
2026-05-24,19,19,61,61,44,78,0
2026-05-24,19,20,63,63,51,75,0
2026-05-24,20,1,41,53,34,60,1
2026-05-24,20,2,59,74,48,85,0
2026-05-24,20,3,41,41,32,50,0
2026-05-24,20,4,67,67,49,85,1
2026-05-24,20,5,36,36,25,47,0
2026-05-24,20,6,79,81,68,92,1
2026-05-24,20,7,62,71,57,76,1
2026-05-24,20,8,61,61,45,77,1
2026-05-24,20,9,58,61,43,76,0
2026-05-24,20,10,36,46,25,57,1
2026-05-24,20,11,61,61,47,75,1
2026-05-24,20,12,53,53,43,63,1
2026-05-24,20,13,78,78,58,98,2
2026-05-24,20,14,62,90,43,109,2
2026-05-24,20,15,57,57,38,76,0
2026-05-24,20,16,48,48,41,55,1
2026-05-24,20,17,50,59,40,69,1
2026-05-24,20,18,44,49,36,57,0
2026-05-24,20,19,43,58,30,71,1
2026-05-24,20,20,55,55,36,74,1
2026-05-24,21,1,43,43,30,56,0
2026-05-24,21,2,54,54,36,72,0
2026-05-24,21,3,54,54,44,64,0
2026-05-24,21,4,61,61,42,80,0
2026-05-24,21,5,50,50,33,67,0
2026-05-24,21,6,42,43,36,49,0
2026-05-24,21,7,71,78,52,97,0
2026-05-24,21,8,69,69,49,89,0
2026-05-24,21,9,57,64,37,84,0
2026-05-24,21,10,34,34,28,40,0
2026-05-24,21,11,53,53,34,72,1
2026-05-24,21,12,59,59,39,79,0
2026-05-24,21,13,45,45,30,60,1
2026-05-24,21,14,51,53,44,60,1
2026-05-24,21,15,43,61,33,71,0
2026-05-24,21,16,46,49,34,61,0
2026-05-24,21,17,33,40,15,58,0
2026-05-24,21,18,62,62,45,79,1
2026-05-24,21,19,50,50,34,66,1
2026-05-24,21,20,41,52,26,67,0
2026-05-24,22,1,66,72,52,86,0
2026-05-24,22,2,59,59,51,67,1
2026-05-24,22,3,63,63,53,73,0
2026-05-24,22,4,61,61,53,69,1
2026-05-24,22,5,70,72,58,84,1
2026-05-24,22,6,59,66,50,75,1
2026-05-24,22,7,69,102,60,111,1
2026-05-24,22,8,48,48,42,54,1
2026-05-24,22,9,64,82,46,100,0
2026-05-24,22,10,50,50,43,57,1
2026-05-24,22,11,42,46,37,51,1
2026-05-24,22,12,65,65,56,74,1
2026-05-24,22,13,77,77,69,85,0
2026-05-24,22,14,65,85,47,103,1
2026-05-24,22,15,51,70,46,75,0
2026-05-24,22,16,71,72,57,86,0
2026-05-24,22,17,63,87,48,102,0
2026-05-24,22,18,61,84,47,98,0
2026-05-24,22,19,57,71,43,85,0
2026-05-24,22,20,86,126,66,146,3
2026-05-24,23,1,51,51,44,58,0
2026-05-24,23,2,61,61,54,68,1
2026-05-24,23,3,55,55,46,64,1
2026-05-24,23,4,81,98,63,116,0
2026-05-24,23,5,52,66,41,77,0
2026-05-24,23,6,77,77,60,94,2
2026-05-24,23,7,60,60,46,74,1
2026-05-24,23,8,54,54,46,62,0
2026-05-24,23,9,69,88,57,100,1
2026-05-24,23,10,72,72,52,92,0
2026-05-24,23,11,67,67,52,82,0
2026-05-24,23,12,66,66,50,82,1
2026-05-24,23,13,83,83,76,90,1
2026-05-24,23,14,84,104,66,122,2
2026-05-24,23,15,65,65,56,74,1
2026-05-24,23,16,78,108,62,124,0
2026-05-24,23,17,59,59,41,77,1
2026-05-24,23,18,64,82,47,99,0
2026-05-24,23,19,45,45,40,50,0
2026-05-24,23,20,68,68,49,87,1
2026-05-24,24,1,58,68,45,81,0
2026-05-24,24,2,65,80,55,90,1
2026-05-24,24,3,59,59,43,75,1
2026-05-24,24,4,64,93,49,108,1
2026-05-24,24,5,73,73,55,91,1
2026-05-24,24,6,61,73,54,80,1
2026-05-24,24,7,68,68,51,85,0
2026-05-24,24,8,58,58,50,66,1
2026-05-24,24,9,59,59,54,64,0
2026-05-24,24,10,65,65,52,78,1
2026-05-24,24,11,66,85,52,99,1
2026-05-24,24,12,78,108,58,128,0
2026-05-24,24,13,63,63,52,74,1
2026-05-24,24,14,72,86,59,99,0
2026-05-24,24,15,75,75,63,87,2
2026-05-24,24,16,63,63,43,83,0
2026-05-24,24,17,54,54,35,73,0
2026-05-24,24,18,70,101,60,111,0
2026-05-24,24,19,66,94,47,113,2
2026-05-24,24,20,62,62,45,79,0
2026-05-24,25,1,68,81,52,97,1
2026-05-24,25,2,86,104,75,115,1
2026-05-24,25,3,68,68,59,77,0
2026-05-24,25,4,67,90,53,104,2
2026-05-24,25,5,62,68,49,81,1
2026-05-24,25,6,80,105,71,114,1
2026-05-24,25,7,91,112,71,132,2
2026-05-24,25,8,74,74,55,93,0
2026-05-24,25,9,68,76,60,84,0
2026-05-24,25,10,54,74,43,85,0
2026-05-24,25,11,86,110,69,127,0
2026-05-24,25,12,95,95,88,102,0
2026-05-24,25,13,69,87,61,95,1
2026-05-24,25,14,72,72,67,77,1
2026-05-24,25,15,65,92,47,110,1
2026-05-24,25,16,74,109,63,120,3
2026-05-24,25,17,66,85,54,97,2
2026-05-24,25,18,83,103,63,123,1
2026-05-24,25,19,59,69,52,76,0
2026-05-24,25,20,55,81,50,86,1
2026-05-24,26,1,86,115,66,135,2
2026-05-24,26,2,68,97,55,110,2
2026-05-24,26,3,72,106,57,121,0
2026-05-24,26,4,67,67,52,82,1
2026-05-24,26,5,51,74,42,83,0
2026-05-24,26,6,49,58,44,63,0
2026-05-24,26,7,73,100,55,118,2
2026-05-24,26,8,47,65,42,70,1
2026-05-24,26,9,60,86,53,93,0
2026-05-24,26,10,64,91,57,98,0
2026-05-24,26,11,59,59,47,71,1
2026-05-24,26,12,58,81,53,86,1
2026-05-24,26,13,57,57,40,74,1
2026-05-24,26,14,66,66,56,76,0
2026-05-24,26,15,65,87,47,105,1
2026-05-24,26,16,56,56,50,62,1
2026-05-24,26,17,80,80,62,98,0
2026-05-24,26,18,61,86,41,106,0
2026-05-24,26,19,58,76,38,96,0
2026-05-24,26,20,43,57,34,66,0
2026-05-24,27,1,73,73,57,89,1
2026-05-24,27,2,91,91,71,111,0
2026-05-24,27,3,81,81,61,101,0
2026-05-24,27,4,74,85,58,101,2
2026-05-24,27,5,55,63,49,69,1
2026-05-24,27,6,75,75,65,85,1
2026-05-24,27,7,74,99,57,116,1
2026-05-24,27,8,59,80,50,89,1
2026-05-24,27,9,83,83,69,97,1
2026-05-24,27,10,71,75,52,94,0
2026-05-24,27,11,85,88,72,101,1
2026-05-24,27,12,65,65,58,72,0
2026-05-24,27,13,91,91,77,105,1
2026-05-24,27,14,76,76,68,84,0
2026-05-24,27,15,82,82,65,99,1
2026-05-24,27,16,93,135,75,153,2
2026-05-24,27,17,61,61,56,66,0
2026-05-24,27,18,47,66,34,79,1
2026-05-24,27,19,53,75,40,88,0
2026-05-24,27,20,63,63,51,75,0
2026-05-24,28,1,69,93,53,109,0
2026-05-24,28,2,63,63,57,69,0
2026-05-24,28,3,70,70,61,79,1
2026-05-24,28,4,62,65,46,81,0
2026-05-24,28,5,65,78,51,92,1
2026-05-24,28,6,66,66,51,81,0
2026-05-24,28,7,73,101,54,120,2
2026-05-24,28,8,81,87,62,106,2
2026-05-24,28,9,62,68,47,83,0
2026-05-24,28,10,72,73,55,90,0
2026-05-24,28,11,70,74,57,87,0
2026-05-24,28,12,57,57,46,68,0
2026-05-24,28,13,69,71,56,84,1
2026-05-24,28,14,69,92,59,102,2
2026-05-24,28,15,69,96,51,114,0
2026-05-24,28,16,68,70,56,82,1
2026-05-24,28,17,47,47,37,57,1
2026-05-24,28,18,69,94,51,112,2
2026-05-24,28,19,58,65,43,80,0
2026-05-24,28,20,65,65,48,82,1
2026-05-24,29,1,64,64,46,82,0
2026-05-24,29,2,52,76,34,94,1
2026-05-24,29,3,77,86,66,97,0
2026-05-24,29,4,50,54,45,59,1
2026-05-24,29,5,36,36,30,42,0
2026-05-24,29,6,60,61,40,81,0
2026-05-24,29,7,63,63,44,82,0
2026-05-24,29,8,48,48,40,56,0
2026-05-24,29,9,46,49,40,55,1
2026-05-24,29,10,63,63,47,79,1
2026-05-24,29,11,73,93,65,101,1
2026-05-24,29,12,37,37,26,48,1
2026-05-24,29,13,53,58,34,77,1
2026-05-24,29,14,53,53,46,60,0
2026-05-24,29,15,68,99,51,116,1
2026-05-24,29,16,50,50,33,67,1
2026-05-24,29,17,54,54,48,60,0
2026-05-24,29,18,59,62,41,80,1
2026-05-24,29,19,39,39,32,46,0
2026-05-24,29,20,51,64,37,78,0
2026-05-24,30,1,89,89,74,104,0
2026-05-24,30,2,117,142,99,160,3
2026-05-24,30,3,76,105,56,125,1
2026-05-24,30,4,81,81,71,91,1
2026-05-24,30,5,70,70,62,78,0
2026-05-24,30,6,75,92,70,97,2
2026-05-24,30,7,86,103,66,123,1
2026-05-24,30,8,68,71,60,79,1
2026-05-24,30,9,94,101,85,110,2
2026-05-24,30,10,73,73,65,81,0
2026-05-24,30,11,104,113,92,125,3
2026-05-24,30,12,111,120,94,137,1
2026-05-24,30,13,70,91,64,97,2
2026-05-24,30,14,74,108,67,115,1
2026-05-24,30,15,62,76,56,82,1
2026-05-24,30,16,60,60,54,66,1
2026-05-24,30,17,80,80,61,99,2
2026-05-24,30,18,60,60,52,68,0
2026-05-24,30,19,82,82,71,93,1
2026-05-24,30,20,68,68,52,84,1
2026-05-24,31,1,72,85,65,92,0
2026-05-24,31,2,77,93,57,113,1
2026-05-24,31,3,67,67,48,86,0
2026-05-24,31,4,80,105,61,124,2
2026-05-24,31,5,70,75,50,95,1
2026-05-24,31,6,60,62,53,69,1
2026-05-24,31,7,63,89,55,97,2
2026-05-24,31,8,87,102,78,111,0
2026-05-24,31,9,79,79,59,99,1
2026-05-24,31,10,81,94,61,114,1
2026-05-24,31,11,56,56,51,61,0
2026-05-24,31,12,83,94,75,102,0
2026-05-24,31,13,59,84,52,91,1
2026-05-24,31,14,87,109,76,120,1
2026-05-24,31,15,88,115,69,134,2
2026-05-24,31,16,92,134,84,142,3
2026-05-24,31,17,81,81,65,97,0
2026-05-24,31,18,72,78,54,96,1
2026-05-24,31,19,54,54,42,66,1
2026-05-24,31,20,77,77,67,87,0
2026-05-24,32,1,55,80,35,100,1
2026-05-24,32,2,45,45,29,61,0
2026-05-24,32,3,46,51,31,66,0
2026-05-24,32,4,50,59,40,69,0
2026-05-24,32,5,42,62,30,74,0
2026-05-24,32,6,45,65,37,73,0
2026-05-24,32,7,54,54,35,73,0
2026-05-24,32,8,44,44,30,58,0
2026-05-24,32,9,47,63,36,74,1
2026-05-24,32,10,45,52,27,70,0
2026-05-24,32,11,48,48,31,65,1
2026-05-24,32,12,43,43,31,55,0
2026-05-24,32,13,37,52,31,58,1
2026-05-24,32,14,52,52,36,68,1
2026-05-24,32,15,39,39,31,47,0
2026-05-24,32,16,49,49,31,67,0
2026-05-24,32,17,34,45,22,57,0
2026-05-24,32,18,52,67,36,83,0
2026-05-24,32,19,45,45,31,59,1
2026-05-24,32,20,38,49,28,59,1
2026-05-24,33,1,47,47,38,56,0
2026-05-24,33,2,55,71,39,87,0
2026-05-24,33,3,53,78,47,84,1
2026-05-24,33,4,69,97,51,115,2
2026-05-24,33,5,58,58,40,76,1
2026-05-24,33,6,44,54,31,67,1
2026-05-24,33,7,37,40,31,46,0
2026-05-24,33,8,57,57,49,65,1
2026-05-24,33,9,55,57,47,65,0
2026-05-24,33,10,67,72,47,92,1
2026-05-24,33,11,71,71,53,89,0
2026-05-24,33,12,52,69,47,74,0
2026-05-24,33,13,51,61,43,69,0
2026-05-24,33,14,50,50,41,59,1
2026-05-24,33,15,54,70,46,78,1
2026-05-24,33,16,44,53,32,65,0
2026-05-24,33,17,38,41,31,48,0
2026-05-24,33,18,48,68,37,79,0
2026-05-24,33,19,37,37,22,52,0
2026-05-24,33,20,33,33,15,51,0
2026-05-24,34,1,67,69,47,89,1
2026-05-24,34,2,82,82,71,93,2
2026-05-24,34,3,76,93,68,101,2
2026-05-24,34,4,71,74,62,83,1
2026-05-24,34,5,52,52,47,57,0
2026-05-24,34,6,95,112,80,127,2
2026-05-24,34,7,88,95,77,106,2
2026-05-24,34,8,81,81,65,97,1
2026-05-24,34,9,68,95,59,104,1
2026-05-24,34,10,81,95,64,112,1
2026-05-24,34,11,85,119,76,128,3
2026-05-24,34,12,97,132,80,149,2
2026-05-24,34,13,59,77,53,83,2
2026-05-24,34,14,86,86,70,102,0
2026-05-24,34,15,74,74,58,90,1
2026-05-24,34,16,81,112,69,124,0
2026-05-24,34,17,61,61,53,69,0
2026-05-24,34,18,76,109,57,128,2
2026-05-24,34,19,79,98,68,109,1
2026-05-24,34,20,80,80,66,94,1
2026-05-24,35,1,73,74,60,87,1
2026-05-24,35,2,52,71,38,85,0
2026-05-24,35,3,68,75,55,88,0
2026-05-24,35,4,85,126,66,145,1
2026-05-24,35,5,56,72,46,82,1
2026-05-24,35,6,68,68,56,80,0
2026-05-24,35,7,61,61,43,79,0
2026-05-24,35,8,55,55,45,65,0
2026-05-24,35,9,67,82,47,102,0
2026-05-24,35,10,53,53,46,60,1
2026-05-24,35,11,73,73,63,83,0
2026-05-24,35,12,50,50,40,60,0
2026-05-24,35,13,47,59,40,66,0
2026-05-24,35,14,62,85,46,101,1
2026-05-24,35,15,70,70,50,90,1
2026-05-24,35,16,59,85,50,94,0
2026-05-24,35,17,74,88,58,104,0
2026-05-24,35,18,55,79,45,89,0
2026-05-24,35,19,57,66,52,71,1
2026-05-24,35,20,67,77,61,83,0
2026-05-24,36,1,48,68,34,82,1
2026-05-24,36,2,52,52,38,66,0
2026-05-24,36,3,30,40,23,47,0
2026-05-24,36,4,54,61,48,67,0
2026-05-24,36,5,30,41,23,48,0
2026-05-24,36,6,52,72,39,85,0
2026-05-24,36,7,51,51,42,60,1
2026-05-24,36,8,47,69,30,86,0
2026-05-24,36,9,66,98,55,109,1
2026-05-24,36,10,36,39,30,45,0
2026-05-24,36,11,65,65,51,79,1
2026-05-24,36,12,46,60,39,67,1
2026-05-24,36,13,43,50,33,60,0
2026-05-24,36,14,54,67,46,75,1
2026-05-24,36,15,60,61,42,79,1
2026-05-24,36,16,45,50,35,60,0
2026-05-24,36,17,31,31,21,41,0
2026-05-24,36,18,45,45,36,54,1
2026-05-24,36,19,41,41,35,47,0
2026-05-24,36,20,48,48,42,54,0
2026-05-24,37,1,40,53,35,58,1
2026-05-24,37,2,62,62,50,74,0
2026-05-24,37,3,55,63,41,77,1
2026-05-24,37,4,69,69,58,80,0
2026-05-24,37,5,61,61,48,74,0
2026-05-24,37,6,46,60,36,70,0
2026-05-24,37,7,56,71,49,78,1
2026-05-24,37,8,73,85,63,95,1
2026-05-24,37,9,68,80,59,89,0
2026-05-24,37,10,72,103,53,122,1
2026-05-24,37,11,55,55,49,61,0
2026-05-24,37,12,71,88,58,101,1
2026-05-24,37,13,53,53,39,67,1
2026-05-24,37,14,66,97,55,108,1
2026-05-24,37,15,53,64,36,81,0
2026-05-24,37,16,63,63,49,77,0
2026-05-24,37,17,64,64,51,77,1
2026-05-24,37,18,97,132,79,150,1
2026-05-24,37,19,52,52,46,58,0
2026-05-24,37,20,63,69,43,89,1
2026-05-24,38,1,60,79,46,93,0
2026-05-24,38,2,67,93,54,106,1
2026-05-24,38,3,32,40,22,50,0
2026-05-24,38,4,56,77,38,95,2
2026-05-24,38,5,57,57,38,76,0
2026-05-24,38,6,74,74,56,92,1
2026-05-24,38,7,39,55,34,60,0
2026-05-24,38,8,64,64,48,80,1
2026-05-24,38,9,60,60,54,66,1
2026-05-24,38,10,43,43,31,55,0
2026-05-24,38,11,54,56,46,64,0
2026-05-24,38,12,68,68,56,80,1
2026-05-24,38,13,69,80,58,91,0
2026-05-24,38,14,56,70,44,82,2
2026-05-24,38,15,48,57,38,67,1
2026-05-24,38,16,57,57,38,76,1
2026-05-24,38,17,40,40,31,49,0
2026-05-24,38,18,59,79,51,87,0
2026-05-24,38,19,50,50,33,67,0
2026-05-24,38,20,64,77,48,93,2
2026-05-24,39,1,49,72,43,78,0
2026-05-24,39,2,60,76,51,85,0
2026-05-24,39,3,58,85,43,100,0
2026-05-24,39,4,51,51,42,60,0
2026-05-24,39,5,70,70,51,89,0
2026-05-24,39,6,45,45,37,53,0
2026-05-24,39,7,63,88,54,97,0
2026-05-24,39,8,63,78,54,87,1
2026-05-24,39,9,42,45,37,50,0
2026-05-24,39,10,60,89,42,107,0
2026-05-24,39,11,71,79,57,93,1
2026-05-24,39,12,68,68,51,85,0
2026-05-24,39,13,61,61,47,75,1
2026-05-24,39,14,74,108,58,124,2
2026-05-24,39,15,63,63,46,80,1
2026-05-24,39,16,78,83,61,100,0
2026-05-24,39,17,65,65,48,82,1
2026-05-24,39,18,61,86,55,92,2
2026-05-24,39,19,64,64,48,80,1
2026-05-24,39,20,46,56,33,69,0
2026-05-24,40,1,60,60,52,68,1
2026-05-24,40,2,77,106,57,126,1
2026-05-24,40,3,70,83,52,101,2
2026-05-24,40,4,45,45,25,65,1
2026-05-24,40,5,62,86,52,96,1
2026-05-24,40,6,54,71,44,81,1
2026-05-24,40,7,73,81,61,93,1
2026-05-24,40,8,62,80,46,96,1
2026-05-24,40,9,62,90,56,96,2
2026-05-24,40,10,61,61,50,72,1
2026-05-24,40,11,61,61,46,76,0
2026-05-24,40,12,77,84,61,100,0
2026-05-24,40,13,53,53,38,68,0
2026-05-24,40,14,69,69,59,79,0
2026-05-24,40,15,81,81,67,95,2
2026-05-24,40,16,53,53,48,58,0
2026-05-24,40,17,68,68,55,81,1
2026-05-24,40,18,57,57,40,74,1
2026-05-24,40,19,61,74,56,79,2
2026-05-24,40,20,65,72,53,84,0
2026-05-24,41,1,42,42,33,51,0
2026-05-24,41,2,52,68,35,85,1
2026-05-24,41,3,32,32,26,38,0
2026-05-24,41,4,61,61,45,77,0
2026-05-24,41,5,44,56,26,74,1
2026-05-24,41,6,41,54,32,63,1
2026-05-24,41,7,53,74,40,87,1
2026-05-24,41,8,55,55,37,73,0
2026-05-24,41,9,38,38,31,45,0
2026-05-24,41,10,56,56,41,71,1
2026-05-24,41,11,45,60,37,68,0
2026-05-24,41,12,54,68,40,82,0
2026-05-24,41,13,48,62,38,72,1
2026-05-24,41,14,56,82,43,95,0
2026-05-24,41,15,42,42,34,50,0
2026-05-24,41,16,48,57,39,66,0
2026-05-24,41,17,40,43,28,55,0
2026-05-24,41,18,42,58,35,65,0
2026-05-24,41,19,35,42,26,51,0
2026-05-24,41,20,49,50,29,70,0
2026-05-24,42,1,55,55,37,73,1
2026-05-24,42,2,63,94,53,104,1
2026-05-24,42,3,47,66,42,71,1
2026-05-24,42,4,56,70,50,76,1
2026-05-24,42,5,81,90,66,105,0
2026-05-24,42,6,61,76,47,90,0
2026-05-24,42,7,41,48,33,56,0
2026-05-24,42,8,60,60,44,76,0
2026-05-24,42,9,52,66,45,73,1
2026-05-24,42,10,63,83,45,101,2
2026-05-24,42,11,50,56,38,68,0
2026-05-24,42,12,71,87,52,106,1
2026-05-24,42,13,49,49,35,63,1
2026-05-24,42,14,71,71,63,79,1
2026-05-24,42,15,43,47,37,53,0
2026-05-24,42,16,66,98,54,110,2
2026-05-24,42,17,58,64,43,79,1
2026-05-24,42,18,48,48,37,59,1
2026-05-24,42,19,55,70,38,87,0
2026-05-24,42,20,58,58,39,77,0
2026-05-24,43,1,61,69,56,74,0
2026-05-24,43,2,61,61,52,70,0
2026-05-24,43,3,60,60,55,65,0
2026-05-24,43,4,66,89,55,100,2
2026-05-24,43,5,73,73,61,85,1
2026-05-24,43,6,97,103,78,122,0
2026-05-24,43,7,70,101,61,110,2
2026-05-24,43,8,86,86,66,106,0
2026-05-24,43,9,52,52,36,68,0
2026-05-24,43,10,74,74,55,93,2
2026-05-24,43,11,83,83,77,89,0
2026-05-24,43,12,80,112,70,122,2
2026-05-24,43,13,93,138,74,157,0
2026-05-24,43,14,70,104,64,110,2
2026-05-24,43,15,99,123,89,133,2
2026-05-24,43,16,84,102,73,113,0
2026-05-24,43,17,67,67,55,79,0
2026-05-24,43,18,89,89,80,98,0
2026-05-24,43,19,70,104,50,124,1
2026-05-24,43,20,69,72,55,86,2
2026-05-24,44,1,58,68,42,84,1
2026-05-24,44,2,51,51,37,65,0
2026-05-24,44,3,48,48,40,56,0
2026-05-24,44,4,64,64,54,74,1
2026-05-24,44,5,47,56,37,66,0
2026-05-24,44,6,52,52,35,69,0
2026-05-24,44,7,60,85,43,102,1
2026-05-24,44,8,59,59,41,77,1
2026-05-24,44,9,51,51,37,65,0
2026-05-24,44,10,41,41,31,51,0
2026-05-24,44,11,50,50,37,63,0
2026-05-24,44,12,55,78,43,90,1
2026-05-24,44,13,54,79,42,91,0
2026-05-24,44,14,59,59,50,68,0
2026-05-24,44,15,55,55,45,65,0
2026-05-24,44,16,52,59,35,76,0
2026-05-24,44,17,50,52,45,57,0
2026-05-24,44,18,48,64,38,74,1
2026-05-24,44,19,51,51,38,64,0
2026-05-24,44,20,66,82,46,102,0
2026-05-24,45,1,63,63,55,71,1
2026-05-24,45,2,77,110,63,124,0
2026-05-24,45,3,70,95,54,111,0
2026-05-24,45,4,61,79,50,90,1
2026-05-24,45,5,63,93,48,108,1
2026-05-24,45,6,67,79,54,92,1
2026-05-24,45,7,58,64,49,73,0
2026-05-24,45,8,67,85,47,105,1
2026-05-24,45,9,77,77,62,92,0
2026-05-24,45,10,50,64,38,76,1
2026-05-24,45,11,56,73,49,80,1
2026-05-24,45,12,61,61,55,67,1
2026-05-24,45,13,67,94,47,114,0
2026-05-24,45,14,62,89,54,97,2
2026-05-24,45,15,51,56,42,65,0
2026-05-24,45,16,63,76,54,85,1
2026-05-24,45,17,84,84,64,104,1
2026-05-24,45,18,66,87,46,107,1
2026-05-24,45,19,56,78,49,85,1
2026-05-24,45,20,57,57,52,62,0
2026-05-24,46,1,50,73,45,78,0
2026-05-24,46,2,80,80,63,97,2
2026-05-24,46,3,86,86,69,103,1
2026-05-24,46,4,71,74,66,79,1
2026-05-24,46,5,82,92,63,111,0
2026-05-24,46,6,83,83,64,102,1
2026-05-24,46,7,73,76,54,95,0
2026-05-24,46,8,84,84,76,92,1
2026-05-24,46,9,78,79,59,98,2
2026-05-24,46,10,80,80,64,96,1
2026-05-24,46,11,98,98,91,105,1
2026-05-24,46,12,69,92,51,110,2
2026-05-24,46,13,45,53,39,59,0
2026-05-24,46,14,73,86,68,91,1
2026-05-24,46,15,78,84,60,102,1
2026-05-24,46,16,73,96,62,107,2
2026-05-24,46,17,73,73,53,93,0
2026-05-24,46,18,68,75,51,92,0
2026-05-24,46,19,68,100,56,112,2
2026-05-24,46,20,72,104,59,117,0
2026-05-24,47,1,82,114,71,125,2
2026-05-24,47,2,111,119,93,137,0
2026-05-24,47,3,81,84,74,91,1
2026-05-24,47,4,114,163,95,182,1
2026-05-24,47,5,86,95,77,104,1
2026-05-24,47,6,88,131,81,138,3
2026-05-24,47,7,115,171,95,191,3
2026-05-24,47,8,103,103,92,114,2
2026-05-24,47,9,76,82,58,100,2
2026-05-24,47,10,97,104,79,122,2
2026-05-24,47,11,159,178,147,190,1
2026-05-24,47,12,108,152,93,167,0
2026-05-24,47,13,94,121,86,129,0
2026-05-24,47,14,92,92,75,109,2
2026-05-24,47,15,67,67,59,75,1
2026-05-24,47,16,92,92,86,98,0
2026-05-24,47,17,97,114,87,124,3
2026-05-24,47,18,106,106,86,126,3
2026-05-24,47,19,89,101,74,116,1
2026-05-24,47,20,82,98,74,106,2
2026-05-24,48,1,27,27,19,35,0
2026-05-24,48,2,61,61,45,77,0
2026-05-24,48,3,42,48,33,57,1
2026-05-24,48,4,56,56,43,69,1
2026-05-24,48,5,40,40,26,54,0
2026-05-24,48,6,65,92,52,105,1
2026-05-24,48,7,53,58,38,73,0
2026-05-24,48,8,50,52,36,66,1
2026-05-24,48,9,63,63,51,75,1
2026-05-24,48,10,40,45,35,50,0
2026-05-24,48,11,63,63,57,69,0
2026-05-24,48,12,65,68,52,81,1
2026-05-24,48,13,50,61,44,67,1
2026-05-24,48,14,65,83,48,100,0
2026-05-24,48,15,57,80,41,96,0
2026-05-24,48,16,57,73,44,86,0
2026-05-24,48,17,59,59,52,66,0
2026-05-24,48,18,42,42,28,56,0
2026-05-24,48,19,55,55,39,71,0
2026-05-24,48,20,57,57,38,76,0
2026-05-24,49,1,52,64,43,73,0
2026-05-24,49,2,59,78,42,95,0
2026-05-24,49,3,57,57,45,69,0
2026-05-24,49,4,35,35,19,51,0
2026-05-24,49,5,56,56,37,75,0
2026-05-24,49,6,51,52,35,68,1
2026-05-24,49,7,41,58,33,66,0
2026-05-24,49,8,55,72,36,91,1
2026-05-24,49,9,49,49,29,69,0
2026-05-24,49,10,39,40,32,47,0
2026-05-24,49,11,43,53,36,60,0
2026-05-24,49,12,39,42,25,56,0
2026-05-24,49,13,39,52,30,61,0
2026-05-24,49,14,53,61,37,77,0
2026-05-24,49,15,45,55,36,64,0
2026-05-24,49,16,60,60,41,79,0
2026-05-24,49,17,45,45,28,62,0
2026-05-24,49,18,43,43,30,56,0
2026-05-24,49,19,45,64,31,78,1
2026-05-24,49,20,33,46,28,51,0
2026-05-24,50,1,56,56,49,63,1
2026-05-24,50,2,75,75,56,94,0
2026-05-24,50,3,47,48,39,56,1
2026-05-24,50,4,65,97,48,114,0
2026-05-24,50,5,40,40,30,50,0
2026-05-24,50,6,79,114,62,131,2
2026-05-24,50,7,65,90,47,108,0
2026-05-24,50,8,62,64,55,71,1
2026-05-24,50,9,67,92,57,102,0
2026-05-24,50,10,74,78,54,98,1
2026-05-24,50,11,79,95,65,109,2
2026-05-24,50,12,74,99,62,111,1
2026-05-24,50,13,62,62,57,67,1
2026-05-24,50,14,64,89,54,99,2
2026-05-24,50,15,65,93,50,108,1
2026-05-24,50,16,64,75,47,92,0
2026-05-24,50,17,35,35,30,40,0
2026-05-24,50,18,47,47,37,57,1
2026-05-24,50,19,43,46,35,54,0
2026-05-24,50,20,62,89,47,104,0
2026-05-31,1,1,54,64,41,77,0
2026-05-31,1,2,56,56,48,64,0
2026-05-31,1,3,73,81,54,100,0
2026-05-31,1,4,59,64,41,82,0
2026-05-31,1,5,65,65,57,73,0
2026-05-31,1,6,59,65,47,77,1
2026-05-31,1,7,66,85,57,94,0
2026-05-31,1,8,68,68,54,82,1
2026-05-31,1,9,62,87,45,104,0
2026-05-31,1,10,69,70,53,86,1
2026-05-31,1,11,58,63,47,74,0
2026-05-31,1,12,66,88,60,94,2
2026-05-31,1,13,61,72,47,86,1
2026-05-31,1,14,61,61,42,80,1
2026-05-31,1,15,67,69,57,79,1
2026-05-31,1,16,57,74,42,89,1
2026-05-31,1,17,63,71,46,88,1
2026-05-31,1,18,86,86,75,97,0
2026-05-31,1,19,47,62,40,69,1
2026-05-31,1,20,66,66,48,84,0
2026-05-31,2,1,56,56,44,68,1
2026-05-31,2,2,63,80,47,96,1
2026-05-31,2,3,40,40,34,46,1
2026-05-31,2,4,53,77,48,82,0
2026-05-31,2,5,41,41,35,47,0
2026-05-31,2,6,33,33,26,40,0
2026-05-31,2,7,38,42,31,49,0
2026-05-31,2,8,66,66,50,82,0
2026-05-31,2,9,64,87,44,107,1
2026-05-31,2,10,63,63,53,73,0
2026-05-31,2,11,76,83,60,99,1
2026-05-31,2,12,52,52,46,58,1
2026-05-31,2,13,48,48,36,60,0
2026-05-31,2,14,64,73,52,85,0
2026-05-31,2,15,45,57,38,64,1
2026-05-31,2,16,56,56,45,67,0
2026-05-31,2,17,30,30,24,36,0
2026-05-31,2,18,51,69,43,77,1
2026-05-31,2,19,41,41,31,51,1
2026-05-31,2,20,48,48,35,61,0
2026-05-31,3,1,83,83,66,100,1
2026-05-31,3,2,84,87,77,94,1
2026-05-31,3,3,51,63,31,83,0
2026-05-31,3,4,69,69,55,83,0
2026-05-31,3,5,51,56,39,68,0
2026-05-31,3,6,68,68,59,77,0
2026-05-31,3,7,63,71,46,88,1
2026-05-31,3,8,83,97,66,114,0
2026-05-31,3,9,66,66,49,83,0
2026-05-31,3,10,66,92,52,106,1
2026-05-31,3,11,67,67,62,72,0
2026-05-31,3,12,54,54,41,67,0
2026-05-31,3,13,67,67,50,84,1
2026-05-31,3,14,80,113,60,133,0
2026-05-31,3,15,54,67,46,75,1
2026-05-31,3,16,63,86,58,91,0
2026-05-31,3,17,41,41,28,54,1
2026-05-31,3,18,67,80,47,100,2
2026-05-31,3,19,66,66,46,86,0
2026-05-31,3,20,68,68,59,77,1
2026-05-31,4,1,71,72,54,89,1
2026-05-31,4,2,64,64,52,76,0
2026-05-31,4,3,49,49,44,54,0
2026-05-31,4,4,83,83,63,103,2
2026-05-31,4,5,64,64,53,75,1
2026-05-31,4,6,64,65,48,81,1
2026-05-31,4,7,74,81,66,89,0
2026-05-31,4,8,78,78,65,91,0
2026-05-31,4,9,59,59,39,79,1
2026-05-31,4,10,59,59,47,71,0
2026-05-31,4,11,43,63,28,78,0
2026-05-31,4,12,63,87,51,99,0
2026-05-31,4,13,56,73,44,85,1
2026-05-31,4,14,49,70,40,79,0
2026-05-31,4,15,69,69,61,77,0
2026-05-31,4,16,67,67,55,79,1
2026-05-31,4,17,60,60,54,66,0
2026-05-31,4,18,69,75,52,92,0
2026-05-31,4,19,48,57,43,62,1
2026-05-31,4,20,66,93,58,101,1
2026-05-31,5,1,35,35,24,46,0
2026-05-31,5,2,41,41,30,52,1
2026-05-31,5,3,42,60,25,77,0
2026-05-31,5,4,42,42,31,53,0
2026-05-31,5,5,29,29,21,37,0
2026-05-31,5,6,40,40,26,54,0
2026-05-31,5,7,34,34,20,48,0
2026-05-31,5,8,41,51,29,63,0
2026-05-31,5,9,51,76,41,86,1
2026-05-31,5,10,32,32,22,42,0
2026-05-31,5,11,51,51,41,61,0
2026-05-31,5,12,56,56,37,75,0
2026-05-31,5,13,21,21,5,37,0
2026-05-31,5,14,42,56,32,66,0
2026-05-31,5,15,50,56,31,75,0
2026-05-31,5,16,30,30,23,37,0
2026-05-31,5,17,41,41,32,50,1
2026-05-31,5,18,49,50,37,62,0
2026-05-31,5,19,47,67,28,86,0
2026-05-31,5,20,38,38,26,50,0
2026-05-31,6,1,71,88,57,102,0
2026-05-31,6,2,63,63,52,74,0
2026-05-31,6,3,46,55,40,61,0
2026-05-31,6,4,56,67,46,77,0
2026-05-31,6,5,58,81,40,99,1
2026-05-31,6,6,55,69,38,86,0
2026-05-31,6,7,71,71,54,88,1
2026-05-31,6,8,98,134,79,153,1
2026-05-31,6,9,64,93,48,109,1
2026-05-31,6,10,56,74,37,93,0
2026-05-31,6,11,58,74,40,92,1
2026-05-31,6,12,62,62,43,81,1
2026-05-31,6,13,78,104,60,122,1
2026-05-31,6,14,54,54,43,65,0
2026-05-31,6,15,69,69,52,86,1
2026-05-31,6,16,59,67,46,80,0
2026-05-31,6,17,77,90,63,104,0
2026-05-31,6,18,62,63,47,78,1
2026-05-31,6,19,62,91,55,98,1
2026-05-31,6,20,73,79,62,90,1
2026-05-31,7,1,70,98,56,112,2
2026-05-31,7,2,69,69,56,82,0
2026-05-31,7,3,59,59,45,73,0
2026-05-31,7,4,79,79,67,91,1
2026-05-31,7,5,42,49,37,54,1
2026-05-31,7,6,52,52,43,61,0
2026-05-31,7,7,68,97,59,106,0
2026-05-31,7,8,75,111,55,131,0
2026-05-31,7,9,63,63,48,78,1
2026-05-31,7,10,67,67,53,81,1
2026-05-31,7,11,70,86,57,99,0
2026-05-31,7,12,77,77,62,92,0
2026-05-31,7,13,79,115,67,127,1
2026-05-31,7,14,77,115,64,128,0
2026-05-31,7,15,71,88,61,98,0
2026-05-31,7,16,68,90,56,102,1
2026-05-31,7,17,67,67,48,86,0
2026-05-31,7,18,64,64,51,77,0
2026-05-31,7,19,47,47,37,57,1
2026-05-31,7,20,74,100,62,112,0
2026-05-31,8,1,35,49,30,54,1
2026-05-31,8,2,36,36,29,43,0
2026-05-31,8,3,47,47,29,65,0
2026-05-31,8,4,40,40,32,48,0
2026-05-31,8,5,43,43,30,56,0
2026-05-31,8,6,44,44,36,52,0
2026-05-31,8,7,51,52,38,65,0
2026-05-31,8,8,37,37,25,49,0
2026-05-31,8,9,39,39,31,47,0
2026-05-31,8,10,31,38,19,50,0
2026-05-31,8,11,52,52,32,72,1
2026-05-31,8,12,51,63,34,80,1
2026-05-31,8,13,39,51,25,65,0
2026-05-31,8,14,46,68,32,82,1
2026-05-31,8,15,56,71,38,89,0
2026-05-31,8,16,58,58,40,76,1
2026-05-31,8,17,39,39,24,54,0
2026-05-31,8,18,46,46,41,51,0
2026-05-31,8,19,52,54,34,72,0
2026-05-31,8,20,28,28,18,38,0
2026-05-31,9,1,60,60,53,67,0
2026-05-31,9,2,73,73,55,91,0
2026-05-31,9,3,71,73,60,84,0
2026-05-31,9,4,61,80,43,98,1
2026-05-31,9,5,64,64,50,78,0
2026-05-31,9,6,65,67,51,81,0
2026-05-31,9,7,71,104,58,117,2
2026-05-31,9,8,59,63,52,70,0
2026-05-31,9,9,61,69,54,76,0
2026-05-31,9,10,63,63,48,78,1
2026-05-31,9,11,71,100,54,117,0
2026-05-31,9,12,75,99,60,114,0
2026-05-31,9,13,55,79,41,93,2
2026-05-31,9,14,78,98,67,109,2
2026-05-31,9,15,59,59,53,65,0
2026-05-31,9,16,63,92,53,102,1
2026-05-31,9,17,67,89,49,107,0
2026-05-31,9,18,52,59,45,66,0
2026-05-31,9,19,60,60,42,78,1
2026-05-31,9,20,63,88,48,103,2
2026-05-31,10,1,61,61,56,66,1
2026-05-31,10,2,90,90,79,101,2
2026-05-31,10,3,120,152,103,169,2
2026-05-31,10,4,64,64,52,76,1
2026-05-31,10,5,99,99,85,113,2
2026-05-31,10,6,80,92,62,110,2
2026-05-31,10,7,93,110,80,123,0
2026-05-31,10,8,77,77,62,92,1
2026-05-31,10,9,107,107,88,126,2
2026-05-31,10,10,90,90,71,109,2
2026-05-31,10,11,96,143,89,150,3
2026-05-31,10,12,83,120,77,126,1
2026-05-31,10,13,84,94,78,100,2
2026-05-31,10,14,89,104,78,115,1
2026-05-31,10,15,120,179,102,197,2
2026-05-31,10,16,96,118,90,124,0
2026-05-31,10,17,81,119,71,129,2
2026-05-31,10,18,89,106,83,112,2
2026-05-31,10,19,82,82,68,96,2
2026-05-31,10,20,78,78,62,94,2
2026-05-31,11,1,66,66,60,72,1
2026-05-31,11,2,60,72,50,82,1
2026-05-31,11,3,51,57,33,75,0
2026-05-31,11,4,70,70,54,86,0
2026-05-31,11,5,57,83,42,98,0
2026-05-31,11,6,67,84,53,98,0
2026-05-31,11,7,62,65,51,76,0
2026-05-31,11,8,79,110,63,126,0
2026-05-31,11,9,59,85,50,94,0
2026-05-31,11,10,68,96,59,105,1
2026-05-31,11,11,68,76,50,94,0
2026-05-31,11,12,53,53,36,70,1
2026-05-31,11,13,56,72,41,87,0
2026-05-31,11,14,69,73,56,86,0
2026-05-31,11,15,78,78,60,96,0
2026-05-31,11,16,68,68,49,87,0
2026-05-31,11,17,50,59,36,73,1
2026-05-31,11,18,51,54,31,74,1
2026-05-31,11,19,55,55,42,68,1
2026-05-31,11,20,84,87,75,96,1
2026-05-31,12,1,58,58,43,73,0
2026-05-31,12,2,45,59,38,66,0
2026-05-31,12,3,46,51,35,62,0
2026-05-31,12,4,49,61,43,67,0
2026-05-31,12,5,48,61,39,70,0
2026-05-31,12,6,53,60,35,78,0
2026-05-31,12,7,64,64,45,83,1
2026-05-31,12,8,46,68,41,73,1
2026-05-31,12,9,68,68,50,86,1
2026-05-31,12,10,60,73,47,86,0
2026-05-31,12,11,65,90,54,101,0
2026-05-31,12,12,49,50,42,57,1
2026-05-31,12,13,48,53,32,69,0
2026-05-31,12,14,52,52,44,60,0
2026-05-31,12,15,60,61,43,78,1
2026-05-31,12,16,40,48,33,55,0
2026-05-31,12,17,37,48,31,54,1
2026-05-31,12,18,64,66,47,83,1
2026-05-31,12,19,46,61,29,78,0
2026-05-31,12,20,54,59,34,79,1
2026-05-31,13,1,79,79,68,90,1
2026-05-31,13,2,67,67,57,77,0
2026-05-31,13,3,74,97,57,114,2
2026-05-31,13,4,86,86,66,106,0
2026-05-31,13,5,86,86,73,99,0
2026-05-31,13,6,107,107,96,118,1
2026-05-31,13,7,63,87,56,94,0
2026-05-31,13,8,65,74,58,81,0
2026-05-31,13,9,74,106,61,119,1
2026-05-31,13,10,66,66,47,85,1
2026-05-31,13,11,71,102,61,112,0
2026-05-31,13,12,77,111,63,125,2
2026-05-31,13,13,62,76,47,91,0
2026-05-31,13,14,70,70,64,76,1
2026-05-31,13,15,73,85,67,91,1
2026-05-31,13,16,99,99,90,108,0
2026-05-31,13,17,63,72,49,86,0
2026-05-31,13,18,64,64,56,72,1
2026-05-31,13,19,82,82,68,96,1
2026-05-31,13,20,77,97,62,112,1
2026-05-31,14,1,57,57,51,63,1
2026-05-31,14,2,62,77,46,93,1
2026-05-31,14,3,82,84,68,98,0
2026-05-31,14,4,63,87,53,97,0
2026-05-31,14,5,87,87,75,99,0
2026-05-31,14,6,66,66,57,75,0
2026-05-31,14,7,50,51,45,56,1
2026-05-31,14,8,70,70,64,76,0
2026-05-31,14,9,79,112,59,132,0
2026-05-31,14,10,54,58,36,76,0
2026-05-31,14,11,68,68,60,76,1
2026-05-31,14,12,70,78,59,89,0
2026-05-31,14,13,57,70,37,90,0
2026-05-31,14,14,65,67,57,75,1
2026-05-31,14,15,71,71,64,78,1
2026-05-31,14,16,66,78,52,92,0
2026-05-31,14,17,66,98,52,112,2
2026-05-31,14,18,77,77,67,87,1
2026-05-31,14,19,89,99,79,109,1
2026-05-31,14,20,61,61,48,74,1
2026-05-31,15,1,45,45,40,50,0
2026-05-31,15,2,99,99,83,115,0
2026-05-31,15,3,48,48,42,54,1
2026-05-31,15,4,67,95,52,110,1
2026-05-31,15,5,58,58,41,75,1
2026-05-31,15,6,47,61,37,71,0
2026-05-31,15,7,64,73,49,88,0
2026-05-31,15,8,73,73,53,93,1
2026-05-31,15,9,78,78,64,92,1
2026-05-31,15,10,72,72,56,88,0
2026-05-31,15,11,66,74,48,92,0
2026-05-31,15,12,74,99,59,114,1
2026-05-31,15,13,50,62,44,68,1
2026-05-31,15,14,64,64,55,73,0
2026-05-31,15,15,53,56,45,64,1
2026-05-31,15,16,57,62,50,69,1
2026-05-31,15,17,41,41,33,49,0
2026-05-31,15,18,56,78,46,88,0
2026-05-31,15,19,41,41,35,47,0
2026-05-31,15,20,61,79,45,95,1
2026-05-31,16,1,52,52,33,71,0
2026-05-31,16,2,50,63,38,75,1
2026-05-31,16,3,47,65,27,85,0
2026-05-31,16,4,60,66,48,78,0
2026-05-31,16,5,67,90,48,109,0
2026-05-31,16,6,58,58,47,69,1
2026-05-31,16,7,61,66,55,72,0
2026-05-31,16,8,64,64,47,81,1
2026-05-31,16,9,62,62,51,73,0
2026-05-31,16,10,58,83,39,102,0
2026-05-31,16,11,54,60,40,74,1
2026-05-31,16,12,42,42,28,56,0
2026-05-31,16,13,58,58,42,74,1
2026-05-31,16,14,77,111,63,125,0
2026-05-31,16,15,66,69,49,86,0
2026-05-31,16,16,40,40,32,48,1
2026-05-31,16,17,55,55,39,71,0
2026-05-31,16,18,57,84,49,92,0
2026-05-31,16,19,57,65,47,75,0
2026-05-31,16,20,54,54,42,66,1
2026-05-31,17,1,45,56,31,70,0
2026-05-31,17,2,45,60,37,68,1
2026-05-31,17,3,41,45,33,53,0
2026-05-31,17,4,58,73,41,90,1
2026-05-31,17,5,54,72,37,89,0
2026-05-31,17,6,56,57,43,70,0
2026-05-31,17,7,57,57,43,71,1
2026-05-31,17,8,52,52,32,72,0
2026-05-31,17,9,68,74,55,87,1
2026-05-31,17,10,44,62,30,76,0
2026-05-31,17,11,46,65,40,71,0
2026-05-31,17,12,51,60,33,78,1
2026-05-31,17,13,36,36,28,44,0
2026-05-31,17,14,50,62,39,73,0
2026-05-31,17,15,47,59,30,76,1
2026-05-31,17,16,49,67,33,83,1
2026-05-31,17,17,43,61,35,69,1
2026-05-31,17,18,51,51,35,67,0
2026-05-31,17,19,48,55,37,66,0
2026-05-31,17,20,27,36,20,43,0
2026-05-31,18,1,108,108,95,121,3
2026-05-31,18,2,127,127,111,143,2
2026-05-31,18,3,106,107,101,112,1
2026-05-31,18,4,107,107,89,125,0
2026-05-31,18,5,87,127,74,140,3
2026-05-31,18,6,66,66,56,76,1
2026-05-31,18,7,97,126,86,137,1
2026-05-31,18,8,87,87,79,95,2
2026-05-31,18,9,93,114,86,121,0
2026-05-31,18,10,85,99,72,112,1
2026-05-31,18,11,78,106,70,114,0
2026-05-31,18,12,76,100,69,107,2
2026-05-31,18,13,111,146,103,154,3
2026-05-31,18,14,137,137,131,143,2
2026-05-31,18,15,80,116,60,136,0
2026-05-31,18,16,95,101,78,118,2
2026-05-31,18,17,105,148,88,165,0
2026-05-31,18,18,101,112,92,121,3
2026-05-31,18,19,56,56,37,75,0
2026-05-31,18,20,86,105,76,115,3
2026-05-31,19,1,44,55,27,72,0
2026-05-31,19,2,71,103,54,120,0
2026-05-31,19,3,49,53,40,62,1
2026-05-31,19,4,67,78,55,90,0
2026-05-31,19,5,50,57,35,72,0
2026-05-31,19,6,66,66,48,84,0
2026-05-31,19,7,38,38,20,56,0
2026-05-31,19,8,62,62,50,74,0
2026-05-31,19,9,68,68,54,82,0
2026-05-31,19,10,54,54,45,63,0
2026-05-31,19,11,48,55,42,61,0
2026-05-31,19,12,75,92,64,103,0
2026-05-31,19,13,65,65,56,74,0
2026-05-31,19,14,68,96,56,108,1
2026-05-31,19,15,69,101,63,107,2
2026-05-31,19,16,73,73,57,89,1
2026-05-31,19,17,69,69,56,82,0
2026-05-31,19,18,59,59,53,65,1
2026-05-31,19,19,80,80,62,98,0
2026-05-31,19,20,56,70,41,85,0
2026-05-31,20,1,49,52,42,59,0
2026-05-31,20,2,73,73,54,92,1
2026-05-31,20,3,42,42,28,56,1
2026-05-31,20,4,63,69,45,87,1
2026-05-31,20,5,45,62,30,77,0
2026-05-31,20,6,39,45,34,50,0
2026-05-31,20,7,56,56,45,67,1
2026-05-31,20,8,47,47,40,54,0
2026-05-31,20,9,65,86,47,104,0
2026-05-31,20,10,54,69,39,84,0
2026-05-31,20,11,71,100,56,115,0
2026-05-31,20,12,79,81,65,95,1
2026-05-31,20,13,68,99,53,114,1
2026-05-31,20,14,75,105,67,113,0
2026-05-31,20,15,68,68,49,87,0
2026-05-31,20,16,47,47,38,56,0
2026-05-31,20,17,48,48,28,68,1
2026-05-31,20,18,65,86,54,97,1
2026-05-31,20,19,34,34,27,41,0
2026-05-31,20,20,49,62,44,67,1
2026-05-31,21,1,48,69,39,78,0
2026-05-31,21,2,45,45,29,61,1
2026-05-31,21,3,56,67,37,86,1
2026-05-31,21,4,55,58,37,76,1
2026-05-31,21,5,52,52,37,67,0
2026-05-31,21,6,40,40,32,48,0
2026-05-31,21,7,50,63,40,73,1
2026-05-31,21,8,51,74,35,90,1
2026-05-31,21,9,48,52,41,59,0
2026-05-31,21,10,44,44,27,61,1
2026-05-31,21,11,62,79,47,94,0
2026-05-31,21,12,55,68,38,85,1
2026-05-31,21,13,44,53,32,65,0
2026-05-31,21,14,52,52,44,60,1
2026-05-31,21,15,47,56,33,70,0
2026-05-31,21,16,38,38,26,50,0
2026-05-31,21,17,60,60,45,75,0
2026-05-31,21,18,57,57,40,74,0
2026-05-31,21,19,49,63,31,81,1
2026-05-31,21,20,46,51,26,71,1
2026-05-31,22,1,59,59,54,64,0
2026-05-31,22,2,59,59,46,72,0
2026-05-31,22,3,49,56,42,63,0
2026-05-31,22,4,70,70,51,89,0
2026-05-31,22,5,61,61,48,74,0
2026-05-31,22,6,65,95,54,106,1
2026-05-31,22,7,69,71,61,79,1
2026-05-31,22,8,58,58,43,73,1
2026-05-31,22,9,88,127,70,145,3
2026-05-31,22,10,58,75,40,93,0
2026-05-31,22,11,73,73,53,93,0
2026-05-31,22,12,71,103,54,120,0
2026-05-31,22,13,58,58,49,67,0
2026-05-31,22,14,58,60,45,73,1
2026-05-31,22,15,66,66,51,81,0
2026-05-31,22,16,66,66,61,71,1
2026-05-31,22,17,63,68,48,83,1
2026-05-31,22,18,48,48,30,66,0
2026-05-31,22,19,79,87,62,104,1
2026-05-31,22,20,63,63,47,79,0
2026-05-31,23,1,62,64,55,71,1
2026-05-31,23,2,36,43,27,52,0
2026-05-31,23,3,74,74,64,84,1
2026-05-31,23,4,82,82,70,94,0
2026-05-31,23,5,58,61,45,74,0
2026-05-31,23,6,78,81,58,101,0
2026-05-31,23,7,74,74,56,92,0
2026-05-31,23,8,74,96,57,113,0
2026-05-31,23,9,83,122,63,142,1
2026-05-31,23,10,58,59,41,76,1
2026-05-31,23,11,81,81,62,100,1
2026-05-31,23,12,50,51,43,58,1
2026-05-31,23,13,54,54,35,73,1
2026-05-31,23,14,57,57,49,65,0
2026-05-31,23,15,74,74,61,87,0
2026-05-31,23,16,73,83,59,97,1
2026-05-31,23,17,69,69,50,88,0
2026-05-31,23,18,71,74,52,93,0
2026-05-31,23,19,70,96,63,103,0
2026-05-31,23,20,60,60,50,70,0
2026-05-31,24,1,77,111,58,130,3
2026-05-31,24,2,57,68,51,74,0
2026-05-31,24,3,57,57,42,72,1
2026-05-31,24,4,55,55,45,65,1
2026-05-31,24,5,67,67,50,84,1
2026-05-31,24,6,74,74,65,83,1
2026-05-31,24,7,71,71,62,80,0
2026-05-31,24,8,60,63,42,81,0
2026-05-31,24,9,75,75,55,95,0
2026-05-31,24,10,73,73,58,88,0
2026-05-31,24,11,69,102,55,116,0
2026-05-31,24,12,78,78,72,84,0
2026-05-31,24,13,51,65,43,73,1
2026-05-31,24,14,63,63,48,78,1
2026-05-31,24,15,59,86,54,91,0
2026-05-31,24,16,70,78,61,87,1
2026-05-31,24,17,43,43,37,49,1
2026-05-31,24,18,62,62,52,72,1
2026-05-31,24,19,56,63,50,69,0
2026-05-31,24,20,69,69,49,89,1
2026-05-31,25,1,75,75,58,92,0
2026-05-31,25,2,81,81,73,89,0
2026-05-31,25,3,74,74,58,90,0
2026-05-31,25,4,77,113,58,132,3
2026-05-31,25,5,68,88,52,104,1
2026-05-31,25,6,65,65,60,70,1
2026-05-31,25,7,79,112,68,123,1
2026-05-31,25,8,75,78,66,87,0
2026-05-31,25,9,80,105,63,122,2
2026-05-31,25,10,58,68,44,82,2
2026-05-31,25,11,83,92,73,102,2
2026-05-31,25,12,66,92,59,99,0
2026-05-31,25,13,76,76,56,96,1
2026-05-31,25,14,84,84,75,93,0
2026-05-31,25,15,63,63,47,79,0
2026-05-31,25,16,62,62,57,67,0
2026-05-31,25,17,60,71,51,80,1
2026-05-31,25,18,79,108,59,128,2
2026-05-31,25,19,58,58,46,70,1
2026-05-31,25,20,53,53,48,58,1
2026-05-31,26,1,72,76,53,95,0
2026-05-31,26,2,58,58,48,68,0
2026-05-31,26,3,68,68,54,82,0
2026-05-31,26,4,70,70,57,83,0
2026-05-31,26,5,59,73,44,88,1
2026-05-31,26,6,73,109,62,120,2
2026-05-31,26,7,69,90,51,108,0
2026-05-31,26,8,61,85,53,93,1
2026-05-31,26,9,85,92,73,104,1
2026-05-31,26,10,63,63,44,82,1
2026-05-31,26,11,46,63,27,82,1
2026-05-31,26,12,31,45,26,50,1
2026-05-31,26,13,64,67,49,82,1
2026-05-31,26,14,64,73,55,82,0
2026-05-31,26,15,69,80,56,93,1
2026-05-31,26,16,66,92,55,103,0
2026-05-31,26,17,60,80,47,93,0
2026-05-31,26,18,68,83,54,97,2
2026-05-31,26,19,51,52,43,60,0
2026-05-31,26,20,48,48,37,59,1
2026-05-31,27,1,69,82,59,92,0
2026-05-31,27,2,78,107,69,116,2
2026-05-31,27,3,78,111,58,131,0
2026-05-31,27,4,72,107,65,114,2
2026-05-31,27,5,63,64,56,71,1
2026-05-31,27,6,83,112,70,125,1
2026-05-31,27,7,55,60,43,72,0
2026-05-31,27,8,45,45,34,56,0
2026-05-31,27,9,97,117,81,133,2
2026-05-31,27,10,83,83,66,100,1
2026-05-31,27,11,76,97,66,107,2
2026-05-31,27,12,107,107,94,120,0
2026-05-31,27,13,75,108,67,116,2
2026-05-31,27,14,57,62,52,67,1
2026-05-31,27,15,58,58,48,68,0
2026-05-31,27,16,89,94,73,110,2
2026-05-31,27,17,60,60,55,65,0
2026-05-31,27,18,74,74,64,84,2
2026-05-31,27,19,66,86,54,98,0
2026-05-31,27,20,56,62,42,76,0
2026-05-31,28,1,74,86,59,101,1
2026-05-31,28,2,75,83,56,102,0
2026-05-31,28,3,65,68,46,87,0
2026-05-31,28,4,65,67,53,79,0
2026-05-31,28,5,64,64,58,70,0
2026-05-31,28,6,60,60,55,65,1
2026-05-31,28,7,58,58,51,65,1
2026-05-31,28,8,55,74,50,79,2
2026-05-31,28,9,77,91,61,107,0
2026-05-31,28,10,59,83,39,103,0
2026-05-31,28,11,58,58,53,63,0
2026-05-31,28,12,96,135,85,146,2
2026-05-31,28,13,65,65,58,72,0
2026-05-31,28,14,62,73,45,90,1
2026-05-31,28,15,58,58,42,74,1
2026-05-31,28,16,59,59,50,68,0
2026-05-31,28,17,65,87,53,99,0
2026-05-31,28,18,63,84,48,99,0
2026-05-31,28,19,54,76,41,89,0
2026-05-31,28,20,54,54,35,73,0
2026-05-31,29,1,50,50,43,57,1
2026-05-31,29,2,60,77,43,94,0
2026-05-31,29,3,42,42,31,53,0
2026-05-31,29,4,56,56,41,71,0
2026-05-31,29,5,58,63,39,82,1
2026-05-31,29,6,49,49,40,58,0
2026-05-31,29,7,53,58,41,70,0
2026-05-31,29,8,56,59,47,68,0
2026-05-31,29,9,44,44,39,49,0
2026-05-31,29,10,36,39,31,44,0
2026-05-31,29,11,59,73,44,88,1
2026-05-31,29,12,43,43,35,51,1
2026-05-31,29,13,65,65,49,81,1
2026-05-31,29,14,53,53,34,72,0
2026-05-31,29,15,49,69,34,84,0
2026-05-31,29,16,53,73,38,88,1
2026-05-31,29,17,54,64,34,84,0
2026-05-31,29,18,73,101,53,121,2
2026-05-31,29,19,37,51,27,61,1
2026-05-31,29,20,61,61,56,66,0
2026-05-31,30,1,63,91,53,101,2
2026-05-31,30,2,73,73,66,80,0
2026-05-31,30,3,64,87,56,95,0
2026-05-31,30,4,77,112,65,124,3
2026-05-31,30,5,77,100,66,111,1
2026-05-31,30,6,89,106,74,121,3
2026-05-31,30,7,102,112,84,130,2
2026-05-31,30,8,83,97,66,114,0
2026-05-31,30,9,82,82,77,87,0
2026-05-31,30,10,76,76,59,93,1
2026-05-31,30,11,69,85,56,98,0
2026-05-31,30,12,79,79,67,91,1
2026-05-31,30,13,78,104,65,117,1
2026-05-31,30,14,77,97,70,104,0
2026-05-31,30,15,70,104,54,120,2
2026-05-31,30,16,90,113,79,124,1
2026-05-31,30,17,66,75,49,92,1
2026-05-31,30,18,79,79,73,85,1
2026-05-31,30,19,76,91,58,109,1
2026-05-31,30,20,77,77,59,95,1
2026-05-31,31,1,64,68,55,77,1
2026-05-31,31,2,68,89,61,96,1
2026-05-31,31,3,80,80,70,90,1
2026-05-31,31,4,87,88,73,102,0
2026-05-31,31,5,75,75,57,93,0
2026-05-31,31,6,65,86,48,103,0
2026-05-31,31,7,92,132,79,145,1
2026-05-31,31,8,54,71,49,76,1
2026-05-31,31,9,70,70,62,78,0
2026-05-31,31,10,79,79,73,85,0
2026-05-31,31,11,74,74,68,80,0
2026-05-31,31,12,68,87,52,103,0
2026-05-31,31,13,70,70,62,78,0
2026-05-31,31,14,49,49,41,57,0
2026-05-31,31,15,80,89,63,106,2
2026-05-31,31,16,75,75,55,95,1
2026-05-31,31,17,83,106,65,124,2
2026-05-31,31,18,78,80,65,93,0
2026-05-31,31,19,90,95,73,112,0
2026-05-31,31,20,67,94,61,100,0
2026-05-31,32,1,49,69,38,80,0
2026-05-31,32,2,44,45,28,61,0
2026-05-31,32,3,48,49,30,67,0
2026-05-31,32,4,44,44,33,55,1
2026-05-31,32,5,41,58,28,71,0
2026-05-31,32,6,38,38,25,51,0
2026-05-31,32,7,48,68,37,79,2
2026-05-31,32,8,46,53,30,69,1
2026-05-31,32,9,50,50,39,61,0
2026-05-31,32,10,36,36,20,52,0
2026-05-31,32,11,47,63,35,75,0
2026-05-31,32,12,55,55,35,75,1
2026-05-31,32,13,43,43,26,60,1
2026-05-31,32,14,49,49,33,65,0
2026-05-31,32,15,38,38,32,44,1
2026-05-31,32,16,47,53,36,64,1
2026-05-31,32,17,40,40,32,48,0
2026-05-31,32,18,41,57,33,65,1
2026-05-31,32,19,40,54,27,67,1
2026-05-31,32,20,38,38,22,54,0
2026-05-31,33,1,57,62,44,75,1
2026-05-31,33,2,61,61,45,77,1
2026-05-31,33,3,41,47,35,53,0
2026-05-31,33,4,63,85,45,103,0
2026-05-31,33,5,55,69,48,76,0
2026-05-31,33,6,56,56,38,74,0
2026-05-31,33,7,60,83,48,95,1
2026-05-31,33,8,68,68,53,83,1
2026-05-31,33,9,47,57,39,65,0
2026-05-31,33,10,31,44,18,57,0
2026-05-31,33,11,61,65,44,82,0
2026-05-31,33,12,61,86,41,106,1
2026-05-31,33,13,41,41,27,55,0
2026-05-31,33,14,53,79,43,89,1
2026-05-31,33,15,61,87,42,106,1
2026-05-31,33,16,70,76,55,91,0
2026-05-31,33,17,36,36,29,43,1
2026-05-31,33,18,71,87,56,102,0
2026-05-31,33,19,53,53,41,65,0
2026-05-31,33,20,56,63,39,80,1
2026-05-31,34,1,74,74,69,79,0
2026-05-31,34,2,70,73,61,82,0
2026-05-31,34,3,79,79,69,89,1
2026-05-31,34,4,90,98,79,109,2
2026-05-31,34,5,100,123,86,137,0
2026-05-31,34,6,66,66,54,78,1
2026-05-31,34,7,146,205,126,225,5
2026-05-31,34,8,69,69,58,80,1
2026-05-31,34,9,95,95,75,115,1
2026-05-31,34,10,63,63,57,69,0
2026-05-31,34,11,77,106,67,116,3
2026-05-31,34,12,85,92,68,109,0
2026-05-31,34,13,77,77,67,87,1
2026-05-31,34,14,76,76,67,85,2
2026-05-31,34,15,90,104,81,113,1
2026-05-31,34,16,89,104,74,119,2
2026-05-31,34,17,67,67,50,84,0
2026-05-31,34,18,82,119,77,124,3
2026-05-31,34,19,64,89,57,96,0
2026-05-31,34,20,70,102,60,112,0
2026-05-31,35,1,62,79,53,88,1
2026-05-31,35,2,80,80,64,96,1
2026-05-31,35,3,68,68,48,88,1
2026-05-31,35,4,69,69,53,85,1
2026-05-31,35,5,83,101,70,114,1
2026-05-31,35,6,76,110,56,130,2
2026-05-31,35,7,52,57,35,74,0
2026-05-31,35,8,71,71,59,83,0
2026-05-31,35,9,64,69,56,77,0
2026-05-31,35,10,60,85,46,99,1
2026-05-31,35,11,60,78,51,87,2
2026-05-31,35,12,73,82,68,87,2
2026-05-31,35,13,57,57,50,64,0
2026-05-31,35,14,61,65,55,71,1
2026-05-31,35,15,63,72,49,86,1
2026-05-31,35,16,51,51,35,67,0
2026-05-31,35,17,69,86,52,103,2
2026-05-31,35,18,73,101,68,106,1
2026-05-31,35,19,65,74,48,91,1
2026-05-31,35,20,74,109,56,127,1
2026-05-31,36,1,58,58,46,70,0
2026-05-31,36,2,51,75,36,90,1
2026-05-31,36,3,32,44,18,58,0
2026-05-31,36,4,43,43,34,52,0
2026-05-31,36,5,33,33,28,38,0
2026-05-31,36,6,57,57,42,72,1
2026-05-31,36,7,61,65,56,70,0
2026-05-31,36,8,54,76,39,91,1
2026-05-31,36,9,58,65,48,75,0
2026-05-31,36,10,40,42,32,50,0
2026-05-31,36,11,51,68,45,74,0
2026-05-31,36,12,56,56,41,71,0
2026-05-31,36,13,45,45,38,52,0
2026-05-31,36,14,57,57,46,68,1
2026-05-31,36,15,52,72,32,92,1
2026-05-31,36,16,53,62,36,79,1
2026-05-31,36,17,29,29,19,39,0
2026-05-31,36,18,44,44,33,55,0
2026-05-31,36,19,40,53,25,68,0
2026-05-31,36,20,41,41,32,50,0
2026-05-31,37,1,70,70,55,85,0
2026-05-31,37,2,63,63,55,71,0
2026-05-31,37,3,62,76,45,93,1
2026-05-31,37,4,54,56,49,61,1
2026-05-31,37,5,54,62,49,67,1
2026-05-31,37,6,61,61,45,77,1
2026-05-31,37,7,68,80,59,89,1
2026-05-31,37,8,62,70,43,89,1
2026-05-31,37,9,73,73,54,92,1
2026-05-31,37,10,63,84,45,102,0
2026-05-31,37,11,87,119,71,135,0
2026-05-31,37,12,49,61,41,69,0
2026-05-31,37,13,67,67,50,84,0
2026-05-31,37,14,67,77,51,93,1
2026-05-31,37,15,55,67,44,78,1
2026-05-31,37,16,64,64,58,70,0
2026-05-31,37,17,70,70,64,76,1
2026-05-31,37,18,63,63,49,77,1
2026-05-31,37,19,72,72,63,81,1
2026-05-31,37,20,54,74,35,93,0
2026-05-31,38,1,67,67,54,80,0
2026-05-31,38,2,61,61,52,70,0
2026-05-31,38,3,35,35,24,46,0
2026-05-31,38,4,48,48,42,54,0
2026-05-31,38,5,44,63,30,77,1
2026-05-31,38,6,84,84,64,104,1
2026-05-31,38,7,71,71,63,79,0
2026-05-31,38,8,58,58,50,66,1
2026-05-31,38,9,72,81,52,101,1
2026-05-31,38,10,55,58,50,63,1
2026-05-31,38,11,69,77,49,97,0
2026-05-31,38,12,60,86,49,97,2
2026-05-31,38,13,53,54,43,64,0
2026-05-31,38,14,43,62,34,71,0
2026-05-31,38,15,59,82,44,97,0
2026-05-31,38,16,55,63,35,83,0
2026-05-31,38,17,38,38,33,43,0
2026-05-31,38,18,57,71,42,86,0
2026-05-31,38,19,52,52,47,57,1
2026-05-31,38,20,57,76,42,91,0
2026-05-31,39,1,63,78,54,87,0
2026-05-31,39,2,71,98,53,116,1
2026-05-31,39,3,61,61,55,67,1
2026-05-31,39,4,81,81,61,101,0
2026-05-31,39,5,73,100,54,119,0
2026-05-31,39,6,71,91,51,111,0
2026-05-31,39,7,53,53,38,68,0
2026-05-31,39,8,66,66,47,85,1
2026-05-31,39,9,92,130,79,143,3
2026-05-31,39,10,68,88,49,107,0
2026-05-31,39,11,58,58,53,63,0
2026-05-31,39,12,63,63,47,79,0
2026-05-31,39,13,56,60,42,74,1
2026-05-31,39,14,59,59,52,66,0
2026-05-31,39,15,66,82,53,95,0
2026-05-31,39,16,71,102,59,114,1
2026-05-31,39,17,53,68,41,80,1
2026-05-31,39,18,59,64,49,74,0
2026-05-31,39,19,68,68,53,83,0
2026-05-31,39,20,65,81,50,96,0
2026-05-31,40,1,79,79,69,89,0
2026-05-31,40,2,60,60,43,77,1
2026-05-31,40,3,50,74,45,79,1
2026-05-31,40,4,83,106,63,126,0
2026-05-31,40,5,71,85,63,93,0
2026-05-31,40,6,46,57,32,71,0
2026-05-31,40,7,77,77,63,91,1
2026-05-31,40,8,57,57,46,68,0
2026-05-31,40,9,71,99,56,114,2
2026-05-31,40,10,76,76,62,90,0
2026-05-31,40,11,84,84,68,100,2
2026-05-31,40,12,87,104,79,112,1
2026-05-31,40,13,71,71,51,91,0
2026-05-31,40,14,63,79,56,86,0
2026-05-31,40,15,66,82,46,102,1
2026-05-31,40,16,74,85,63,96,0
2026-05-31,40,17,61,61,53,69,1
2026-05-31,40,18,69,103,58,114,1
2026-05-31,40,19,62,68,46,84,1
2026-05-31,40,20,77,95,62,110,2
2026-05-31,41,1,47,47,38,56,0
2026-05-31,41,2,44,50,33,61,0
2026-05-31,41,3,50,50,32,68,1
2026-05-31,41,4,51,51,39,63,1
2026-05-31,41,5,46,58,32,72,0
2026-05-31,41,6,26,26,18,34,0
2026-05-31,41,7,51,57,38,70,0
2026-05-31,41,8,59,85,43,101,1
2026-05-31,41,9,52,76,41,87,1
2026-05-31,41,10,44,44,33,55,0
2026-05-31,41,11,53,56,36,73,1
2026-05-31,41,12,53,79,38,94,0
2026-05-31,41,13,51,58,40,69,1
2026-05-31,41,14,42,51,37,56,0
2026-05-31,41,15,51,74,36,89,2
2026-05-31,41,16,34,34,28,40,0
2026-05-31,41,17,44,44,26,62,0
2026-05-31,41,18,28,32,22,38,0
2026-05-31,41,19,36,36,25,47,0
2026-05-31,41,20,35,45,29,51,0
2026-05-31,42,1,57,64,48,73,0
2026-05-31,42,2,57,66,52,71,1
2026-05-31,42,3,71,86,53,104,1
2026-05-31,42,4,78,78,58,98,1
2026-05-31,42,5,59,68,41,86,1
2026-05-31,42,6,51,73,32,92,0
2026-05-31,42,7,61,61,51,71,0
2026-05-31,42,8,69,69,51,87,0
2026-05-31,42,9,66,66,58,74,0
2026-05-31,42,10,42,50,25,67,0
2026-05-31,42,11,64,64,45,83,1
2026-05-31,42,12,58,58,50,66,1
2026-05-31,42,13,57,75,44,88,1
2026-05-31,42,14,64,79,50,93,0
2026-05-31,42,15,56,60,49,67,0
2026-05-31,42,16,49,69,38,80,1
2026-05-31,42,17,70,70,50,90,0
2026-05-31,42,18,50,52,45,57,1
2026-05-31,42,19,41,56,35,62,1
2026-05-31,42,20,59,86,50,95,0
2026-05-31,43,1,71,103,62,112,0
2026-05-31,43,2,95,95,82,108,1
2026-05-31,43,3,69,89,62,96,0
2026-05-31,43,4,69,98,61,106,1
2026-05-31,43,5,58,58,49,67,0
2026-05-31,43,6,72,94,52,114,2
2026-05-31,43,7,85,106,65,126,2
2026-05-31,43,8,83,105,76,112,2
2026-05-31,43,9,75,75,68,82,1
2026-05-31,43,10,82,85,62,105,2
2026-05-31,43,11,92,92,86,98,2
2026-05-31,43,12,73,100,66,107,1
2026-05-31,43,13,83,114,68,129,1
2026-05-31,43,14,86,86,74,98,0
2026-05-31,43,15,84,84,75,93,1
2026-05-31,43,16,93,134,88,139,2
2026-05-31,43,17,77,82,68,91,1
2026-05-31,43,18,94,97,76,115,1
2026-05-31,43,19,65,78,56,87,1
2026-05-31,43,20,72,72,54,90,0
2026-05-31,44,1,59,77,40,96,2
2026-05-31,44,2,36,36,31,41,0
2026-05-31,44,3,51,51,38,64,0
2026-05-31,44,4,50,66,45,71,0
2026-05-31,44,5,51,54,39,66,0
2026-05-31,44,6,57,62,39,80,1
2026-05-31,44,7,46,46,41,51,1
2026-05-31,44,8,52,62,45,69,1
2026-05-31,44,9,53,60,39,74,0
2026-05-31,44,10,50,50,33,67,0
2026-05-31,44,11,54,54,41,67,0
2026-05-31,44,12,40,40,35,45,0
2026-05-31,44,13,49,49,44,54,0
2026-05-31,44,14,49,57,40,66,1
2026-05-31,44,15,49,56,43,62,0
2026-05-31,44,16,48,48,36,60,0
2026-05-31,44,17,39,50,32,57,0
2026-05-31,44,18,89,89,71,107,0
2026-05-31,44,19,48,70,34,84,0
2026-05-31,44,20,59,59,43,75,0
2026-05-31,45,1,57,67,50,74,1
2026-05-31,45,2,67,96,59,104,1
2026-05-31,45,3,70,70,51,89,0
2026-05-31,45,4,53,53,46,60,0
2026-05-31,45,5,37,43,32,48,0
2026-05-31,45,6,63,82,51,94,0
2026-05-31,45,7,62,74,42,94,0
2026-05-31,45,8,76,94,59,111,1
2026-05-31,45,9,66,66,54,78,1
2026-05-31,45,10,42,51,28,65,1
2026-05-31,45,11,65,65,60,70,0
2026-05-31,45,12,58,58,43,73,1
2026-05-31,45,13,49,49,41,57,0
2026-05-31,45,14,72,103,56,119,0
2026-05-31,45,15,55,67,46,76,1
2026-05-31,45,16,61,81,47,95,1
2026-05-31,45,17,71,80,53,98,2
2026-05-31,45,18,64,70,44,90,0
2026-05-31,45,19,88,117,69,136,2
2026-05-31,45,20,77,77,60,94,0
2026-05-31,46,1,81,103,64,120,2
2026-05-31,46,2,93,118,82,129,0
2026-05-31,46,3,73,73,58,88,0
2026-05-31,46,4,99,99,84,114,2
2026-05-31,46,5,59,59,45,73,1
2026-05-31,46,6,57,76,52,81,1
2026-05-31,46,7,68,79,55,92,0
2026-05-31,46,8,65,73,52,86,2
2026-05-31,46,9,78,95,66,107,2
2026-05-31,46,10,82,82,63,101,0
2026-05-31,46,11,79,111,64,126,0
2026-05-31,46,12,79,104,64,119,2
2026-05-31,46,13,71,73,63,81,0
2026-05-31,46,14,79,112,62,129,0
2026-05-31,46,15,79,82,70,91,1
2026-05-31,46,16,84,84,64,104,1
2026-05-31,46,17,72,82,53,101,1
2026-05-31,46,18,100,126,88,138,2
2026-05-31,46,19,81,96,70,107,2
2026-05-31,46,20,58,61,51,68,0
2026-05-31,47,1,96,96,87,105,1
2026-05-31,47,2,74,109,59,124,2
2026-05-31,47,3,105,105,87,123,0
2026-05-31,47,4,99,116,90,125,0
2026-05-31,47,5,107,115,89,133,0
2026-05-31,47,6,87,89,82,94,1
2026-05-31,47,7,70,76,64,82,1
2026-05-31,47,8,83,83,69,97,1
2026-05-31,47,9,100,115,81,134,3
2026-05-31,47,10,71,94,60,105,2
2026-05-31,47,11,104,144,88,160,2
2026-05-31,47,12,84,92,64,112,2
2026-05-31,47,13,88,88,77,99,1
2026-05-31,47,14,93,93,88,98,1
2026-05-31,47,15,98,113,81,130,0
2026-05-31,47,16,75,96,68,103,1
2026-05-31,47,17,92,132,85,139,2
2026-05-31,47,18,80,118,68,130,1
2026-05-31,47,19,78,78,59,97,0
2026-05-31,47,20,90,90,76,104,1
2026-05-31,48,1,71,98,52,117,0
2026-05-31,48,2,57,76,47,86,2
2026-05-31,48,3,54,62,47,69,0
2026-05-31,48,4,52,75,37,90,0
2026-05-31,48,5,55,55,35,75,0
2026-05-31,48,6,32,38,24,46,1
2026-05-31,48,7,47,47,30,64,1
2026-05-31,48,8,47,52,39,60,0
2026-05-31,48,9,56,71,41,86,0
2026-05-31,48,10,48,56,41,63,1
2026-05-31,48,11,57,68,43,82,0
2026-05-31,48,12,52,52,39,65,0
2026-05-31,48,13,50,50,39,61,1
2026-05-31,48,14,58,58,44,72,1
2026-05-31,48,15,56,65,49,72,1
2026-05-31,48,16,78,78,59,97,1
2026-05-31,48,17,64,64,49,79,0
2026-05-31,48,18,47,47,37,57,0
2026-05-31,48,19,51,66,46,71,1
2026-05-31,48,20,49,57,38,68,1
2026-05-31,49,1,53,65,39,79,1
2026-05-31,49,2,55,70,38,87,0
2026-05-31,49,3,52,52,35,69,0
2026-05-31,49,4,43,52,36,59,1
2026-05-31,49,5,40,55,29,66,0
2026-05-31,49,6,44,50,35,59,1
2026-05-31,49,7,56,81,44,93,0
2026-05-31,49,8,58,58,44,72,0
2026-05-31,49,9,49,60,35,74,1
2026-05-31,49,10,49,54,39,64,0
2026-05-31,49,11,69,75,52,92,0
2026-05-31,49,12,43,60,36,67,0
2026-05-31,49,13,36,40,22,54,0
2026-05-31,49,14,47,47,35,59,0
2026-05-31,49,15,34,34,27,41,0
2026-05-31,49,16,64,89,44,109,0
2026-05-31,49,17,41,52,35,58,0
2026-05-31,49,18,42,42,34,50,0
2026-05-31,49,19,41,57,25,73,1
2026-05-31,49,20,44,44,35,53,0
2026-05-31,50,1,85,94,68,111,2
2026-05-31,50,2,73,77,59,91,1
2026-05-31,50,3,40,59,34,65,0
2026-05-31,50,4,63,71,58,76,1
2026-05-31,50,5,53,69,45,77,1
2026-05-31,50,6,70,93,56,107,0
2026-05-31,50,7,68,68,52,84,0
2026-05-31,50,8,61,68,44,85,0
2026-05-31,50,9,65,79,56,88,1
2026-05-31,50,10,54,70,48,76,2
2026-05-31,50,11,63,80,49,94,1
2026-05-31,50,12,95,130,87,138,3
2026-05-31,50,13,69,69,52,86,0
2026-05-31,50,14,73,73,61,85,1
2026-05-31,50,15,69,69,52,86,0
2026-05-31,50,16,61,68,56,73,0
2026-05-31,50,17,59,59,46,72,0
2026-05-31,50,18,57,57,51,63,0
2026-05-31,50,19,53,77,36,94,0
2026-05-31,50,20,43,52,28,67,1
